UNITID,OPEID6,INSTNM,CONTROL,MAIN,CIPCODE,CIPDESC,CREDLEV,CREDDESC,IPEDSCOUNT1,IPEDSCOUNT2,DEBT_ALL_STGP_ANY_N,DEBT_ALL_STGP_ANY_MEAN,DEBT_ALL_STGP_ANY_MDN,DEBT_ALL_STGP_EVAL_N,DEBT_ALL_STGP_EVAL_MEAN,DEBT_ALL_STGP_EVAL_MDN,DEBT_ALL_PP_ANY_N,DEBT_ALL_PP_ANY_MEAN,DEBT_ALL_PP_ANY_MDN,DEBT_ALL_PP_EVAL_N,DEBT_ALL_PP_EVAL_MEAN,DEBT_ALL_PP_EVAL_MDN,DEBT_MALE_STGP_ANY_N,DEBT_MALE_STGP_ANY_MEAN,DEBT_MALE_STGP_ANY_MDN,DEBT_MALE_STGP_EVAL_N,DEBT_MALE_STGP_EVAL_MEAN,DEBT_MALE_STGP_EVAL_MDN,DEBT_MALE_PP_ANY_N,DEBT_MALE_PP_ANY_MEAN,DEBT_MALE_PP_ANY_MDN,DEBT_MALE_PP_EVAL_N,DEBT_MALE_PP_EVAL_MEAN,DEBT_MALE_PP_EVAL_MDN,DEBT_NOTMALE_STGP_ANY_N,DEBT_NOTMALE_STGP_ANY_MEAN,DEBT_NOTMALE_STGP_ANY_MDN,DEBT_NOTMALE_STGP_EVAL_N,DEBT_NOTMALE_STGP_EVAL_MEAN,DEBT_NOTMALE_STGP_EVAL_MDN,DEBT_NOTMALE_PP_ANY_N,DEBT_NOTMALE_PP_ANY_MEAN,DEBT_NOTMALE_PP_ANY_MDN,DEBT_NOTMALE_PP_EVAL_N,DEBT_NOTMALE_PP_EVAL_MEAN,DEBT_NOTMALE_PP_EVAL_MDN,DEBT_PELL_STGP_ANY_N,DEBT_PELL_STGP_ANY_MEAN,DEBT_PELL_STGP_ANY_MDN,DEBT_PELL_STGP_EVAL_N,DEBT_PELL_STGP_EVAL_MEAN,DEBT_PELL_STGP_EVAL_MDN,DEBT_PELL_PP_ANY_N,DEBT_PELL_PP_ANY_MEAN,DEBT_PELL_PP_ANY_MDN,DEBT_PELL_PP_EVAL_N,DEBT_PELL_PP_EVAL_MEAN,DEBT_PELL_PP_EVAL_MDN,DEBT_NOPELL_STGP_ANY_N,DEBT_NOPELL_STGP_ANY_MEAN,DEBT_NOPELL_STGP_ANY_MDN,DEBT_NOPELL_STGP_EVAL_N,DEBT_NOPELL_STGP_EVAL_MEAN,DEBT_NOPELL_STGP_EVAL_MDN,DEBT_NOPELL_PP_ANY_N,DEBT_NOPELL_PP_ANY_MEAN,DEBT_NOPELL_PP_ANY_MDN,DEBT_NOPELL_PP_EVAL_N,DEBT_NOPELL_PP_EVAL_MEAN,DEBT_NOPELL_PP_EVAL_MDN,DEBT_ALL_PP_ANY_MDN10YRPAY,DEBT_ALL_PP_EVAL_MDN10YRPAY,DEBT_ALL_STGP_ANY_MDN10YRPAY,DEBT_ALL_STGP_EVAL_MDN10YRPAY,EARN_COUNT_NWNE_HI_1YR,EARN_CNTOVER150_HI_1YR,EARN_COUNT_WNE_HI_1YR,EARN_MDN_HI_1YR,EARN_COUNT_NWNE_HI_2YR,EARN_CNTOVER150_HI_2YR,EARN_COUNT_WNE_HI_2YR,EARN_MDN_HI_2YR,BBRR2_FED_COMP_N,BBRR2_FED_COMP_DFLT,BBRR2_FED_COMP_DLNQ,BBRR2_FED_COMP_FBR,BBRR2_FED_COMP_DFR,BBRR2_FED_COMP_NOPROG,BBRR2_FED_COMP_MAKEPROG,BBRR2_FED_COMP_PAIDINFULL,BBRR2_FED_COMP_DISCHARGE,BBRR3_FED_COMP_N,BBRR3_FED_COMP_DFLT,BBRR3_FED_COMP_DLNQ,BBRR3_FED_COMP_FBR,BBRR3_FED_COMP_DFR,BBRR3_FED_COMP_NOPROG,BBRR3_FED_COMP_MAKEPROG,BBRR3_FED_COMP_PAIDINFULL,BBRR3_FED_COMP_DISCHARGE,EARN_COUNT_PELL_WNE_1YR,EARN_PELL_WNE_MDN_1YR,EARN_COUNT_NOPELL_WNE_1YR,EARN_NOPELL_WNE_MDN_1YR,EARN_COUNT_MALE_WNE_1YR,EARN_MALE_WNE_MDN_1YR,EARN_COUNT_NOMALE_WNE_1YR,EARN_NOMALE_WNE_MDN_1YR,EARN_COUNT_NE_3YR,EARN_NE_MDN_3YR,EARN_COUNT_WNE_3YR,EARN_CNTOVER150_3YR,EARN_COUNT_PELL_NE_3YR,EARN_PELL_NE_MDN_3YR,EARN_COUNT_NOPELL_NE_3YR,EARN_NOPELL_NE_MDN_3YR,EARN_COUNT_MALE_NE_3YR,EARN_MALE_NE_MDN_3YR,EARN_COUNT_NOMALE_NE_3YR,EARN_NOMALE_NE_MDN_3YR,EARN_COUNT_NWNE_1YR,EARN_COUNT_WNE_1YR,EARN_MDN_1YR,EARN_GT_THRESHOLD_1YR,EARN_COUNT_HIGH_CRED_1YR,EARN_IN_STATE_1YR,EARN_COUNT_NWNE_4YR,EARN_COUNT_WNE_4YR,EARN_MDN_4YR,EARN_GT_THRESHOLD_4YR,EARN_COUNT_PELL_WNE_4YR,EARN_PELL_WNE_MDN_4YR,EARN_COUNT_NOPELL_WNE_4YR,EARN_NOPELL_WNE_MDN_4YR,EARN_COUNT_MALE_WNE_4YR,EARN_MALE_WNE_MDN_4YR,EARN_COUNT_NOMALE_WNE_4YR,EARN_NOMALE_WNE_MDN_4YR,EARN_COUNT_HIGH_CRED_4YR,EARN_IN_STATE_4YR,BBRR1_FED_COMP_N,BBRR1_FED_COMP_DFLT,BBRR1_FED_COMP_DLNQ,BBRR1_FED_COMP_FBR,BBRR1_FED_COMP_DFR,BBRR1_FED_COMP_NOPROG,BBRR1_FED_COMP_MAKEPROG,BBRR1_FED_COMP_PAIDINFULL,BBRR1_FED_COMP_DISCHARGE,BBRR4_FED_COMP_N,BBRR4_FED_COMP_DFLT,BBRR4_FED_COMP_DLNQ,BBRR4_FED_COMP_FBR,BBRR4_FED_COMP_DFR,BBRR4_FED_COMP_NOPROG,BBRR4_FED_COMP_MAKEPROG,BBRR4_FED_COMP_PAIDINFULL,BBRR4_FED_COMP_DISCHARGE,DISTANCE,EARN_COUNT_NWNE_5YR,EARN_COUNT_WNE_5YR,EARN_MDN_5YR,EARN_GT_THRESHOLD_5YR,EARN_COUNT_PELL_WNE_5YR,EARN_PELL_WNE_MDN_5YR,EARN_COUNT_NOPELL_WNE_5YR,EARN_NOPELL_WNE_MDN_5YR,EARN_COUNT_MALE_WNE_5YR,EARN_MALE_WNE_MDN_5YR,EARN_COUNT_NOMALE_WNE_5YR,EARN_NOMALE_WNE_MDN_5YR,EARN_COUNT_HIGH_CRED_5YR,EARN_IN_STATE_5YR,EARN_COUNT_WNE_4YR_NAT,EARN_MDN_4YR_NAT,EARN_P25_4YR_NAT,EARN_P75_4YR_NAT
100654,001002,Alabama A & M University,Public,1,5208,Finance and Financial Management Services.,3,Bachelor's Degree,5,9,PS,PS,PS,PS,PS,PS,PS,PS,PS,PS,PS,PS,PS,PS,PS,PS,PS,PS,PS,PS,PS,PS,PS,PS,PS,PS,PS,PS,PS,PS,PS,PS,PS,PS,PS,PS,PS,PS,PS,PS,PS,PS,PS,PS,PS,PS,PS,PS,PS,PS,PS,PS,PS,PS,PS,PS,PS,PS,PS,PS,PS,PS,PS,PS,0,PS,PS,PS,0,19,21,37568,13,PS,PS,PS,PS,PS,PS,PS,PS,22,PS,PS,PS,PS,PS,PS,PS,PS,PS,PS,PS,PS,PS,PS,PS,PS,18,52569,17,16,PS,PS,PS,PS,PS,PS,PS,PS,2,PS,PS,PS,PS,PS,0,PS,PS,PS,PS,PS,PS,PS,PS,PS,PS,PS,PS,PS,13,PS,PS,PS,PS,PS,PS,PS,PS,22,PS,PS,0.40 - 0.59,PS,PS,PS,PS,PS,1,0,18,56731,PS,PS,PS,PS,PS,PS,PS,PS,PS,PS,PS,43799,83343,60801,111527
100663,001052,University of Alabama at Birmingham,Public,1,5208,Finance and Financial Management Services.,3,Bachelor's Degree,51,94,45,PS,22500,45,PS,19000,PS,PS,PS,PS,PS,PS,28,PS,PS,28,PS,PS,PS,PS,PS,PS,PS,PS,17,PS,PS,17,PS,PS,PS,PS,PS,PS,PS,PS,34,PS,PS,34,PS,PS,PS,PS,PS,PS,PS,PS,11,PS,PS,11,PS,PS,PS,PS,PS,PS,PS,PS,PS,PS,239,201,3,42,46,44954,1,20,21,45529,41,PS,PS,0.20 - 0.39,PS,0.20 - 0.39,PS,PS,PS,29,PS,PS,0.20 - 0.39,PS,PS,PS,PS,PS,PS,PS,PS,PS,28,52412,18,49491,21,49320,21,19,17,44772,PS,PS,17,49965,PS,PS,3,47,50939,41,PS,41,1,48,66980,PS,PS,PS,PS,PS,PS,PS,PS,PS,PS,PS,44,PS,PS,0.40 - 0.59,PS,PS,PS,PS,PS,29,PS,PS,0.60 - 0.79,PS,PS,PS,PS,PS,2,1,17,71298,16,PS,PS,PS,PS,PS,PS,PS,PS,PS,PS,43799,83343,60801,111527
100706,001055,University of Alabama in Huntsville,Public,1,5208,Finance and Financial Management Services.,3,Bachelor's Degree,43,33,18,PS,PS,18,PS,PS,PS,PS,PS,PS,PS,PS,PS,PS,PS,PS,PS,PS,PS,PS,PS,PS,PS,PS,PS,PS,PS,PS,PS,PS,PS,PS,PS,PS,PS,PS,PS,PS,PS,PS,PS,PS,PS,PS,PS,PS,PS,PS,PS,PS,PS,PS,PS,PS,PS,PS,PS,PS,PS,PS,PS,PS,PS,PS,0,19,23,44794,1,10,12,41565,26,PS,PS,PS,PS,PS,0.40 - 0.59,PS,PS,17,PS,PS,PS,PS,PS,PS,PS,PS,PS,PS,PS,PS,PS,PS,PS,PS,PS,PS,PS,PS,PS,PS,PS,PS,PS,PS,PS,PS,1,16,56584,PS,PS,PS,1,23,89472,PS,PS,PS,PS,PS,PS,PS,PS,PS,PS,PS,20,PS,PS,PS,PS,PS,PS,PS,PS,17,PS,PS,PS,PS,PS,PS,PS,PS,2,1,PS,PS,PS,PS,PS,PS,PS,PS,PS,PS,PS,PS,PS,43799,83343,60801,111527
100724,001005,Alabama State University,Public,1,5208,Finance and Financial Management Services.,3,Bachelor's Degree,10,14,PS,PS,PS,PS,PS,PS,PS,PS,PS,PS,PS,PS,PS,PS,PS,PS,PS,PS,PS,PS,PS,PS,PS,PS,PS,PS,PS,PS,PS,PS,PS,PS,PS,PS,PS,PS,PS,PS,PS,PS,PS,PS,PS,PS,PS,PS,PS,PS,PS,PS,PS,PS,PS,PS,PS,PS,PS,PS,PS,PS,PS,PS,PS,PS,1,PS,PS,PS,PS,PS,PS,PS,PS,PS,PS,PS,PS,PS,PS,PS,PS,10,PS,PS,PS,PS,PS,PS,PS,PS,PS,PS,PS,PS,PS,PS,PS,PS,PS,PS,PS,PS,PS,PS,PS,PS,PS,PS,PS,PS,1,PS,PS,PS,PS,PS,2,PS,PS,PS,PS,PS,PS,PS,PS,PS,PS,PS,PS,PS,PS,PS,PS,PS,PS,PS,PS,PS,PS,10,PS,PS,PS,PS,PS,PS,PS,PS,1,2,PS,PS,PS,PS,PS,PS,PS,PS,PS,PS,PS,PS,PS,43799,83343,60801,111527
100751,001051,The University of Alabama,Public,1,5208,Finance and Financial Management Services.,3,Bachelor's Degree,540,572,328,21473,25000,327,20823,23250,105,83660,75585,103,81910,73042,232,21207,24250,231,20472,22500,67,80519,75011,65,78325,63634,96,PS,25000,96,PS,25000,38,PS,82265,38,PS,82265,106,PS,26500,106,PS,25000,41,78012,75585,40,75981,62867,222,19960,22910,221,19773,22250,64,87278,77559,63,85674,75011,899,869,265,246,6,209,232,48795,5,113,121,52643,219,<=0.05,<=0.05,0.15 - 0.19,0.05 - 0.09,0.15 - 0.19,0.45 - 0.49,0.10 - 0.14,<=0.05,149,<=0.10,<=0.10,0.10 - 0.19,<=0.10,0.10 - 0.19,0.40 - 0.49,0.10 - 0.19,<=0.10,108,51259,211,58631,226,57237,93,55337,137,62843,124,121,62,65233,75,62200,106,64072,30,62835,12,319,55580,269,PS,73,3,290,85020,PS,61,77721,76,65866,101,71405,36,73537,21,44,284,<=0.05,<=0.05,0.55 - 0.59,<=0.05,0.10 - 0.14,0.15 - 0.19,0.05 - 0.09,<=0.05,149,<=0.10,<=0.10,0.40 - 0.49,<=0.10,<=0.10,0.10 - 0.19,0.20 - 0.29,<=0.10,1,5,138,84758,128,61,90393,77,78900,103,85325,35,80547,24,39,43799,83343,60801,111527
100830,008310,Auburn University at Montgomery,Public,1,5208,Finance and Financial Management Services.,3,Bachelor's Degree,17,20,19,32933,33875,18,29145,PS,PS,PS,PS,PS,PS,PS,PS,PS,PS,PS,PS,PS,PS,PS,PS,PS,PS,PS,PS,PS,PS,PS,PS,PS,PS,PS,PS,PS,PS,PS,PS,PS,PS,PS,PS,PS,PS,PS,PS,PS,PS,PS,PS,PS,PS,PS,PS,PS,PS,PS,PS,PS,PS,PS,PS,PS,359,PS,1,PS,PS,PS,1,21,23,41193,16,PS,PS,PS,PS,PS,PS,PS,PS,23,PS,PS,PS,PS,PS,PS,PS,PS,PS,PS,PS,PS,PS,PS,PS,PS,25,41787,24,22,20,42800,PS,PS,PS,PS,PS,PS,0,18,39183,PS,PS,16,1,PS,PS,PS,16,47875,PS,PS,PS,PS,PS,PS,PS,PS,18,PS,PS,PS,PS,PS,PS,PS,PS,23,PS,PS,0.40 - 0.59,PS,PS,PS,PS,PS,1,4,20,53323,17,PS,PS,PS,PS,PS,PS,PS,PS,PS,PS,43799,83343,60801,111527
100858,001009,Auburn University,Public,1,5208,Finance and Financial Management Services.,3,Bachelor's Degree,313,323,135,19698,20500,132,19178,19500,32,80798,85921,31,80213,84000,94,19866,21000,92,19362,20125,PS,PS,PS,PS,PS,PS,41,19313,19500,40,18754,19500,PS,PS,PS,PS,PS,PS,59,22609,23250,58,21522,22278,14,66392,PS,13,67573,PS,76,17438,18875,74,17340,18500,18,PS,PS,18,PS,PS,1022,999,217,207,2,134,141,46598,1,119,132,43732,118,<=0.10,<=0.10,0.10 - 0.19,<=0.10,<=0.10,0.50 - 0.59,0.10 - 0.19,<=0.10,133,<=0.10,<=0.10,0.10 - 0.19,<=0.10,0.10 - 0.19,0.40 - 0.49,0.10 - 0.19,<=0.10,67,56685,80,55599,103,56339,44,54005,125,60801,116,110,62,55956,64,62732,102,63323,25,46832,7,147,55875,128,PS,58,3,154,84352,PS,60,67513,71,72599,104,74449,27,63283,PS,49,135,<=0.10,<=0.10,0.50 - 0.59,<=0.10,<=0.10,0.20 - 0.29,<=0.10,<=0.10,133,<=0.10,<=0.10,0.40 - 0.49,<=0.10,<=0.10,0.20 - 0.29,0.20 - 0.29,<=0.10,1,3,129,83481,120,56,81472,73,84547,98,89462,30,66881,PS,46,43799,83343,60801,111527
101480,001020,Jacksonville State University,Public,1,5208,Finance and Financial Management Services.,3,Bachelor's Degree,25,35,24,18051,14875,23,18075,15000,PS,PS,PS,PS,PS,PS,14,16763,PS,13,17072,PS,PS,PS,PS,PS,PS,PS,10,PS,PS,10,PS,PS,PS,PS,PS,PS,PS,PS,14,PS,PS,PS,PS,PS,PS,PS,PS,PS,PS,PS,10,17748,PS,PS,PS,PS,PS,PS,PS,PS,PS,PS,PS,PS,158,159,0,35,38,38501,1,24,28,35060,36,PS,PS,PS,PS,0.20 - 0.39,0.20 - 0.39,PS,PS,34,PS,PS,0.40 - 0.59,PS,PS,0.20 - 0.39,PS,PS,PS,PS,PS,PS,PS,PS,PS,PS,27,38259,28,24,21,36658,PS,PS,PS,PS,PS,PS,2,26,39457,19,PS,23,0,26,70025,PS,21,46228,PS,PS,PS,PS,PS,PS,PS,22,21,PS,PS,0.40 - 0.59,PS,PS,PS,PS,PS,34,PS,PS,0.60 - 0.79,PS,PS,PS,PS,PS,3,1,28,58732,28,PS,PS,PS,PS,PS,PS,PS,PS,PS,24,43799,83343,60801,111527
101587,001024,University of West Alabama,Public,1,5208,Finance and Financial Management Services.,3,Bachelor's Degree,2,2,PS,PS,PS,PS,PS,PS,PS,PS,PS,PS,PS,PS,PS,PS,PS,PS,PS,PS,PS,PS,PS,PS,PS,PS,PS,PS,PS,PS,PS,PS,PS,PS,PS,PS,PS,PS,PS,PS,PS,PS,PS,PS,PS,PS,PS,PS,PS,PS,PS,PS,PS,PS,PS,PS,PS,PS,PS,PS,PS,PS,PS,PS,PS,PS,PS,PS,PS,PS,PS,PS,PS,PS,PS,PS,PS,PS,PS,PS,PS,PS,PS,PS,PS,PS,PS,PS,PS,PS,PS,PS,PS,PS,PS,PS,PS,PS,PS,PS,PS,PS,PS,PS,PS,PS,PS,PS,PS,PS,PS,PS,PS,PS,PS,PS,PS,PS,0,PS,PS,PS,PS,PS,PS,PS,PS,PS,PS,PS,PS,PS,PS,PS,PS,PS,PS,PS,PS,PS,PS,PS,PS,PS,PS,PS,PS,PS,PS,PS,2,0,PS,PS,PS,PS,PS,PS,PS,PS,PS,PS,PS,PS,PS,43799,83343,60801,111527
101709,001004,University of Montevallo,Public,1,5208,Finance and Financial Management Services.,3,Bachelor's Degree,11,14,PS,PS,PS,PS,PS,PS,PS,PS,PS,PS,PS,PS,PS,PS,PS,PS,PS,PS,PS,PS,PS,PS,PS,PS,PS,PS,PS,PS,PS,PS,PS,PS,PS,PS,PS,PS,PS,PS,PS,PS,PS,PS,PS,PS,PS,PS,PS,PS,PS,PS,PS,PS,PS,PS,PS,PS,PS,PS,PS,PS,PS,PS,PS,PS,0,PS,PS,PS,1,12,13,44384,10,PS,PS,PS,PS,PS,PS,PS,PS,13,PS,PS,PS,PS,PS,PS,PS,PS,PS,PS,PS,PS,PS,PS,PS,PS,PS,PS,PS,PS,PS,PS,PS,PS,PS,PS,PS,PS,0,PS,PS,PS,PS,PS,2,16,48160,PS,PS,PS,PS,PS,PS,PS,PS,PS,PS,PS,16,PS,PS,PS,PS,PS,PS,PS,PS,13,PS,PS,PS,PS,PS,PS,PS,PS,1,2,PS,PS,PS,PS,PS,PS,PS,PS,PS,PS,PS,PS,PS,43799,83343,60801,111527
101879,001016,University of North Alabama,Public,1,5208,Finance and Financial Management Services.,3,Bachelor's Degree,23,32,40,22024,22250,39,20284,18500,10,PS,PS,10,PS,PS,25,21440,PS,24,19068,PS,PS,PS,PS,PS,PS,PS,15,PS,PS,15,PS,PS,PS,PS,PS,PS,PS,PS,21,PS,26000,21,PS,PS,PS,PS,PS,PS,PS,PS,19,16779,17144,18,16072,PS,PS,PS,PS,PS,PS,PS,PS,PS,236,196,3,27,32,33699,0,13,15,36141,17,PS,PS,PS,PS,PS,PS,PS,PS,21,PS,PS,PS,PS,PS,PS,PS,PS,PS,PS,PS,PS,PS,PS,PS,PS,PS,PS,PS,PS,PS,PS,PS,PS,PS,PS,PS,PS,3,33,43512,24,PS,30,0,35,51994,PS,PS,PS,PS,PS,PS,PS,PS,PS,PS,PS,37,PS,PS,0.40 - 0.59,PS,PS,PS,PS,PS,21,PS,PS,0.40 - 0.59,PS,PS,PS,PS,PS,1,0,19,64564,18,PS,PS,PS,PS,PS,PS,PS,PS,PS,PS,43799,83343,60801,111527
101912,001033,Oakwood University,"Private, nonprofit",1,5208,Finance and Financial Management Services.,3,Bachelor's Degree,6,0,PS,PS,PS,PS,PS,PS,PS,PS,PS,PS,PS,PS,PS,PS,PS,PS,PS,PS,PS,PS,PS,PS,PS,PS,PS,PS,PS,PS,PS,PS,PS,PS,PS,PS,PS,PS,PS,PS,PS,PS,PS,PS,PS,PS,PS,PS,PS,PS,PS,PS,PS,PS,PS,PS,PS,PS,PS,PS,PS,PS,PS,PS,PS,PS,0,PS,PS,PS,PS,PS,PS,PS,PS,PS,PS,PS,PS,PS,PS,PS,PS,PS,PS,PS,PS,PS,PS,PS,PS,PS,PS,PS,PS,PS,PS,PS,PS,PS,PS,PS,PS,PS,PS,PS,PS,PS,PS,PS,PS,PS,1,PS,PS,PS,PS,PS,0,PS,PS,PS,PS,PS,PS,PS,PS,PS,PS,PS,PS,PS,PS,PS,PS,PS,PS,PS,PS,PS,PS,PS,PS,PS,PS,PS,PS,PS,PS,PS,1,0,PS,PS,PS,PS,PS,PS,PS,PS,PS,PS,PS,PS,PS,43799,83343,60801,111527
102049,001036,Samford University,"Private, nonprofit",1,5208,Finance and Financial Management Services.,3,Bachelor's Degree,50,53,30,PS,19000,30,PS,19000,13,PS,PS,13,PS,PS,PS,PS,PS,PS,PS,PS,PS,PS,PS,PS,PS,PS,PS,PS,PS,PS,PS,PS,PS,PS,PS,PS,PS,PS,PS,PS,PS,PS,PS,PS,PS,PS,PS,PS,PS,PS,PS,PS,PS,PS,PS,PS,PS,PS,PS,PS,PS,PS,PS,PS,201,201,1,27,29,40304,1,20,21,52941,27,PS,PS,PS,PS,PS,0.40 - 0.59,PS,PS,23,PS,PS,PS,PS,PS,0.40 - 0.59,PS,PS,PS,PS,PS,PS,PS,PS,PS,PS,21,67171,21,21,PS,PS,PS,PS,19,70140,PS,PS,1,25,53059,20,PS,PS,0,25,93444,PS,PS,PS,17,70488,21,75240,PS,PS,PS,PS,17,PS,PS,PS,PS,PS,PS,PS,PS,23,PS,PS,PS,PS,PS,PS,PS,PS,1,0,24,85275,25,PS,PS,PS,PS,PS,PS,PS,PS,PS,PS,43799,83343,60801,111527
102094,001057,University of South Alabama,Public,1,5208,Finance and Financial Management Services.,3,Bachelor's Degree,37,31,63,PS,28500,63,PS,27000,18,38592,PS,17,39877,PS,39,PS,27000,39,PS,24251,PS,PS,PS,PS,PS,PS,24,PS,32615,24,PS,32615,PS,PS,PS,PS,PS,PS,43,PS,31000,43,PS,29000,PS,PS,PS,PS,PS,PS,20,PS,24625,20,PS,22419,PS,PS,PS,PS,PS,PS,PS,PS,302,286,2,40,47,32755,0,33,40,38018,37,PS,PS,PS,PS,PS,0.40 - 0.59,PS,PS,40,PS,PS,PS,PS,0.20 - 0.39,PS,PS,PS,38,43158,16,40882,31,42918,23,31856,41,47100,38,33,32,46661,PS,PS,21,53513,19,44583,4,54,41657,41,PS,38,0,58,62084,PS,35,55222,PS,PS,24,61578,21,47700,PS,23,56,<=0.20,<=0.20,0.60 - 0.79,<=0.20,<=0.20,<=0.20,<=0.20,<=0.20,40,PS,PS,0.60 - 0.79,PS,PS,PS,PS,PS,1,0,43,65107,38,PS,PS,PS,PS,22,81067,21,63604,PS,23,43799,83343,60801,111527
102368,001047,Troy University,Public,1,5208,Finance and Financial Management Services.,3,Bachelor's Degree,,,PS,PS,PS,PS,PS,PS,PS,PS,PS,PS,PS,PS,PS,PS,PS,PS,PS,PS,PS,PS,PS,PS,PS,PS,PS,PS,PS,PS,PS,PS,PS,PS,PS,PS,PS,PS,PS,PS,PS,PS,PS,PS,PS,PS,PS,PS,PS,PS,PS,PS,PS,PS,PS,PS,PS,PS,PS,PS,PS,PS,PS,PS,PS,PS,1,PS,PS,PS,PS,PS,PS,PS,PS,PS,PS,PS,PS,PS,PS,PS,PS,PS,PS,PS,PS,PS,PS,PS,PS,PS,PS,PS,PS,PS,PS,PS,PS,PS,PS,PS,PS,PS,PS,PS,PS,PS,PS,PS,PS,PS,PS,PS,PS,PS,PS,PS,2,PS,PS,PS,PS,PS,PS,PS,PS,PS,PS,PS,PS,PS,PS,PS,PS,PS,PS,PS,PS,PS,PS,PS,PS,PS,PS,PS,PS,PS,PS,PS,0,2,PS,PS,PS,PS,PS,PS,PS,PS,PS,PS,PS,PS,PS,43799,83343,60801,111527
102377,001050,Tuskegee University,"Private, nonprofit",1,5208,Finance and Financial Management Services.,3,Bachelor's Degree,6,10,11,PS,PS,11,PS,PS,PS,PS,PS,PS,PS,PS,PS,PS,PS,PS,PS,PS,PS,PS,PS,PS,PS,PS,PS,PS,PS,PS,PS,PS,PS,PS,PS,PS,PS,PS,PS,PS,PS,PS,PS,PS,PS,PS,PS,PS,PS,PS,PS,PS,PS,PS,PS,PS,PS,PS,PS,PS,PS,PS,PS,PS,PS,PS,0,PS,PS,PS,0,13,15,57318,16,PS,PS,PS,PS,PS,PS,PS,PS,18,PS,PS,PS,PS,PS,PS,PS,PS,PS,PS,PS,PS,PS,PS,PS,PS,PS,PS,PS,PS,PS,PS,PS,PS,PS,PS,PS,PS,1,PS,PS,PS,PS,PS,0,PS,PS,PS,PS,PS,PS,PS,PS,PS,PS,PS,PS,PS,11,PS,PS,PS,PS,PS,PS,PS,PS,18,PS,PS,PS,PS,PS,PS,PS,PS,1,0,PS,PS,PS,PS,PS,PS,PS,PS,PS,PS,PS,PS,PS,43799,83343,60801,111527
102553,011462,University of Alaska Anchorage,Public,1,5208,Finance and Financial Management Services.,3,Bachelor's Degree,15,11,18,15866,PS,15,16430,PS,PS,PS,PS,PS,PS,PS,PS,PS,PS,PS,PS,PS,PS,PS,PS,PS,PS,PS,PS,PS,PS,PS,PS,PS,PS,PS,PS,PS,PS,PS,PS,PS,PS,PS,PS,PS,PS,PS,PS,PS,PS,PS,PS,PS,PS,PS,PS,PS,PS,PS,PS,PS,PS,PS,PS,PS,PS,PS,3,20,21,46628,2,28,30,47260,20,PS,PS,PS,PS,PS,PS,PS,PS,21,PS,PS,PS,PS,PS,PS,PS,PS,PS,PS,PS,PS,PS,PS,PS,PS,29,58933,29,28,23,58343,PS,PS,PS,PS,17,47881,1,19,52706,PS,PS,PS,2,29,84736,PS,18,62776,PS,PS,PS,PS,PS,PS,PS,PS,11,PS,PS,PS,PS,PS,PS,PS,PS,21,PS,PS,PS,PS,PS,PS,PS,PS,1,2,26,77453,23,PS,PS,PS,PS,PS,PS,PS,PS,PS,17,43799,83343,60801,111527
104151,001081,Arizona State University Campus Immersion,Public,1,5208,Finance and Financial Management Services.,3,Bachelor's Degree,446,436,263,17730,18000,262,16553,17250,72,PS,31358,72,PS,31358,215,17438,17750,214,16329,16828,55,PS,PS,55,PS,PS,48,PS,19363,48,PS,19062,17,PS,PS,17,PS,PS,130,19504,18314,129,17623,17500,25,PS,25492,25,PS,25492,133,PS,17750,133,PS,16656,47,PS,40668,47,PS,40668,373,373,191,183,6,203,226,53254,11,173,185,56748,197,<=0.10,<=0.10,0.10 - 0.19,<=0.10,0.10 - 0.19,0.40 - 0.49,0.10 - 0.19,<=0.10,188,<=0.10,<=0.10,0.10 - 0.19,<=0.10,0.10 - 0.19,0.40 - 0.49,0.20 - 0.29,<=0.10,152,62968,128,63436,225,62035,55,64180,187,60495,165,153,120,59881,67,60857,134,60454,54,59883,13,280,63054,244,PS,208,11,321,90960,173,121,75927,70,75368,137,75055,54,73400,17,128,214,<=0.05,<=0.05,0.55 - 0.59,<=0.05,0.05 - 0.09,0.15 - 0.19,0.10 - 0.14,<=0.05,188,<=0.10,<=0.10,0.40 - 0.49,<=0.10,<=0.10,0.10 - 0.19,0.20 - 0.29,<=0.10,1,22,180,90586,174,110,90076,70,90825,128,92845,52,84392,20,119,43799,83343,60801,111527
104179,001083,University of Arizona,Public,1,5208,Finance and Financial Management Services.,3,Bachelor's Degree,219,203,142,19126,20628,141,18438,19500,66,51977,33237,64,52725,33310,98,19289,20938,97,18440,19950,43,53363,33715,41,54598,33715,44,PS,19500,44,PS,19500,23,PS,26900,23,PS,26900,58,20220,21639,57,18777,19500,28,45503,24407,27,46392,25500,84,PS,19725,84,PS,19500,38,56747,36155,37,57346,36000,395,396,219,207,4,150,161,57250,3,129,139,60023,148,<=0.10,<=0.10,0.10 - 0.19,<=0.10,<=0.10,0.40 - 0.49,0.20 - 0.29,<=0.10,125,<=0.10,<=0.10,0.10 - 0.19,<=0.10,<=0.10,0.50 - 0.59,0.20 - 0.29,<=0.10,69,63745,83,68071,101,64406,52,70331,143,71833,136,130,72,69425,71,73552,103,71263,40,75931,7,152,66427,136,PS,83,3,148,100938,PS,66,84035,69,85818,94,87023,41,82314,PS,51,130,<=0.10,<=0.10,0.40 - 0.49,<=0.10,<=0.10,0.20 - 0.29,0.10 - 0.19,<=0.10,125,<=0.10,<=0.10,0.30 - 0.39,<=0.10,<=0.10,0.20 - 0.29,0.30 - 0.39,<=0.10,1,2,137,106340,132,67,104325,70,105078,98,109363,39,100094,PS,51,43799,83343,60801,111527
104717,001074,Grand Canyon University,"Private, for-profit",1,5208,Finance and Financial Management Services.,3,Bachelor's Degree,163,219,237,28414,27000,223,24535,24500,30,23588,15519,21,23511,18500,150,26927,25700,140,23933,24114,PS,PS,PS,PS,PS,PS,87,30977,30586,83,25549,25000,PS,PS,PS,PS,PS,PS,158,31992,30999,147,26502,25000,PS,PS,PS,PS,PS,PS,79,21258,20500,76,20730,21715,PS,PS,PS,PS,PS,PS,185,220,286,260,2,100,122,45302,2,60,69,52357,120,<=0.10,<=0.10,0.30 - 0.39,<=0.10,0.10 - 0.19,0.20 - 0.29,0.10 - 0.19,<=0.10,89,<=0.20,<=0.20,0.20 - 0.39,<=0.20,<=0.20,<=0.20,<=0.20,<=0.20,138,55565,68,48520,136,53638,70,53923,81,56243,63,54,54,53371,28,62805,54,61947,25,53275,11,206,53853,169,PS,117,4,196,72124,PS,55,69841,25,79089,50,74217,29,69408,21,48,202,<=0.05,<=0.05,0.60 - 0.64,0.05 - 0.09,0.10 - 0.14,0.10 - 0.14,0.05 - 0.09,<=0.05,89,<=0.20,<=0.20,0.40 - 0.59,<=0.20,<=0.20,<=0.20,<=0.20,<=0.20,3,6,86,80158,74,58,72778,27,90818,55,81246,31,74092,28,49,43799,83343,60801,111527
105330,001082,Northern Arizona University,Public,1,5208,Finance and Financial Management Services.,3,Bachelor's Degree,151,129,182,19935,20594,180,19595,20375,73,PS,30075,73,PS,30075,125,20053,20500,123,19782,20235,50,PS,30160,50,PS,30160,57,PS,21750,57,PS,20689,23,PS,27391,23,PS,27391,95,21154,20815,93,20784,20250,28,PS,27494,28,PS,27494,87,PS,20500,87,PS,20500,45,PS,34310,45,PS,34310,358,358,218,216,3,152,163,47785,1,104,108,47930,122,<=0.10,<=0.10,0.10 - 0.19,<=0.10,0.10 - 0.19,0.50 - 0.59,0.10 - 0.19,<=0.10,106,<=0.10,<=0.10,0.10 - 0.19,<=0.10,<=0.10,0.40 - 0.49,0.10 - 0.19,<=0.10,99,51476,81,58300,130,56135,50,53371,101,55211,94,89,50,52360,51,60348,73,58776,28,48947,4,180,53962,148,PS,122,2,181,77855,PS,47,60188,56,63123,73,63296,30,56200,PS,57,182,<=0.10,<=0.10,0.50 - 0.59,<=0.10,<=0.10,0.10 - 0.19,<=0.10,<=0.10,106,<=0.10,<=0.10,0.40 - 0.49,<=0.10,<=0.10,0.20 - 0.29,0.10 - 0.19,<=0.10,1,3,108,73322,98,50,69930,58,73540,73,76249,35,66613,PS,64,43799,83343,60801,111527
105367,001937,Ottawa University-Phoenix,"Private, nonprofit",0,5208,Finance and Financial Management Services.,3,Bachelor's Degree,1,,PS,PS,PS,PS,PS,PS,PS,PS,PS,PS,PS,PS,PS,PS,PS,PS,PS,PS,PS,PS,PS,PS,PS,PS,PS,PS,PS,PS,PS,PS,PS,PS,PS,PS,PS,PS,PS,PS,PS,PS,PS,PS,PS,PS,PS,PS,PS,PS,PS,PS,PS,PS,PS,PS,PS,PS,PS,PS,PS,PS,PS,PS,PS,PS,0,PS,PS,PS,PS,PS,PS,PS,PS,PS,PS,PS,PS,PS,PS,PS,PS,PS,PS,PS,PS,PS,PS,PS,PS,PS,PS,PS,PS,PS,PS,PS,PS,PS,PS,PS,PS,PS,PS,PS,PS,PS,PS,PS,PS,PS,3,PS,PS,PS,PS,PS,PS,PS,PS,PS,PS,PS,PS,PS,PS,PS,PS,PS,PS,PS,PS,PS,PS,PS,PS,PS,PS,PS,PS,PS,PS,PS,PS,PS,PS,PS,PS,PS,0,PS,PS,PS,PS,PS,PS,PS,PS,PS,PS,PS,PS,PS,PS,43799,83343,60801,111527
106245,001101,University of Arkansas at Little Rock,Public,1,5208,Finance and Financial Management Services.,3,Bachelor's Degree,19,14,25,22434,20152,22,17879,15076,PS,PS,PS,PS,PS,PS,PS,PS,PS,PS,PS,PS,PS,PS,PS,PS,PS,PS,PS,PS,PS,PS,PS,PS,PS,PS,PS,PS,PS,PS,13,25456,PS,12,17848,PS,PS,PS,PS,PS,PS,PS,12,19159,PS,10,17916,PS,PS,PS,PS,PS,PS,PS,PS,PS,214,160,1,25,28,39400,5,25,29,44869,16,PS,PS,PS,PS,PS,PS,PS,PS,27,PS,PS,PS,PS,PS,PS,PS,PS,PS,PS,PS,PS,PS,PS,PS,PS,34,43389,29,20,31,42906,PS,PS,20,34820,PS,PS,0,29,60521,27,PS,24,4,26,71526,PS,26,49403,PS,PS,16,62205,PS,PS,PS,24,26,PS,PS,PS,PS,PS,PS,PS,PS,27,PS,PS,0.40 - 0.59,PS,PS,PS,PS,PS,1,5,29,61945,23,PS,PS,PS,PS,PS,PS,PS,PS,PS,25,43799,83343,60801,111527
106342,001088,Lyon College,"Private, nonprofit",1,5208,Finance and Financial Management Services.,3,Bachelor's Degree,13,12,PS,PS,PS,PS,PS,PS,PS,PS,PS,PS,PS,PS,PS,PS,PS,PS,PS,PS,PS,PS,PS,PS,PS,PS,PS,PS,PS,PS,PS,PS,PS,PS,PS,PS,PS,PS,PS,PS,PS,PS,PS,PS,PS,PS,PS,PS,PS,PS,PS,PS,PS,PS,PS,PS,PS,PS,PS,PS,PS,PS,PS,PS,PS,PS,0,PS,PS,PS,PS,PS,PS,PS,PS,PS,PS,PS,PS,PS,PS,PS,PS,PS,PS,PS,PS,PS,PS,PS,PS,PS,PS,PS,PS,PS,PS,PS,PS,PS,PS,PS,PS,PS,PS,PS,PS,PS,PS,PS,PS,PS,0,PS,PS,PS,PS,PS,0,PS,PS,PS,PS,PS,PS,PS,PS,PS,PS,PS,PS,PS,PS,PS,PS,PS,PS,PS,PS,PS,PS,PS,PS,PS,PS,PS,PS,PS,PS,PS,1,0,PS,PS,PS,PS,PS,PS,PS,PS,PS,PS,PS,PS,PS,43799,83343,60801,111527
106397,001108,University of Arkansas,Public,1,5208,Finance and Financial Management Services.,3,Bachelor's Degree,351,355,254,21503,22924,251,20548,21500,68,54115,44666,67,53178,43867,199,21550,22500,197,20438,21090,58,58173,PS,57,57144,PS,55,21334,25235,54,20949,23487,10,PS,PS,10,PS,PS,81,25154,27000,79,23486,25000,19,PS,43867,19,PS,42007,173,19794,21500,172,19199,20500,49,56595,44699,48,56405,44666,531,522,243,228,12,216,230,51743,5,156,170,52492,198,<=0.10,<=0.10,0.10 - 0.19,<=0.10,0.10 - 0.19,0.40 - 0.49,0.10 - 0.19,<=0.10,178,<=0.10,<=0.10,0.10 - 0.19,<=0.10,<=0.10,0.40 - 0.49,0.20 - 0.29,<=0.10,99,55346,159,56851,198,54529,61,61458,172,59992,160,149,84,59377,88,60964,143,60767,29,58216,7,259,56387,215,PS,103,5,238,87717,147,81,63405,88,70576,139,70143,30,61885,PS,62,225,<=0.05,<=0.05,0.55 - 0.59,<=0.05,0.10 - 0.14,0.15 - 0.19,0.05 - 0.09,<=0.05,178,<=0.10,<=0.10,0.30 - 0.39,<=0.10,<=0.10,0.20 - 0.29,0.30 - 0.39,<=0.10,2,10,166,86474,155,79,79407,88,89229,135,87587,32,75273,PS,58,43799,83343,60801,111527
106458,001090,Arkansas State University,Public,1,5208,Finance and Financial Management Services.,3,Bachelor's Degree,53,39,46,19556,20915,44,19228,20790,PS,PS,PS,PS,PS,PS,34,19576,PS,32,19838,PS,PS,PS,PS,PS,PS,PS,12,PS,PS,12,PS,PS,PS,PS,PS,PS,PS,PS,25,20199,20581,24,19174,20540,PS,PS,PS,PS,PS,PS,21,18791,21250,20,19293,21125,PS,PS,PS,PS,PS,PS,PS,PS,222,220,2,58,63,37495,3,43,48,34704,58,<=0.20,<=0.20,<=0.20,<=0.20,0.20 - 0.39,0.20 - 0.39,<=0.20,<=0.20,44,PS,PS,PS,PS,0.20 - 0.39,0.20 - 0.39,PS,PS,29,42809,21,45532,PS,PS,PS,PS,53,40311,47,44,38,40047,PS,PS,36,42476,17,37200,1,50,43060,41,PS,42,3,65,68408,PS,40,51520,16,48258,37,52191,18,40765,PS,39,39,PS,PS,0.40 - 0.59,PS,PS,PS,PS,PS,44,PS,PS,0.40 - 0.59,PS,PS,PS,PS,PS,1,3,55,56547,50,38,59297,16,52642,37,59552,18,44465,PS,40,43799,83343,60801,111527
106467,001089,Arkansas Tech University,Public,1,5208,Finance and Financial Management Services.,3,Bachelor's Degree,3,21,PS,PS,PS,PS,PS,PS,PS,PS,PS,PS,PS,PS,PS,PS,PS,PS,PS,PS,PS,PS,PS,PS,PS,PS,PS,PS,PS,PS,PS,PS,PS,PS,PS,PS,PS,PS,PS,PS,PS,PS,PS,PS,PS,PS,PS,PS,PS,PS,PS,PS,PS,PS,PS,PS,PS,PS,PS,PS,PS,PS,PS,PS,PS,PS,PS,PS,PS,PS,,,,,PS,PS,PS,PS,PS,PS,PS,PS,PS,PS,PS,PS,PS,PS,PS,PS,PS,PS,PS,PS,PS,PS,PS,PS,PS,PS,PS,PS,PS,PS,PS,PS,PS,PS,PS,PS,PS,PS,PS,PS,PS,PS,PS,PS,PS,PS,PS,PS,PS,PS,PS,PS,PS,PS,PS,PS,PS,PS,PS,PS,PS,PS,PS,PS,PS,PS,PS,PS,PS,PS,PS,PS,PS,PS,PS,PS,1,PS,PS,PS,PS,PS,PS,PS,PS,PS,PS,PS,PS,PS,PS,PS,PS,PS,PS
106704,001092,University of Central Arkansas,Public,1,5208,Finance and Financial Management Services.,3,Bachelor's Degree,50,37,33,20076,20000,32,16969,16896,PS,PS,PS,PS,PS,PS,PS,PS,PS,PS,PS,PS,PS,PS,PS,PS,PS,PS,PS,PS,PS,PS,PS,PS,PS,PS,PS,PS,PS,PS,PS,PS,PS,PS,PS,PS,PS,PS,PS,PS,PS,PS,PS,PS,PS,PS,PS,PS,PS,PS,PS,PS,PS,PS,PS,PS,212,179,0,35,38,36389,0,18,22,44021,23,PS,PS,PS,PS,PS,PS,PS,PS,17,PS,PS,PS,PS,PS,PS,PS,PS,PS,PS,PS,PS,PS,PS,PS,PS,20,48276,19,PS,PS,PS,PS,PS,PS,PS,PS,PS,0,38,44343,29,PS,32,0,34,58941,PS,PS,PS,PS,PS,PS,PS,PS,PS,PS,20,30,PS,PS,0.40 - 0.59,PS,PS,PS,PS,PS,17,PS,PS,PS,PS,PS,PS,PS,PS,1,0,22,65685,19,PS,PS,PS,PS,PS,PS,PS,PS,PS,19,43799,83343,60801,111527
107044,001097,Harding University,"Private, nonprofit",1,5208,Finance and Financial Management Services.,3,Bachelor's Degree,28,23,25,PS,27250,25,PS,27250,PS,PS,PS,PS,PS,PS,PS,PS,PS,PS,PS,PS,PS,PS,PS,PS,PS,PS,PS,PS,PS,PS,PS,PS,PS,PS,PS,PS,PS,PS,PS,PS,PS,PS,PS,PS,PS,PS,PS,PS,PS,PS,PS,PS,PS,PS,PS,PS,PS,PS,PS,PS,PS,PS,PS,PS,289,289,0,28,31,50124,0,18,18,52941,25,PS,PS,PS,PS,PS,0.40 - 0.59,PS,PS,21,PS,PS,PS,PS,PS,0.40 - 0.59,PS,PS,PS,PS,PS,PS,PS,PS,PS,PS,19,60778,17,17,PS,PS,PS,PS,PS,PS,PS,PS,0,25,53876,20,PS,16,1,31,71203,PS,PS,PS,PS,PS,PS,PS,PS,PS,PS,PS,29,PS,PS,0.40 - 0.59,PS,PS,PS,PS,PS,21,PS,PS,PS,PS,PS,PS,PS,PS,1,0,17,89324,16,PS,PS,PS,PS,PS,PS,PS,PS,PS,PS,43799,83343,60801,111527
107141,001100,John Brown University,"Private, nonprofit",1,5208,Finance and Financial Management Services.,3,Bachelor's Degree,9,7,PS,PS,PS,PS,PS,PS,PS,PS,PS,PS,PS,PS,PS,PS,PS,PS,PS,PS,PS,PS,PS,PS,PS,PS,PS,PS,PS,PS,PS,PS,PS,PS,PS,PS,PS,PS,PS,PS,PS,PS,PS,PS,PS,PS,PS,PS,PS,PS,PS,PS,PS,PS,PS,PS,PS,PS,PS,PS,PS,PS,PS,PS,PS,PS,PS,PS,PS,PS,PS,PS,PS,PS,PS,PS,PS,PS,PS,PS,PS,PS,PS,PS,PS,PS,PS,PS,PS,PS,PS,PS,PS,PS,PS,PS,PS,PS,PS,PS,PS,PS,PS,PS,PS,PS,PS,PS,PS,PS,PS,PS,0,PS,PS,PS,PS,PS,PS,PS,PS,PS,PS,PS,PS,PS,PS,PS,PS,PS,PS,PS,PS,PS,PS,PS,PS,PS,PS,PS,PS,PS,PS,PS,PS,PS,PS,PS,PS,PS,1,PS,PS,PS,PS,PS,PS,PS,PS,PS,PS,PS,PS,PS,PS,43799,83343,60801,111527
107512,001102,Ouachita Baptist University,"Private, nonprofit",1,5208,Finance and Financial Management Services.,3,Bachelor's Degree,20,30,22,PS,21320,22,PS,21320,PS,PS,PS,PS,PS,PS,PS,PS,PS,PS,PS,PS,PS,PS,PS,PS,PS,PS,PS,PS,PS,PS,PS,PS,PS,PS,PS,PS,PS,PS,PS,PS,PS,PS,PS,PS,PS,PS,PS,PS,PS,PS,PS,PS,PS,PS,PS,PS,PS,PS,PS,PS,PS,PS,PS,PS,226,226,0,16,17,51579,2,18,20,44776,17,PS,PS,PS,PS,PS,PS,PS,PS,16,PS,PS,PS,PS,PS,PS,PS,PS,PS,PS,PS,PS,PS,PS,PS,PS,22,51108,20,19,PS,PS,PS,PS,17,51094,PS,PS,0,23,53195,21,PS,PS,1,25,77583,PS,PS,PS,PS,PS,PS,PS,PS,PS,PS,PS,24,PS,PS,0.40 - 0.59,PS,PS,PS,PS,PS,16,PS,PS,PS,PS,PS,PS,PS,PS,1,1,21,58779,19,PS,PS,PS,PS,PS,PS,PS,PS,PS,PS,43799,83343,60801,111527
107558,001094,University of the Ozarks,"Private, nonprofit",1,5208,Finance and Financial Management Services.,3,Bachelor's Degree,0,0,,,,,,,,,,,,,,,,,,,,,,,,,,,,,,,,,,,,,,,,,,,,,,,,,,,,,,,,,,,,,,,,,,,,,,,,,,,,,,,,,,,,,,,,,,,,,,,,,,,,,,,,,,,,,,,,,,,,,,PS,PS,,,,,,,,,,,,,,,,,,,,,,,,,,,,,,1,,,,,,,,,,,,,,,PS,PS,PS,PS
107877,001106,Williams Baptist University,"Private, nonprofit",1,5208,Finance and Financial Management Services.,3,Bachelor's Degree,2,6,PS,PS,PS,PS,PS,PS,PS,PS,PS,PS,PS,PS,PS,PS,PS,PS,PS,PS,PS,PS,PS,PS,PS,PS,PS,PS,PS,PS,PS,PS,PS,PS,PS,PS,PS,PS,PS,PS,PS,PS,PS,PS,PS,PS,PS,PS,PS,PS,PS,PS,PS,PS,PS,PS,PS,PS,PS,PS,PS,PS,PS,PS,PS,PS,0,PS,PS,PS,PS,PS,PS,PS,PS,PS,PS,PS,PS,PS,PS,PS,PS,PS,PS,PS,PS,PS,PS,PS,PS,PS,PS,PS,PS,PS,PS,PS,PS,PS,PS,PS,PS,PS,PS,PS,PS,PS,PS,PS,PS,PS,0,PS,PS,PS,PS,PS,PS,PS,PS,PS,PS,PS,PS,PS,PS,PS,PS,PS,PS,PS,PS,PS,PS,PS,PS,PS,PS,PS,PS,PS,PS,PS,PS,PS,PS,PS,PS,PS,1,PS,PS,PS,PS,PS,PS,PS,PS,PS,PS,PS,PS,PS,PS,43799,83343,60801,111527
110361,001125,California Baptist University,"Private, nonprofit",1,5208,Finance and Financial Management Services.,3,Bachelor's Degree,12,12,PS,PS,PS,PS,PS,PS,PS,PS,PS,PS,PS,PS,PS,PS,PS,PS,PS,PS,PS,PS,PS,PS,PS,PS,PS,PS,PS,PS,PS,PS,PS,PS,PS,PS,PS,PS,PS,PS,PS,PS,PS,PS,PS,PS,PS,PS,PS,PS,PS,PS,PS,PS,PS,PS,PS,PS,PS,PS,PS,PS,PS,PS,PS,PS,0,PS,PS,PS,PS,PS,PS,PS,PS,PS,PS,PS,PS,PS,PS,PS,PS,PS,PS,PS,PS,PS,PS,PS,PS,PS,PS,PS,PS,PS,PS,PS,PS,PS,PS,PS,PS,PS,PS,PS,PS,PS,PS,PS,PS,PS,0,PS,PS,PS,PS,PS,PS,PS,PS,PS,PS,PS,PS,PS,PS,PS,PS,PS,PS,PS,PS,PS,PS,PS,PS,PS,PS,PS,PS,PS,PS,PS,PS,PS,PS,PS,PS,PS,1,PS,PS,PS,PS,PS,PS,PS,PS,PS,PS,PS,PS,PS,PS,43799,83343,60801,111527
110510,001142,California State University-San Bernardino,Public,1,5208,Finance and Financial Management Services.,3,Bachelor's Degree,,,PS,15821,12500,PS,15357,12500,PS,PS,PS,PS,PS,PS,PS,17654,15901,PS,17168,15901,PS,PS,PS,PS,PS,PS,PS,PS,9551,PS,PS,8297,PS,PS,PS,PS,PS,PS,PS,15000,PS,PS,14620,PS,PS,PS,PS,PS,PS,PS,PS,PS,PS,PS,PS,PS,PS,PS,PS,PS,PS,PS,PS,PS,133,133,9,81,90,39723,3,48,58,35701,68,<=0.20,<=0.20,<=0.20,<=0.20,0.20 - 0.39,0.40 - 0.59,<=0.20,<=0.20,58,<=0.20,<=0.20,0.20 - 0.39,<=0.20,<=0.20,0.20 - 0.39,<=0.20,<=0.20,PS,PS,PS,PS,58,44824,44,39269,58,48162,53,45,53,48542,PS,PS,33,50390,PS,PS,6,102,41467,75,PS,98,5,95,61095,PS,50,55916,PS,PS,32,60952,25,52861,PS,50,62,<=0.20,<=0.20,0.40 - 0.59,<=0.20,<=0.20,<=0.20,<=0.20,<=0.20,58,<=0.20,<=0.20,0.40 - 0.59,<=0.20,<=0.20,<=0.20,<=0.20,<=0.20,0,4,59,68892,51,PS,PS,PS,PS,34,73306,25,60835,PS,52,43799,83343,60801,111527
110556,001147,California State University-Fresno,Public,1,5208,Finance and Financial Management Services.,3,Bachelor's Degree,,,PS,15223,11000,PS,14579,10900,PS,PS,PS,PS,PS,PS,PS,15257,11750,PS,14686,11000,PS,PS,PS,PS,PS,PS,PS,15145,7500,PS,14327,7500,PS,PS,PS,PS,PS,PS,PS,14845,PS,PS,14130,PS,PS,PS,PS,PS,PS,PS,PS,16294,PS,PS,15900,PS,PS,PS,PS,PS,PS,PS,PS,PS,117,116,3,62,70,45488,0,60,64,43319,47,PS,PS,PS,PS,PS,0.40 - 0.59,PS,PS,52,<=0.20,<=0.20,0.20 - 0.39,<=0.20,<=0.20,0.40 - 0.59,<=0.20,<=0.20,83,42678,18,38869,70,41712,30,42832,65,51681,62,57,56,47340,PS,PS,40,54771,25,47520,7,100,41970,68,PS,91,0,95,67312,PS,55,53588,PS,PS,40,58755,25,56021,PS,58,56,<=0.20,<=0.20,0.60 - 0.79,<=0.20,<=0.20,<=0.20,<=0.20,<=0.20,52,<=0.20,<=0.20,0.40 - 0.59,<=0.20,<=0.20,<=0.20,<=0.20,<=0.20,0,1,65,72378,57,PS,PS,PS,PS,41,72390,25,73144,PS,57,43799,83343,60801,111527
110583,001139,California State University-Long Beach,Public,1,5208,Finance and Financial Management Services.,3,Bachelor's Degree,,,PS,16700,15000,PS,15550,14650,PS,17202,PS,PS,PS,PS,PS,17053,15000,PS,15588,14629,PS,PS,PS,PS,PS,PS,PS,15939,14992,PS,15464,14996,PS,PS,PS,PS,PS,PS,PS,16490,13500,PS,14755,13100,PS,PS,PS,PS,PS,PS,PS,17131,17356,PS,17167,16531,PS,PS,PS,PS,PS,PS,PS,PS,159,155,19,230,271,44864,17,189,215,43277,183,<=0.10,<=0.10,0.10 - 0.19,<=0.10,<=0.10,0.40 - 0.49,0.10 - 0.19,<=0.10,183,<=0.10,<=0.10,0.20 - 0.29,<=0.10,<=0.10,0.40 - 0.49,0.20 - 0.29,<=0.10,209,46489,56,55830,179,46709,85,49963,238,50235,220,197,205,49007,33,56991,150,52052,86,46008,23,264,48961,188,PS,250,16,283,78085,181,186,58629,33,71683,138,66744,81,55299,PS,201,173,<=0.10,<=0.10,0.50 - 0.59,<=0.10,<=0.10,0.20 - 0.29,0.10 - 0.19,<=0.10,183,<=0.10,<=0.10,0.40 - 0.49,<=0.10,<=0.10,0.10 - 0.19,0.20 - 0.29,<=0.10,0,16,221,68305,183,185,67592,34,81240,142,74566,77,65351,PS,199,43799,83343,60801,111527
110608,001153,California State University-Northridge,Public,1,5208,Finance and Financial Management Services.,3,Bachelor's Degree,273,82,244,17139,14000,226,15653,12500,21,18897,10000,PS,PS,PS,149,16037,14000,138,14720,12428,11,24078,PS,PS,PS,PS,95,18869,14085,88,17116,12501,10,13198,PS,PS,PS,PS,195,16807,12500,179,15132,11000,PS,PS,PS,PS,PS,PS,49,18464,17000,47,17636,15851,PS,PS,PS,PS,PS,PS,119,PS,148,133,31,313,364,43894,28,233,269,41878,219,<=0.05,<=0.05,0.20 - 0.24,0.05 - 0.09,0.10 - 0.14,0.40 - 0.44,0.15 - 0.19,<=0.05,199,<=0.10,<=0.10,0.20 - 0.29,<=0.10,0.10 - 0.19,0.30 - 0.39,0.10 - 0.19,<=0.10,304,46934,43,57993,219,48921,129,47934,291,49112,266,232,248,47472,44,52957,180,45206,113,49772,36,348,48553,257,PS,327,18,349,74656,222,236,58557,41,63171,172,58069,105,63026,PS,257,221,<=0.05,<=0.05,0.55 - 0.59,<=0.05,0.10 - 0.14,0.15 - 0.19,0.05 - 0.09,<=0.05,199,<=0.10,<=0.10,0.40 - 0.49,<=0.10,<=0.10,0.10 - 0.19,0.20 - 0.29,<=0.10,1,16,273,71332,238,229,71101,43,81995,171,70358,102,73909,PS,255,43799,83343,60801,111527
115083,001205,Golden Gate University,"Private, nonprofit",1,5208,Finance and Financial Management Services.,3,Bachelor's Degree,0,1,PS,PS,PS,PS,PS,PS,PS,PS,PS,PS,PS,PS,PS,PS,PS,PS,PS,PS,PS,PS,PS,PS,PS,PS,PS,PS,PS,PS,PS,PS,PS,PS,PS,PS,PS,PS,PS,PS,PS,PS,PS,PS,PS,PS,PS,PS,PS,PS,PS,PS,PS,PS,PS,PS,PS,PS,PS,PS,PS,PS,PS,PS,PS,PS,PS,PS,PS,PS,PS,PS,PS,PS,PS,PS,PS,PS,PS,PS,PS,PS,PS,PS,PS,PS,PS,PS,PS,PS,PS,PS,PS,PS,PS,PS,PS,PS,PS,PS,PS,PS,PS,PS,PS,PS,PS,PS,PS,PS,PS,PS,PS,PS,PS,PS,PS,PS,PS,PS,PS,PS,PS,PS,PS,PS,PS,PS,PS,PS,PS,PS,PS,PS,PS,PS,PS,PS,PS,PS,PS,PS,PS,PS,PS,PS,PS,PS,PS,PS,2,PS,PS,PS,PS,PS,PS,PS,PS,PS,PS,PS,PS,PS,PS,PS,PS,PS,PS
115728,001183,Holy Names University,"Private, nonprofit",1,5208,Finance and Financial Management Services.,3,Bachelor's Degree,1,,PS,PS,PS,PS,PS,PS,PS,PS,PS,PS,PS,PS,PS,PS,PS,PS,PS,PS,PS,PS,PS,PS,PS,PS,PS,PS,PS,PS,PS,PS,PS,PS,PS,PS,PS,PS,PS,PS,PS,PS,PS,PS,PS,PS,PS,PS,PS,PS,PS,PS,PS,PS,PS,PS,PS,PS,PS,PS,PS,PS,PS,PS,PS,PS,PS,PS,PS,PS,PS,PS,PS,PS,PS,PS,PS,PS,PS,PS,PS,PS,PS,PS,PS,PS,PS,PS,PS,PS,PS,PS,PS,PS,PS,PS,PS,PS,PS,PS,PS,PS,PS,PS,PS,PS,PS,PS,PS,PS,PS,PS,0,PS,PS,PS,PS,PS,PS,PS,PS,PS,PS,PS,PS,PS,PS,PS,PS,PS,PS,PS,PS,PS,PS,PS,PS,PS,PS,PS,PS,PS,PS,PS,PS,PS,PS,PS,PS,PS,0,PS,PS,PS,PS,PS,PS,PS,PS,PS,PS,PS,PS,PS,PS,43799,83343,60801,111527
117627,001215,La Sierra University,"Private, nonprofit",1,5208,Finance and Financial Management Services.,3,Bachelor's Degree,12,9,11,19154,PS,10,19970,PS,PS,PS,PS,PS,PS,PS,PS,PS,PS,PS,PS,PS,PS,PS,PS,PS,PS,PS,PS,PS,PS,PS,PS,PS,PS,PS,PS,PS,PS,PS,PS,PS,PS,PS,PS,PS,PS,PS,PS,PS,PS,PS,PS,PS,PS,PS,PS,PS,PS,PS,PS,PS,PS,PS,PS,PS,PS,PS,0,PS,PS,PS,PS,PS,PS,PS,PS,PS,PS,PS,PS,PS,PS,PS,PS,PS,PS,PS,PS,PS,PS,PS,PS,PS,PS,PS,PS,PS,PS,PS,PS,PS,PS,PS,PS,PS,PS,PS,PS,PS,PS,PS,PS,PS,0,PS,PS,PS,PS,PS,0,PS,PS,PS,PS,PS,PS,PS,PS,PS,PS,PS,PS,PS,PS,PS,PS,PS,PS,PS,PS,PS,PS,PS,PS,PS,PS,PS,PS,PS,PS,PS,1,0,PS,PS,PS,PS,PS,PS,PS,PS,PS,PS,PS,PS,PS,43799,83343,60801,111527
117946,011649,Loyola Marymount University,"Private, nonprofit",1,5208,Finance and Financial Management Services.,3,Bachelor's Degree,115,111,78,18341,19500,76,18118,19500,29,86833,68150,28,88863,68916,57,18423,19500,56,17993,19500,PS,PS,PS,PS,PS,PS,21,18121,19500,20,18469,20405,PS,PS,PS,PS,PS,PS,32,19863,22000,31,19522,21310,12,47570,PS,11,49168,PS,46,17283,19500,45,17151,19500,17,PS,PS,17,PS,PS,810,819,207,207,1,64,68,56511,4,73,79,60358,65,<=0.20,<=0.20,<=0.20,<=0.20,<=0.20,0.40 - 0.59,0.20 - 0.39,<=0.20,80,<=0.20,<=0.20,<=0.20,<=0.20,<=0.20,0.40 - 0.59,0.20 - 0.39,<=0.20,31,68427,53,72416,57,67109,27,74750,86,74483,81,72,31,72964,55,76081,64,69080,22,87220,3,84,70542,73,PS,69,6,78,109303,PS,26,94187,53,90243,61,89769,19,102069,PS,63,65,<=0.20,<=0.20,0.40 - 0.59,<=0.20,<=0.20,<=0.20,<=0.20,<=0.20,80,<=0.20,<=0.20,0.20 - 0.39,<=0.20,<=0.20,0.20 - 0.39,0.40 - 0.59,<=0.20,1,7,81,116165,74,30,110657,51,121950,61,116020,20,114231,PS,62,43799,83343,60801,111527
118693,001236,Menlo College,"Private, nonprofit",1,5208,Finance and Financial Management Services.,3,Bachelor's Degree,28,26,27,PS,24500,27,PS,23250,14,44038,PS,13,46701,PS,PS,PS,PS,PS,PS,PS,PS,PS,PS,PS,PS,PS,PS,PS,PS,PS,PS,PS,PS,PS,PS,PS,PS,PS,PS,PS,PS,PS,PS,PS,PS,PS,PS,PS,PS,PS,PS,PS,PS,PS,PS,PS,PS,PS,PS,PS,PS,PS,PS,PS,260,246,0,26,28,56905,0,13,15,46321,30,PS,PS,PS,PS,PS,PS,PS,PS,PS,PS,PS,PS,PS,PS,PS,PS,PS,PS,PS,PS,PS,PS,PS,PS,PS,PS,PS,PS,PS,PS,PS,PS,PS,PS,PS,PS,PS,0,24,69684,20,PS,23,1,27,103918,PS,PS,PS,PS,PS,PS,PS,PS,PS,PS,PS,27,PS,PS,PS,PS,PS,PS,PS,PS,PS,PS,PS,PS,PS,PS,PS,PS,PS,1,1,PS,PS,PS,PS,PS,PS,PS,PS,PS,PS,PS,PS,PS,43799,83343,60801,111527
119605,011460,National University,"Private, nonprofit",1,5208,Finance and Financial Management Services.,3,Bachelor's Degree,17,12,13,22256,PS,12,18892,PS,PS,PS,PS,PS,PS,PS,PS,PS,PS,PS,PS,PS,PS,PS,PS,PS,PS,PS,PS,PS,PS,PS,PS,PS,PS,PS,PS,PS,PS,PS,PS,PS,PS,PS,PS,PS,PS,PS,PS,PS,PS,PS,PS,PS,PS,PS,PS,PS,PS,PS,PS,PS,PS,PS,PS,PS,PS,PS,0,PS,PS,PS,PS,PS,PS,PS,PS,PS,PS,PS,PS,PS,PS,PS,PS,10,PS,PS,PS,PS,PS,PS,PS,PS,PS,PS,PS,PS,PS,PS,PS,PS,PS,PS,PS,PS,PS,PS,PS,PS,PS,PS,PS,PS,1,PS,PS,PS,PS,PS,0,PS,PS,PS,PS,PS,PS,PS,PS,PS,PS,PS,PS,PS,11,PS,PS,PS,PS,PS,PS,PS,PS,10,PS,PS,PS,PS,PS,PS,PS,PS,3,0,PS,PS,PS,PS,PS,PS,PS,PS,PS,PS,PS,PS,PS,43799,83343,60801,111527
121150,010149,Pepperdine University,"Private, nonprofit",1,5208,Finance and Financial Management Services.,3,Bachelor's Degree,8,20,PS,PS,PS,PS,PS,PS,PS,PS,PS,PS,PS,PS,PS,PS,PS,PS,PS,PS,PS,PS,PS,PS,PS,PS,PS,PS,PS,PS,PS,PS,PS,PS,PS,PS,PS,PS,PS,PS,PS,PS,PS,PS,PS,PS,PS,PS,PS,PS,PS,PS,PS,PS,PS,PS,PS,PS,PS,PS,PS,PS,PS,PS,PS,PS,0,PS,PS,PS,0,10,11,57318,13,PS,PS,PS,PS,PS,PS,PS,PS,PS,PS,PS,PS,PS,PS,PS,PS,PS,PS,PS,PS,PS,PS,PS,PS,PS,PS,PS,PS,PS,PS,PS,PS,PS,PS,PS,PS,PS,0,PS,PS,PS,PS,PS,1,PS,PS,PS,PS,PS,PS,PS,PS,PS,PS,PS,PS,PS,PS,PS,PS,PS,PS,PS,PS,PS,PS,PS,PS,PS,PS,PS,PS,PS,PS,PS,1,1,PS,PS,PS,PS,PS,PS,PS,PS,PS,PS,PS,PS,PS,43799,83343,60801,111527
121309,001262,Point Loma Nazarene University,"Private, nonprofit",1,5208,Finance and Financial Management Services.,3,Bachelor's Degree,28,37,PS,PS,PS,PS,PS,PS,PS,PS,PS,PS,PS,PS,PS,PS,PS,PS,PS,PS,PS,PS,PS,PS,PS,PS,PS,PS,PS,PS,PS,PS,PS,PS,PS,PS,PS,PS,PS,PS,PS,PS,PS,PS,PS,PS,PS,PS,PS,PS,PS,PS,PS,PS,PS,PS,PS,PS,PS,PS,PS,PS,PS,PS,PS,PS,1,PS,PS,PS,2,14,15,66821,26,PS,PS,PS,PS,PS,0.40 - 0.59,PS,PS,22,PS,PS,PS,PS,PS,0.40 - 0.59,PS,PS,PS,PS,PS,PS,PS,PS,PS,PS,23,76001,21,20,PS,PS,PS,PS,23,83021,PS,PS,0,PS,PS,PS,PS,PS,1,PS,PS,PS,PS,PS,PS,PS,19,88584,PS,PS,PS,16,PS,PS,PS,PS,PS,PS,PS,PS,PS,22,PS,PS,PS,PS,PS,PS,PS,PS,1,1,21,116716,20,PS,PS,PS,PS,PS,PS,PS,PS,PS,PS,43799,83343,60801,111527
122409,001151,San Diego State University,Public,1,5208,Finance and Financial Management Services.,3,Bachelor's Degree,,,PS,16650,15000,PS,16460,15000,PS,35081,23768,PS,35124,22474,PS,15623,14960,PS,15723,15000,PS,32941,PS,PS,33347,PS,PS,19172,19049,PS,18190,16825,PS,PS,PS,PS,PS,PS,PS,16072,14000,PS,15646,13967,PS,21964,PS,PS,21484,PS,PS,17376,16885,PS,17454,16552,PS,40266,PS,PS,40580,PS,283,267,159,159,12,253,286,47713,12,76,96,40319,203,<=0.05,<=0.05,0.20 - 0.24,<=0.05,0.05 - 0.09,0.45 - 0.49,0.15 - 0.19,<=0.05,109,<=0.10,<=0.10,0.20 - 0.29,<=0.10,<=0.10,0.40 - 0.49,0.10 - 0.19,<=0.10,198,52273,101,55760,210,54644,89,49733,110,48233,95,85,76,44313,34,60261,76,43572,34,58278,12,299,53373,230,PS,257,11,307,88136,78,71,60994,31,66258,67,56664,36,66438,PS,90,216,<=0.05,<=0.05,0.45 - 0.49,<=0.05,0.05 - 0.09,0.25 - 0.29,0.10 - 0.14,<=0.05,109,<=0.10,<=0.10,0.70 - 0.79,<=0.10,<=0.10,<=0.10,0.20 - 0.29,<=0.10,0,9,102,70355,81,70,67991,32,84533,68,68916,34,74414,PS,92,43799,83343,60801,111527
122436,010395,University of San Diego,"Private, nonprofit",1,5208,Finance and Financial Management Services.,3,Bachelor's Degree,204,175,129,20625,23508,126,19844,23094,64,PS,84102,64,PS,84102,92,20460,23375,90,19564,23000,44,PS,77389,44,PS,76007,37,21033,25000,36,20542,23781,20,PS,121705,20,PS,97585,50,22892,25000,49,21676,23848,24,PS,67925,24,PS,67925,79,19189,23000,77,18677,22672,40,PS,107946,40,PS,96827,1000,1000,249,245,5,105,122,58434,5,117,130,61069,140,<=0.10,<=0.10,<=0.10,<=0.10,0.10 - 0.19,0.50 - 0.59,0.20 - 0.29,<=0.10,141,<=0.10,<=0.10,<=0.10,<=0.10,<=0.10,0.50 - 0.59,0.20 - 0.29,<=0.10,54,62457,79,69040,102,65147,30,64767,138,72310,127,120,62,64574,77,73807,102,72109,37,73013,1,133,64819,111,PS,113,6,126,93099,PS,55,93085,77,84008,95,90479,37,86815,PS,91,116,<=0.10,<=0.10,0.40 - 0.49,<=0.10,<=0.10,0.10 - 0.19,0.10 - 0.19,<=0.10,141,<=0.10,<=0.10,0.30 - 0.39,<=0.10,<=0.10,0.20 - 0.29,0.30 - 0.39,<=0.10,1,11,123,107544,114,50,108052,73,106309,91,105994,34,106100,PS,81,43799,83343,60801,111527
122597,001154,San Francisco State University,Public,1,5208,Finance and Financial Management Services.,3,Bachelor's Degree,,,PS,17772,14440,PS,16644,15128,PS,PS,PS,PS,PS,PS,PS,17958,PS,PS,16989,PS,PS,PS,PS,PS,PS,PS,PS,17474,PS,PS,16033,PS,PS,PS,PS,PS,PS,PS,PS,PS,PS,PS,PS,PS,PS,PS,PS,PS,PS,PS,PS,PS,PS,PS,PS,PS,PS,PS,PS,PS,PS,PS,PS,PS,153,160,21,288,332,44983,14,177,206,46757,173,<=0.10,<=0.10,0.10 - 0.19,<=0.10,0.10 - 0.19,0.50 - 0.59,0.10 - 0.19,<=0.10,140,<=0.10,<=0.10,0.10 - 0.19,<=0.10,<=0.10,0.50 - 0.59,0.20 - 0.29,<=0.10,PS,PS,PS,PS,31,66176,19,56933,206,54918,195,174,175,52380,31,66430,116,55355,90,54057,1,50,62778,37,PS,49,19,228,78310,168,164,67841,33,67272,111,71402,85,66126,PS,186,95,<=0.20,<=0.20,0.20 - 0.39,<=0.20,0.20 - 0.39,0.40 - 0.59,<=0.20,<=0.20,140,<=0.10,<=0.10,0.40 - 0.49,<=0.10,<=0.10,0.20 - 0.29,0.30 - 0.39,<=0.10,0,19,202,77321,174,170,77351,31,80843,115,73690,86,79914,PS,191,43799,83343,60801,111527
122612,001325,University of San Francisco,"Private, nonprofit",1,5208,Finance and Financial Management Services.,3,Bachelor's Degree,109,92,70,23041,24347,69,22258,24394,15,PS,PS,15,PS,PS,41,22583,25000,40,21953,25062,PS,PS,PS,PS,PS,PS,29,PS,24250,29,PS,24250,PS,PS,PS,PS,PS,PS,45,PS,25000,45,PS,25000,PS,PS,PS,PS,PS,PS,25,19953,22250,24,19819,23275,PS,PS,PS,PS,PS,PS,PS,PS,258,259,3,61,67,60883,5,54,58,61020,60,<=0.20,<=0.20,<=0.20,<=0.20,<=0.20,0.40 - 0.59,0.20 - 0.39,<=0.20,62,<=0.20,<=0.20,<=0.20,<=0.20,<=0.20,0.40 - 0.59,0.20 - 0.39,<=0.20,44,64567,23,65079,40,55726,27,67945,64,75632,60,55,45,65991,20,86763,35,60952,29,87034,5,67,64972,55,PS,59,5,69,103605,PS,41,98836,17,99481,31,89375,27,108564,PS,51,69,<=0.20,<=0.20,0.40 - 0.59,<=0.20,<=0.20,0.20 - 0.39,<=0.20,<=0.20,62,<=0.20,<=0.20,0.20 - 0.39,<=0.20,<=0.20,<=0.20,0.20 - 0.39,<=0.20,1,6,59,107184,56,43,97740,16,133432,33,98307,26,115680,PS,51,43799,83343,60801,111527
122755,001155,San Jose State University,Public,1,5208,Finance and Financial Management Services.,3,Bachelor's Degree,,,PS,PS,PS,PS,PS,PS,PS,PS,PS,PS,PS,PS,PS,PS,PS,PS,PS,PS,PS,PS,PS,PS,PS,PS,PS,PS,PS,PS,PS,PS,PS,PS,PS,PS,PS,PS,PS,PS,PS,PS,PS,PS,PS,PS,PS,PS,PS,PS,PS,PS,PS,PS,PS,PS,PS,PS,PS,PS,PS,PS,PS,PS,PS,PS,4,120,126,55220,7,97,108,51273,122,<=0.10,<=0.10,<=0.10,<=0.10,<=0.10,0.50 - 0.59,0.20 - 0.29,<=0.10,113,<=0.10,<=0.10,0.10 - 0.19,<=0.10,<=0.10,0.30 - 0.39,0.30 - 0.39,<=0.10,PS,PS,PS,PS,PS,PS,PS,PS,111,69441,99,90,95,68354,16,77658,69,63665,43,71009,PS,PS,PS,PS,PS,PS,10,PS,PS,PS,92,81428,16,88835,71,84926,40,83300,PS,106,PS,PS,PS,PS,PS,PS,PS,PS,PS,113,<=0.10,<=0.10,0.50 - 0.59,<=0.10,<=0.10,<=0.10,0.30 - 0.39,<=0.10,0,15,109,98041,98,91,94744,18,105735,66,104353,43,93803,PS,103,43799,83343,60801,111527
122931,001326,Santa Clara University,"Private, nonprofit",1,5208,Finance and Financial Management Services.,3,Bachelor's Degree,160,164,85,PS,16201,85,PS,14490,17,70154,PS,15,76470,PS,63,PS,17451,63,PS,16201,PS,PS,PS,PS,PS,PS,22,PS,12250,22,PS,12250,PS,PS,PS,PS,PS,PS,26,PS,18023,26,PS,18023,PS,PS,PS,PS,PS,PS,59,PS,13000,59,PS,13000,PS,PS,PS,PS,PS,PS,PS,PS,172,154,3,98,103,68821,3,98,101,70456,93,<=0.20,<=0.20,<=0.20,<=0.20,<=0.20,0.40 - 0.59,0.40 - 0.59,<=0.20,102,<=0.10,<=0.10,<=0.10,<=0.10,<=0.10,0.40 - 0.49,0.50 - 0.59,<=0.10,33,90937,58,77358,66,80295,25,70445,103,90013,100,95,38,83432,64,91765,66,98115,37,82746,3,91,79929,81,PS,71,4,95,118737,PS,36,91662,63,111626,62,114086,37,81434,PS,85,81,<=0.20,<=0.20,0.20 - 0.39,<=0.20,<=0.20,0.20 - 0.39,0.20 - 0.39,<=0.20,102,<=0.10,<=0.10,0.10 - 0.19,<=0.10,<=0.10,0.10 - 0.19,0.60 - 0.69,<=0.10,1,5,95,127056,91,33,111954,62,142541,63,139033,32,118189,PS,80,43799,83343,60801,111527
123554,001302,Saint Mary's College of California,"Private, nonprofit",1,5208,Finance and Financial Management Services.,3,Bachelor's Degree,0,1,PS,PS,PS,PS,PS,PS,PS,PS,PS,PS,PS,PS,PS,PS,PS,PS,PS,PS,PS,PS,PS,PS,PS,PS,PS,PS,PS,PS,PS,PS,PS,PS,PS,PS,PS,PS,PS,PS,PS,PS,PS,PS,PS,PS,PS,PS,PS,PS,PS,PS,PS,PS,PS,PS,PS,PS,PS,PS,PS,PS,PS,PS,PS,PS,0,PS,PS,PS,PS,PS,PS,PS,PS,PS,PS,PS,PS,PS,PS,PS,PS,PS,PS,PS,PS,PS,PS,PS,PS,PS,PS,PS,PS,PS,PS,PS,PS,PS,PS,PS,PS,PS,PS,PS,PS,PS,PS,PS,PS,PS,PS,PS,PS,PS,PS,PS,PS,PS,PS,PS,PS,PS,PS,PS,PS,PS,PS,PS,PS,PS,PS,PS,PS,PS,PS,PS,PS,PS,PS,PS,PS,PS,PS,PS,PS,PS,PS,PS,1,PS,PS,PS,PS,PS,PS,PS,PS,PS,PS,PS,PS,PS,PS,43799,83343,60801,111527
126669,009401,Colorado Christian University,"Private, nonprofit",1,5208,Finance and Financial Management Services.,3,Bachelor's Degree,0,0,,,,,,,,,,,,,,,,,,,,,,,,,,,,,,,,,,,,,,,,,,,,,,,,,,,,,,,,,,,,,,,,,,,,,,,,,,,,,,,,,,,,,,,,,,,,,,,,,,,,,,,,,,,,,,,,,,,,,,PS,PS,,,,,,,,,,,,,,,,,,,,,,,,,,,,,,1,,,,,,,,,,,,,,,PS,PS,PS,PS
127060,001371,University of Denver,"Private, nonprofit",1,5208,Finance and Financial Management Services.,3,Bachelor's Degree,135,104,83,PS,19650,83,PS,19500,17,PS,PS,17,PS,PS,51,PS,19500,51,PS,19000,PS,PS,PS,PS,PS,PS,32,PS,22888,32,PS,21000,PS,PS,PS,PS,PS,PS,29,PS,19000,29,PS,18000,PS,PS,PS,PS,PS,PS,54,PS,20012,54,PS,19750,PS,PS,PS,PS,PS,PS,PS,PS,208,207,6,78,85,55837,4,58,61,62012,76,<=0.20,<=0.20,<=0.20,<=0.20,<=0.20,0.40 - 0.59,<=0.20,<=0.20,64,<=0.20,<=0.20,<=0.20,<=0.20,<=0.20,0.40 - 0.59,0.20 - 0.39,<=0.20,29,49562,53,57984,50,55994,33,60103,75,69200,62,59,34,69409,41,68199,50,66863,24,76286,2,80,56402,75,PS,59,4,104,99135,PS,32,91698,39,79042,47,81122,24,87608,PS,48,88,<=0.20,<=0.20,0.40 - 0.59,<=0.20,<=0.20,<=0.20,<=0.20,<=0.20,64,<=0.20,<=0.20,0.40 - 0.59,<=0.20,<=0.20,<=0.20,0.20 - 0.39,<=0.20,1,1,71,93856,65,33,101548,38,91217,47,92374,24,100314,PS,46,43799,83343,60801,111527
127565,001360,Metropolitan State University of Denver,Public,1,5208,Finance and Financial Management Services.,3,Bachelor's Degree,79,67,86,30212,29799,80,22768,20437,11,20746,PS,PS,PS,PS,58,28808,25267,52,20643,20187,PS,PS,PS,PS,PS,PS,28,PS,32067,28,PS,23355,PS,PS,PS,PS,PS,PS,75,32019,PS,PS,PS,PS,PS,PS,PS,PS,PS,PS,11,17894,PS,PS,PS,PS,PS,PS,PS,PS,PS,PS,PS,PS,316,217,5,69,78,47504,5,74,79,51551,65,<=0.20,<=0.20,0.20 - 0.39,<=0.20,0.20 - 0.39,0.20 - 0.39,<=0.20,<=0.20,72,<=0.20,<=0.20,0.20 - 0.39,<=0.20,<=0.20,0.40 - 0.59,<=0.20,<=0.20,PS,PS,PS,PS,61,52114,35,62295,86,58317,81,74,63,57102,23,64616,54,59388,32,57167,8,96,54579,79,PS,89,3,83,77596,PS,60,65680,23,73588,54,71137,29,61584,PS,69,61,<=0.20,<=0.20,0.60 - 0.79,<=0.20,<=0.20,<=0.20,<=0.20,<=0.20,72,<=0.20,<=0.20,0.60 - 0.79,<=0.20,<=0.20,<=0.20,<=0.20,<=0.20,2,7,78,83846,72,55,81634,23,89496,49,89578,29,78211,PS,67,43799,83343,60801,111527
127918,001363,Regis University,"Private, nonprofit",1,5208,Finance and Financial Management Services.,3,Bachelor's Degree,12,16,14,PS,PS,14,PS,PS,PS,PS,PS,PS,PS,PS,PS,PS,PS,PS,PS,PS,PS,PS,PS,PS,PS,PS,PS,PS,PS,PS,PS,PS,PS,PS,PS,PS,PS,PS,PS,PS,PS,PS,PS,PS,PS,PS,PS,PS,PS,PS,PS,PS,PS,PS,PS,PS,PS,PS,PS,PS,PS,PS,PS,PS,PS,PS,0,PS,17,51905,2,21,22,64493,10,PS,PS,PS,PS,PS,PS,PS,PS,19,PS,PS,PS,PS,PS,PS,PS,PS,PS,PS,PS,PS,PS,PS,PS,PS,PS,PS,PS,PS,PS,PS,PS,PS,PS,PS,PS,PS,0,PS,PS,PS,PS,PS,4,21,91631,PS,PS,PS,PS,PS,PS,PS,PS,PS,PS,16,14,PS,PS,PS,PS,PS,PS,PS,PS,19,PS,PS,PS,PS,PS,PS,PS,PS,2,2,22,100058,19,PS,PS,PS,PS,PS,PS,PS,PS,PS,17,43799,83343,60801,111527
128498,001374,Albertus Magnus College,"Private, nonprofit",1,5208,Finance and Financial Management Services.,3,Bachelor's Degree,15,22,11,PS,PS,11,PS,PS,PS,PS,PS,PS,PS,PS,PS,PS,PS,PS,PS,PS,PS,PS,PS,PS,PS,PS,PS,PS,PS,PS,PS,PS,PS,PS,PS,PS,PS,PS,PS,PS,PS,PS,PS,PS,PS,PS,PS,PS,PS,PS,PS,PS,PS,PS,PS,PS,PS,PS,PS,PS,PS,PS,PS,PS,PS,PS,0,PS,PS,PS,PS,PS,PS,PS,PS,PS,PS,PS,PS,PS,PS,PS,PS,PS,PS,PS,PS,PS,PS,PS,PS,PS,PS,PS,PS,PS,PS,PS,PS,PS,PS,PS,PS,PS,PS,PS,PS,PS,PS,PS,PS,PS,0,PS,PS,PS,PS,PS,PS,PS,PS,PS,PS,PS,PS,PS,PS,PS,PS,PS,PS,PS,PS,PS,PS,PS,PS,PS,PS,PS,PS,PS,PS,PS,PS,PS,PS,PS,PS,PS,2,PS,PS,PS,PS,PS,PS,PS,PS,PS,PS,PS,PS,PS,PS,43799,83343,60801,111527
128744,001416,University of Bridgeport,"Private, nonprofit",1,5208,Finance and Financial Management Services.,3,Bachelor's Degree,3,5,10,PS,PS,10,PS,PS,PS,PS,PS,PS,PS,PS,PS,PS,PS,PS,PS,PS,PS,PS,PS,PS,PS,PS,PS,PS,PS,PS,PS,PS,PS,PS,PS,PS,PS,PS,PS,PS,PS,PS,PS,PS,PS,PS,PS,PS,PS,PS,PS,PS,PS,PS,PS,PS,PS,PS,PS,PS,PS,PS,PS,PS,PS,PS,0,PS,PS,PS,PS,PS,PS,PS,PS,PS,PS,PS,PS,PS,PS,PS,PS,PS,PS,PS,PS,PS,PS,PS,PS,PS,PS,PS,PS,PS,PS,PS,PS,PS,PS,PS,PS,PS,PS,PS,PS,PS,PS,PS,PS,PS,0,PS,PS,PS,PS,PS,0,PS,PS,PS,PS,PS,PS,PS,PS,PS,PS,PS,PS,PS,PS,PS,PS,PS,PS,PS,PS,PS,PS,PS,PS,PS,PS,PS,PS,PS,PS,PS,1,0,PS,PS,PS,PS,PS,PS,PS,PS,PS,PS,PS,PS,PS,43799,83343,60801,111527
128771,001378,Central Connecticut State University,Public,1,5208,Finance and Financial Management Services.,3,Bachelor's Degree,79,78,134,21251,20348,126,20518,19500,32,19679,13893,25,20718,11000,94,20639,20211,87,20413,19636,21,20336,PS,PS,PS,PS,40,22691,20973,39,20753,18750,11,18425,PS,PS,PS,PS,86,23175,23250,83,21942,20000,PS,PS,PS,PS,PS,PS,48,17805,18650,43,17769,18801,PS,PS,PS,PS,PS,PS,165,131,216,207,0,82,91,49567,3,46,54,52941,71,<=0.20,<=0.20,0.20 - 0.39,<=0.20,<=0.20,0.40 - 0.59,<=0.20,<=0.20,58,<=0.20,<=0.20,0.20 - 0.39,<=0.20,<=0.20,0.20 - 0.39,<=0.20,<=0.20,85,52731,43,50956,87,47655,41,60761,53,59518,50,44,34,61051,19,57326,41,66614,PS,PS,3,128,51282,104,PS,115,4,113,78910,PS,32,70928,17,60716,37,72564,PS,PS,PS,38,107,<=0.10,<=0.10,0.60 - 0.69,<=0.10,<=0.10,0.10 - 0.19,<=0.10,<=0.10,58,<=0.20,<=0.20,0.40 - 0.59,<=0.20,<=0.20,<=0.20,0.20 - 0.39,<=0.20,1,1,54,71772,51,35,73402,19,67522,PS,PS,PS,PS,PS,42,43799,83343,60801,111527
129020,001417,University of Connecticut,Public,1,5208,Finance and Financial Management Services.,3,Bachelor's Degree,253,267,217,18923,20399,207,18679,19500,71,51739,33500,66,53380,36502,165,19087,20500,159,18793,19500,54,51011,PS,52,50858,PS,52,18403,19500,48,18299,19500,17,54051,PS,14,62748,PS,83,18890,18995,79,18735,18500,24,28931,20304,20,30923,25583,134,18943,20504,128,18644,20500,47,63385,43051,46,63144,43902,398,434,216,207,11,203,218,63392,6,181,193,62818,179,<=0.10,<=0.10,<=0.10,<=0.10,<=0.10,0.60 - 0.69,0.20 - 0.29,<=0.10,181,<=0.10,<=0.10,<=0.10,<=0.10,<=0.10,0.40 - 0.49,0.30 - 0.39,<=0.10,94,61180,118,69308,155,66681,55,70691,187,73884,179,173,72,69728,116,75577,120,72049,66,76227,11,213,67009,192,PS,147,5,220,102286,PS,72,82818,114,90814,123,85631,62,89190,PS,109,212,<=0.05,<=0.05,0.40 - 0.44,0.05 - 0.09,<=0.05,0.20 - 0.24,0.15 - 0.19,<=0.05,181,<=0.10,<=0.10,0.30 - 0.39,<=0.10,<=0.10,0.20 - 0.29,0.40 - 0.49,<=0.10,1,11,173,104878,160,69,94956,104,110631,115,106354,59,101467,PS,99,43799,83343,60801,111527
129215,001425,Eastern Connecticut State University,Public,1,5208,Finance and Financial Management Services.,3,Bachelor's Degree,19,16,24,PS,26500,24,PS,24625,PS,PS,PS,PS,PS,PS,PS,PS,PS,PS,PS,PS,PS,PS,PS,PS,PS,PS,PS,PS,PS,PS,PS,PS,PS,PS,PS,PS,PS,PS,PS,PS,PS,PS,PS,PS,PS,PS,PS,PS,PS,PS,PS,PS,PS,PS,PS,PS,PS,PS,PS,PS,PS,PS,PS,PS,281,261,0,29,32,47743,1,12,12,52941,19,PS,PS,PS,PS,PS,PS,PS,PS,19,PS,PS,PS,PS,PS,PS,PS,PS,PS,PS,PS,PS,PS,PS,PS,PS,PS,PS,PS,PS,PS,PS,PS,PS,PS,PS,PS,PS,1,22,43250,17,PS,20,1,38,77395,PS,PS,PS,PS,PS,PS,PS,PS,PS,PS,PS,33,PS,PS,0.40 - 0.59,PS,PS,PS,PS,PS,19,PS,PS,PS,PS,PS,PS,PS,PS,1,0,PS,PS,PS,PS,PS,PS,PS,PS,PS,PS,PS,PS,PS,43799,83343,60801,111527
129242,001385,Fairfield University,"Private, nonprofit",1,5208,Finance and Financial Management Services.,3,Bachelor's Degree,183,254,170,22143,27000,169,21999,27000,25,68369,65272,24,68258,69625,130,PS,27000,130,PS,27000,PS,PS,PS,PS,PS,PS,40,21202,26000,39,21502,26000,PS,PS,PS,PS,PS,PS,43,PS,27000,43,PS,27000,PS,PS,PS,PS,PS,PS,127,21664,27000,126,21467,27000,PS,PS,PS,PS,PS,PS,776,828,286,286,7,128,140,58022,5,111,118,64608,148,<=0.10,<=0.10,<=0.10,<=0.10,<=0.10,0.50 - 0.59,0.20 - 0.29,<=0.10,127,<=0.10,<=0.10,<=0.10,<=0.10,<=0.10,0.50 - 0.59,0.30 - 0.39,<=0.10,33,63104,115,63708,113,61008,35,66420,126,82549,115,111,44,81911,81,83221,92,84159,34,80816,2,148,62952,131,PS,31,3,159,106663,PS,43,97858,78,99005,86,102287,35,94892,PS,25,149,<=0.10,<=0.10,0.40 - 0.49,<=0.10,<=0.10,0.30 - 0.39,0.10 - 0.19,<=0.10,127,<=0.10,<=0.10,0.40 - 0.49,<=0.10,<=0.10,0.10 - 0.19,0.30 - 0.39,<=0.10,1,3,121,118205,118,42,126334,79,113155,87,123313,34,109709,PS,28,43799,83343,60801,111527
129525,001422,University of Hartford,"Private, nonprofit",1,5208,Finance and Financial Management Services.,3,Bachelor's Degree,23,19,42,23889,27000,40,23115,27000,11,52111,PS,PS,PS,PS,PS,PS,PS,PS,PS,PS,PS,PS,PS,PS,PS,PS,PS,PS,PS,PS,PS,PS,PS,PS,PS,PS,PS,PS,23,26353,27000,22,25253,PS,PS,PS,PS,PS,PS,PS,19,20907,22750,18,20503,PS,PS,PS,PS,PS,PS,PS,PS,PS,286,286,1,22,27,43799,0,15,17,42682,27,PS,PS,PS,PS,PS,0.40 - 0.59,PS,PS,16,PS,PS,PS,PS,PS,PS,PS,PS,PS,PS,16,58806,PS,PS,PS,PS,PS,PS,PS,PS,PS,PS,PS,PS,PS,PS,PS,PS,2,33,54098,27,PS,17,1,37,78031,PS,PS,PS,PS,PS,PS,PS,PS,PS,PS,PS,40,PS,PS,0.60 - 0.79,PS,PS,PS,PS,PS,16,PS,PS,PS,PS,PS,PS,PS,PS,1,0,16,73304,PS,PS,PS,PS,PS,PS,PS,PS,PS,PS,PS,43799,83343,60801,111527
129941,001397,University of New Haven,"Private, nonprofit",1,5208,Finance and Financial Management Services.,3,Bachelor's Degree,23,1,19,PS,27000,19,PS,25402,PS,PS,PS,PS,PS,PS,PS,PS,PS,PS,PS,PS,PS,PS,PS,PS,PS,PS,PS,PS,PS,PS,PS,PS,PS,PS,PS,PS,PS,PS,PS,PS,PS,PS,PS,PS,PS,PS,PS,PS,PS,PS,PS,PS,PS,PS,PS,PS,PS,PS,PS,PS,PS,PS,PS,PS,286,269,0,PS,PS,PS,PS,PS,PS,PS,PS,PS,PS,PS,PS,PS,PS,PS,PS,11,PS,PS,PS,PS,PS,PS,PS,PS,PS,PS,PS,PS,PS,PS,PS,PS,PS,PS,PS,PS,PS,PS,PS,PS,PS,PS,PS,PS,0,PS,PS,PS,PS,PS,0,PS,PS,PS,PS,PS,PS,PS,PS,PS,PS,PS,PS,PS,16,PS,PS,PS,PS,PS,PS,PS,PS,11,PS,PS,PS,PS,PS,PS,PS,PS,1,0,PS,PS,PS,PS,PS,PS,PS,PS,PS,PS,PS,PS,PS,43799,83343,60801,111527
130183,001401,Post University,"Private, for-profit",1,5208,Finance and Financial Management Services.,3,Bachelor's Degree,26,25,38,34321,33812,35,32062,30750,PS,PS,PS,PS,PS,PS,23,27623,PS,20,24035,PS,PS,PS,PS,PS,PS,PS,15,PS,PS,15,PS,PS,PS,PS,PS,PS,PS,PS,PS,PS,PS,PS,PS,PS,PS,PS,PS,PS,PS,PS,PS,PS,PS,PS,PS,PS,PS,PS,PS,PS,PS,PS,PS,PS,358,326,1,17,20,44063,PS,PS,PS,PS,21,PS,PS,PS,PS,PS,PS,PS,PS,17,PS,PS,PS,PS,PS,PS,PS,PS,PS,PS,PS,PS,PS,PS,PS,PS,PS,PS,PS,PS,PS,PS,PS,PS,PS,PS,PS,PS,0,32,55402,28,PS,PS,3,31,69363,PS,PS,PS,PS,PS,PS,PS,PS,PS,PS,PS,29,PS,PS,0.60 - 0.79,PS,PS,PS,PS,PS,17,PS,PS,PS,PS,PS,PS,PS,PS,3,1,PS,PS,PS,PS,PS,PS,PS,PS,PS,PS,PS,PS,PS,43799,83343,60801,111527
130226,001402,Quinnipiac University,"Private, nonprofit",1,5208,Finance and Financial Management Services.,3,Bachelor's Degree,114,106,128,PS,26000,128,PS,25000,39,81237,82170,38,79241,86485,104,PS,26946,104,PS,25347,PS,PS,PS,PS,PS,PS,24,PS,21750,24,PS,21750,PS,PS,PS,PS,PS,PS,37,PS,27000,37,PS,25500,13,78508,PS,12,80201,PS,91,PS,26000,91,PS,24500,26,PS,PS,26,PS,PS,977,1028,276,265,1,57,63,47247,1,69,74,57318,79,<=0.20,<=0.20,<=0.20,<=0.20,<=0.20,0.40 - 0.59,0.20 - 0.39,<=0.20,78,<=0.20,<=0.20,<=0.20,<=0.20,<=0.20,0.60 - 0.79,<=0.20,<=0.20,PS,PS,49,53957,PS,PS,PS,PS,75,70624,70,67,24,69936,49,71381,60,70763,PS,PS,3,71,51589,54,PS,19,1,129,86474,PS,24,83524,46,85627,58,85385,PS,PS,PS,17,113,<=0.10,<=0.10,0.50 - 0.59,<=0.10,0.10 - 0.19,0.10 - 0.19,0.10 - 0.19,<=0.10,78,<=0.20,<=0.20,0.40 - 0.59,<=0.20,<=0.20,0.20 - 0.39,<=0.20,<=0.20,1,0,75,93070,67,26,90961,51,95333,PS,PS,PS,PS,PS,20,43799,83343,60801,111527
130253,001403,Sacred Heart University,"Private, nonprofit",1,5208,Finance and Financial Management Services.,3,Bachelor's Degree,114,130,108,23502,27000,107,22594,25531,28,69282,67862,26,70365,71082,86,23423,26500,85,22403,25500,PS,PS,PS,PS,PS,PS,22,PS,27000,22,PS,27000,PS,PS,PS,PS,PS,PS,29,26208,27000,28,24458,27000,12,52796,PS,11,52449,PS,79,PS,26000,79,PS,25000,16,81646,PS,15,83503,PS,807,845,286,271,3,71,74,46502,1,63,65,55348,72,<=0.20,<=0.20,<=0.20,<=0.20,<=0.20,0.40 - 0.59,<=0.20,<=0.20,64,<=0.20,<=0.20,<=0.20,<=0.20,<=0.20,0.40 - 0.59,0.20 - 0.39,<=0.20,22,57819,66,55614,68,47108,20,72866,75,63594,66,63,34,63725,41,64990,59,63438,16,63684,5,88,56081,64,PS,33,2,118,94733,PS,31,73624,40,76194,54,74946,17,73837,PS,25,99,<=0.20,<=0.20,0.40 - 0.59,<=0.20,<=0.20,0.20 - 0.39,<=0.20,<=0.20,64,<=0.20,<=0.20,0.20 - 0.39,<=0.20,<=0.20,<=0.20,0.20 - 0.39,<=0.20,1,3,68,93394,61,27,87417,41,94903,51,91823,17,97930,PS,24,43799,83343,60801,111527
130776,001380,Western Connecticut State University,Public,1,5208,Finance and Financial Management Services.,3,Bachelor's Degree,33,34,36,22472,22000,33,21625,19000,PS,PS,PS,PS,PS,PS,PS,PS,PS,PS,PS,PS,PS,PS,PS,PS,PS,PS,PS,PS,PS,PS,PS,PS,PS,PS,PS,PS,PS,PS,23,26202,PS,22,24126,PS,PS,PS,PS,PS,PS,PS,13,15873,PS,11,16623,PS,PS,PS,PS,PS,PS,PS,PS,PS,233,201,0,35,41,49944,4,29,32,46321,31,PS,PS,PS,PS,PS,0.40 - 0.59,PS,PS,31,PS,PS,PS,PS,PS,0.20 - 0.39,PS,PS,PS,PS,PS,PS,PS,PS,PS,PS,36,51949,33,33,22,50163,PS,PS,35,49656,PS,PS,3,39,46470,28,PS,35,3,36,81768,PS,23,66411,PS,PS,33,67295,PS,PS,PS,31,26,PS,PS,0.40 - 0.59,PS,PS,PS,PS,PS,31,PS,PS,0.40 - 0.59,PS,PS,PS,PS,PS,1,3,36,76891,35,PS,PS,PS,PS,PS,PS,PS,PS,PS,33,43799,83343,60801,111527
130934,001428,Delaware State University,Public,1,5208,Finance and Financial Management Services.,3,Bachelor's Degree,13,15,PS,PS,PS,PS,PS,PS,PS,PS,PS,PS,PS,PS,PS,PS,PS,PS,PS,PS,PS,PS,PS,PS,PS,PS,PS,PS,PS,PS,PS,PS,PS,PS,PS,PS,PS,PS,PS,PS,PS,PS,PS,PS,PS,PS,PS,PS,PS,PS,PS,PS,PS,PS,PS,PS,PS,PS,PS,PS,PS,PS,PS,PS,PS,PS,PS,PS,PS,PS,PS,PS,PS,PS,PS,PS,PS,PS,PS,PS,PS,PS,PS,PS,PS,PS,PS,PS,PS,PS,PS,PS,PS,PS,PS,PS,PS,PS,PS,PS,PS,PS,PS,PS,PS,PS,PS,PS,PS,PS,PS,PS,1,PS,PS,PS,PS,PS,PS,PS,PS,PS,PS,PS,PS,PS,PS,PS,PS,PS,PS,PS,PS,PS,PS,PS,PS,PS,PS,PS,PS,PS,PS,PS,PS,PS,PS,PS,PS,PS,1,PS,PS,PS,PS,PS,PS,PS,PS,PS,PS,PS,PS,PS,PS,PS,PS,PS,PS
130943,001431,University of Delaware,Public,1,5208,Finance and Financial Management Services.,3,Bachelor's Degree,310,356,275,20988,24073,273,20888,23495,50,68588,67028,47,70945,70000,206,20942,23550,204,20870,23250,34,63810,PS,31,67325,PS,69,PS,25000,69,PS,24073,16,PS,PS,16,PS,PS,55,PS,21500,55,PS,21000,PS,PS,PS,PS,PS,PS,220,21073,24872,218,21099,24250,PS,PS,PS,PS,PS,PS,797,832,255,249,7,329,348,59257,1,134,139,60552,247,<=0.05,<=0.05,<=0.05,<=0.05,0.05 - 0.09,0.65 - 0.69,0.15 - 0.19,<=0.05,140,<=0.10,<=0.10,<=0.10,<=0.10,<=0.10,0.50 - 0.59,0.20 - 0.29,<=0.10,63,61189,296,67415,263,65504,96,70420,135,73189,132,126,28,74096,107,73211,94,71684,41,78402,9,359,66889,328,PS,71,4,424,101605,PS,27,81964,108,83548,95,80351,40,90120,PS,25,300,<=0.05,<=0.05,0.40 - 0.44,<=0.05,0.05 - 0.09,0.30 - 0.34,0.15 - 0.19,<=0.05,140,<=0.10,<=0.10,0.50 - 0.59,<=0.10,<=0.10,<=0.10,0.30 - 0.39,<=0.10,1,1,141,99240,139,29,100665,112,98915,101,94076,41,105527,PS,33,43799,83343,60801,111527
130989,001429,Goldey-Beacom College,"Private, nonprofit",1,5208,Finance and Financial Management Services.,3,Bachelor's Degree,18,14,11,20441,PS,10,19433,PS,PS,PS,PS,PS,PS,PS,PS,PS,PS,PS,PS,PS,PS,PS,PS,PS,PS,PS,PS,PS,PS,PS,PS,PS,PS,PS,PS,PS,PS,PS,PS,PS,PS,PS,PS,PS,PS,PS,PS,PS,PS,PS,PS,PS,PS,PS,PS,PS,PS,PS,PS,PS,PS,PS,PS,PS,PS,PS,1,PS,PS,PS,PS,PS,PS,PS,14,PS,PS,PS,PS,PS,PS,PS,PS,PS,PS,PS,PS,PS,PS,PS,PS,PS,PS,PS,PS,PS,PS,PS,PS,PS,PS,PS,PS,PS,PS,PS,PS,PS,PS,PS,PS,PS,0,PS,PS,PS,PS,PS,0,16,58992,PS,PS,PS,PS,PS,PS,PS,PS,PS,PS,PS,15,PS,PS,PS,PS,PS,PS,PS,PS,PS,PS,PS,PS,PS,PS,PS,PS,PS,1,0,PS,PS,PS,PS,PS,PS,PS,PS,PS,PS,PS,PS,PS,43799,83343,60801,111527
131113,007948,Wilmington University,"Private, nonprofit",1,5208,Finance and Financial Management Services.,3,Bachelor's Degree,28,22,23,PS,31000,23,PS,17831,PS,PS,PS,PS,PS,PS,13,PS,PS,13,PS,PS,PS,PS,PS,PS,PS,PS,10,PS,PS,10,PS,PS,PS,PS,PS,PS,PS,PS,PS,PS,PS,PS,PS,PS,PS,PS,PS,PS,PS,PS,PS,PS,PS,PS,PS,PS,PS,PS,PS,PS,PS,PS,PS,PS,329,189,2,28,30,47983,0,11,12,42682,27,PS,PS,PS,PS,PS,0.40 - 0.59,PS,PS,15,PS,PS,PS,PS,PS,PS,PS,PS,PS,PS,PS,PS,PS,PS,PS,PS,PS,PS,PS,PS,PS,PS,PS,PS,PS,PS,PS,PS,4,19,49275,PS,PS,PS,0,22,68627,PS,PS,PS,PS,PS,PS,PS,PS,PS,PS,PS,21,PS,PS,PS,PS,PS,PS,PS,PS,15,PS,PS,PS,PS,PS,PS,PS,PS,3,0,PS,PS,PS,PS,PS,PS,PS,PS,PS,PS,PS,PS,PS,43799,83343,60801,111527
131159,001434,American University,"Private, nonprofit",1,5208,Finance and Financial Management Services.,3,Bachelor's Degree,75,65,37,PS,22625,37,PS,22625,PS,PS,PS,PS,PS,PS,26,PS,PS,26,PS,PS,PS,PS,PS,PS,PS,PS,11,PS,PS,11,PS,PS,PS,PS,PS,PS,PS,PS,16,PS,PS,16,PS,PS,PS,PS,PS,PS,PS,PS,21,PS,PS,21,PS,PS,PS,PS,PS,PS,PS,PS,PS,PS,240,240,0,34,35,64161,1,18,21,55512,32,PS,PS,PS,PS,PS,0.40 - 0.59,PS,PS,24,PS,PS,PS,PS,PS,0.40 - 0.59,PS,PS,17,85627,21,73053,PS,PS,PS,PS,23,63673,23,22,PS,PS,PS,PS,PS,PS,PS,PS,0,40,83505,35,PS,PS,0,39,134332,PS,PS,PS,PS,PS,PS,PS,PS,PS,PS,PS,36,PS,PS,0.40 - 0.59,PS,PS,PS,PS,PS,24,PS,PS,PS,PS,PS,PS,PS,PS,1,1,20,103137,19,PS,PS,PS,PS,PS,PS,PS,PS,PS,PS,43799,83343,60801,111527
131283,001437,The Catholic University of America,"Private, nonprofit",1,5208,Finance and Financial Management Services.,3,Bachelor's Degree,4,0,42,PS,24620,42,PS,24620,11,PS,PS,11,PS,PS,PS,PS,PS,PS,PS,PS,PS,PS,PS,PS,PS,PS,PS,PS,PS,PS,PS,PS,PS,PS,PS,PS,PS,PS,12,PS,PS,12,PS,PS,PS,PS,PS,PS,PS,PS,30,PS,PS,30,PS,PS,PS,PS,PS,PS,PS,PS,PS,PS,261,261,2,39,43,51938,0,29,33,53984,39,PS,PS,PS,PS,PS,0.60 - 0.79,PS,PS,34,PS,PS,PS,PS,PS,0.40 - 0.59,PS,PS,PS,PS,PS,PS,PS,PS,PS,PS,34,77885,33,32,PS,PS,23,79806,22,79086,PS,PS,2,38,64618,34,PS,PS,0,51,98856,PS,PS,PS,23,88950,22,85350,PS,PS,PS,PS,43,PS,PS,0.40 - 0.59,PS,PS,PS,PS,PS,34,PS,PS,0.40 - 0.59,PS,PS,PS,PS,PS,1,0,32,100395,30,PS,PS,PS,PS,PS,PS,PS,PS,PS,PS,43799,83343,60801,111527
131399,001441,University of the District of Columbia,Public,1,5208,Finance and Financial Management Services.,3,Bachelor's Degree,20,14,PS,PS,PS,PS,PS,PS,PS,PS,PS,PS,PS,PS,PS,PS,PS,PS,PS,PS,PS,PS,PS,PS,PS,PS,PS,PS,PS,PS,PS,PS,PS,PS,PS,PS,PS,PS,PS,PS,PS,PS,PS,PS,PS,PS,PS,PS,PS,PS,PS,PS,PS,PS,PS,PS,PS,PS,PS,PS,PS,PS,PS,PS,PS,PS,0,PS,PS,PS,PS,PS,PS,PS,PS,PS,PS,PS,PS,PS,PS,PS,PS,PS,PS,PS,PS,PS,PS,PS,PS,PS,PS,PS,PS,PS,PS,PS,PS,PS,PS,PS,PS,PS,PS,PS,PS,PS,PS,PS,PS,PS,0,PS,PS,PS,PS,PS,0,PS,PS,PS,PS,PS,PS,PS,PS,PS,PS,PS,PS,PS,PS,PS,PS,PS,PS,PS,PS,PS,PS,PS,PS,PS,PS,PS,PS,PS,PS,PS,1,0,PS,PS,PS,PS,PS,PS,PS,PS,PS,PS,PS,PS,PS,43799,83343,60801,111527
131469,001444,George Washington University,"Private, nonprofit",1,5208,Finance and Financial Management Services.,3,Bachelor's Degree,119,95,72,PS,19000,72,PS,18148,17,75195,PS,16,70158,PS,46,PS,19250,46,PS,17773,PS,PS,PS,PS,PS,PS,26,PS,19000,26,PS,18750,PS,PS,PS,PS,PS,PS,30,PS,18750,30,PS,17361,PS,PS,PS,PS,PS,PS,42,PS,19500,42,PS,18625,PS,PS,PS,PS,PS,PS,PS,PS,201,192,6,98,104,67909,6,83,88,72214,97,<=0.20,<=0.20,<=0.20,<=0.20,<=0.20,0.40 - 0.59,0.20 - 0.39,<=0.20,85,<=0.20,<=0.20,<=0.20,<=0.20,<=0.20,0.40 - 0.59,0.20 - 0.39,<=0.20,32,74547,41,73439,44,71620,28,75192,95,84574,82,82,38,85347,57,85299,68,79968,27,93851,4,73,73833,68,PS,PS,4,81,126638,PS,37,100130,53,100334,64,96415,26,112074,PS,PS,82,<=0.20,<=0.20,0.40 - 0.59,<=0.20,<=0.20,0.20 - 0.39,<=0.20,<=0.20,85,<=0.20,<=0.20,0.20 - 0.39,<=0.20,<=0.20,0.20 - 0.39,0.20 - 0.39,<=0.20,1,8,85,131971,82,35,133026,50,132316,59,125770,26,132775,PS,PS,43799,83343,60801,111527
131496,001445,Georgetown University,"Private, nonprofit",1,5208,Finance and Financial Management Services.,3,Bachelor's Degree,214,236,101,15666,16877,100,14998,15750,21,PS,59020,21,PS,59020,72,15341,16313,71,14642,15750,PS,PS,PS,PS,PS,PS,29,PS,17000,29,PS,16750,PS,PS,PS,PS,PS,PS,26,17397,17500,25,16543,17500,PS,PS,PS,PS,PS,PS,75,PS,15750,75,PS,15500,PS,PS,PS,PS,PS,PS,702,702,179,167,9,126,128,84438,5,130,139,85538,142,<=0.10,<=0.10,<=0.10,<=0.10,<=0.10,0.50 - 0.59,0.30 - 0.39,<=0.10,138,<=0.10,<=0.10,<=0.10,<=0.10,<=0.10,0.40 - 0.49,0.40 - 0.49,<=0.10,32,114324,79,105794,77,113658,35,94651,137,107054,130,127,44,94778,93,111151,102,103598,36,110809,4,111,106218,107,PS,PS,11,121,152744,PS,40,111363,83,132438,90,128818,35,125166,PS,PS,108,<=0.10,<=0.10,0.30 - 0.39,<=0.10,<=0.10,0.30 - 0.39,0.20 - 0.29,<=0.10,138,<=0.10,<=0.10,0.20 - 0.29,<=0.10,<=0.10,0.20 - 0.29,0.50 - 0.59,<=0.10,1,11,117,152931,115,38,133426,78,156839,86,156785,32,141312,PS,PS,43799,83343,60801,111527
131520,001448,Howard University,"Private, nonprofit",1,5208,Finance and Financial Management Services.,3,Bachelor's Degree,39,54,32,23358,19959,31,22384,20197,16,69264,PS,15,72570,PS,21,21359,PS,20,20024,PS,PS,PS,PS,PS,PS,PS,11,PS,PS,11,PS,PS,PS,PS,PS,PS,PS,PS,21,PS,PS,21,PS,PS,PS,PS,PS,PS,PS,PS,11,15238,PS,10,16075,PS,PS,PS,PS,PS,PS,PS,PS,PS,212,214,4,52,53,72085,0,43,50,59485,44,PS,PS,0.20 - 0.39,PS,PS,0.40 - 0.59,PS,PS,47,PS,PS,0.20 - 0.39,PS,0.20 - 0.39,0.20 - 0.39,PS,PS,PS,PS,PS,PS,PS,PS,PS,PS,50,63717,49,43,36,64670,PS,PS,PS,PS,22,60977,1,37,81074,33,PS,PS,2,49,80094,PS,31,78768,PS,PS,26,91783,20,76146,PS,PS,40,PS,PS,0.40 - 0.59,PS,PS,PS,PS,PS,47,PS,PS,0.20 - 0.39,PS,PS,0.20 - 0.39,PS,PS,1,3,46,81259,39,PS,PS,PS,PS,28,85629,19,78654,PS,PS,43799,83343,60801,111527
132471,001466,Barry University,"Private, nonprofit",1,5208,Finance and Financial Management Services.,3,Bachelor's Degree,15,14,13,28144,PS,12,28051,PS,PS,PS,PS,PS,PS,PS,PS,PS,PS,PS,PS,PS,PS,PS,PS,PS,PS,PS,PS,PS,PS,PS,PS,PS,PS,PS,PS,PS,PS,PS,PS,PS,PS,PS,PS,PS,PS,PS,PS,PS,PS,PS,PS,PS,PS,PS,PS,PS,PS,PS,PS,PS,PS,PS,PS,PS,PS,PS,0,16,20,43451,4,15,18,44971,26,PS,PS,PS,PS,PS,0.40 - 0.59,PS,PS,20,PS,PS,PS,PS,PS,PS,PS,PS,PS,PS,PS,PS,PS,PS,PS,PS,21,50759,19,17,PS,PS,PS,PS,PS,PS,PS,PS,1,PS,PS,PS,PS,PS,2,PS,PS,PS,PS,PS,PS,PS,PS,PS,PS,PS,PS,PS,14,PS,PS,PS,PS,PS,PS,PS,PS,20,PS,PS,PS,PS,PS,PS,PS,PS,1,4,16,63952,PS,PS,PS,PS,PS,PS,PS,PS,PS,PS,PS,43799,83343,60801,111527
132602,001467,Bethune-Cookman University,"Private, nonprofit",1,5208,Finance and Financial Management Services.,3,Bachelor's Degree,2,1,PS,PS,PS,PS,PS,PS,PS,PS,PS,PS,PS,PS,PS,PS,PS,PS,PS,PS,PS,PS,PS,PS,PS,PS,PS,PS,PS,PS,PS,PS,PS,PS,PS,PS,PS,PS,PS,PS,PS,PS,PS,PS,PS,PS,PS,PS,PS,PS,PS,PS,PS,PS,PS,PS,PS,PS,PS,PS,PS,PS,PS,PS,PS,PS,PS,PS,PS,PS,PS,PS,PS,PS,PS,PS,PS,PS,PS,PS,PS,PS,PS,PS,PS,PS,PS,PS,PS,PS,PS,PS,PS,PS,PS,PS,PS,PS,PS,PS,PS,PS,PS,PS,PS,PS,PS,PS,PS,PS,PS,PS,PS,PS,PS,PS,PS,PS,1,PS,PS,PS,PS,PS,PS,PS,PS,PS,PS,PS,PS,PS,PS,PS,PS,PS,PS,PS,PS,PS,PS,PS,PS,PS,PS,PS,PS,PS,PS,PS,1,1,PS,PS,PS,PS,PS,PS,PS,PS,PS,PS,PS,PS,PS,43799,83343,60801,111527
132657,001505,Lynn University,"Private, nonprofit",1,5208,Finance and Financial Management Services.,3,Bachelor's Degree,16,25,PS,PS,PS,PS,PS,PS,PS,PS,PS,PS,PS,PS,PS,PS,PS,PS,PS,PS,PS,PS,PS,PS,PS,PS,PS,PS,PS,PS,PS,PS,PS,PS,PS,PS,PS,PS,PS,PS,PS,PS,PS,PS,PS,PS,PS,PS,PS,PS,PS,PS,PS,PS,PS,PS,PS,PS,PS,PS,PS,PS,PS,PS,PS,PS,1,PS,PS,PS,PS,PS,PS,PS,PS,PS,PS,PS,PS,PS,PS,PS,PS,PS,PS,PS,PS,PS,PS,PS,PS,PS,PS,PS,PS,PS,PS,PS,PS,PS,PS,PS,PS,PS,PS,PS,PS,PS,PS,PS,PS,PS,2,PS,PS,PS,PS,PS,1,PS,PS,PS,PS,PS,PS,PS,PS,PS,PS,PS,PS,PS,PS,PS,PS,PS,PS,PS,PS,PS,PS,PS,PS,PS,PS,PS,PS,PS,PS,PS,2,0,PS,PS,PS,PS,PS,PS,PS,PS,PS,PS,PS,PS,PS,43799,83343,60801,111527
132903,003954,University of Central Florida,Public,1,5208,Finance and Financial Management Services.,3,Bachelor's Degree,401,370,311,19706,18843,298,17761,17584,27,24954,17418,22,25708,22559,227,20099,19500,217,18189,18150,PS,PS,PS,PS,PS,PS,84,18645,14000,81,16612,13750,PS,PS,PS,PS,PS,PS,199,20524,18000,194,17641,16500,14,19458,PS,11,20285,PS,112,18254,20717,104,17983,20500,13,30873,PS,11,31131,PS,207,268,200,186,13,243,265,49096,6,160,178,45361,299,<=0.05,<=0.05,0.05 - 0.09,0.10 - 0.14,0.15 - 0.19,0.45 - 0.49,0.10 - 0.14,<=0.05,220,<=0.05,<=0.05,0.30 - 0.34,0.05 - 0.09,0.05 - 0.09,0.25 - 0.29,0.20 - 0.24,<=0.05,265,55597,113,58577,277,55763,100,58547,171,59471,160,146,131,57362,40,65131,125,59904,45,59008,16,377,56415,324,PS,323,6,240,82007,149,127,63949,43,76021,127,67820,43,66143,17,134,229,<=0.05,<=0.05,0.75 - 0.79,<=0.05,<=0.05,<=0.05,0.10 - 0.14,<=0.05,220,<=0.05,<=0.05,0.65 - 0.69,<=0.05,<=0.05,<=0.05,0.20 - 0.24,<=0.05,1,11,172,76925,160,125,74154,48,86567,125,77711,48,75909,26,142,43799,83343,60801,111527
133669,001481,Florida Atlantic University,Public,1,5208,Finance and Financial Management Services.,3,Bachelor's Degree,278,252,245,20481,17641,225,18109,15458,19,23629,12000,12,23551,PS,163,19494,17000,148,17723,15015,PS,PS,PS,PS,PS,PS,82,22444,20015,77,18852,17435,PS,PS,PS,PS,PS,PS,169,20781,17500,155,17991,15000,PS,PS,PS,PS,PS,PS,76,19814,20902,70,18370,17010,PS,PS,PS,PS,PS,PS,143,PS,187,164,16,194,215,41875,10,130,142,42944,148,<=0.10,<=0.10,0.20 - 0.29,<=0.10,0.20 - 0.29,0.30 - 0.39,0.10 - 0.19,<=0.10,131,<=0.10,<=0.10,0.20 - 0.29,0.10 - 0.19,0.10 - 0.19,0.30 - 0.39,0.10 - 0.19,<=0.10,217,48150,69,53644,193,48268,92,51335,145,49931,132,125,108,46170,37,60629,98,47674,47,50997,21,286,49551,225,PS,250,9,278,70078,123,101,60716,38,67591,91,61049,48,64248,PS,112,197,<=0.10,<=0.10,0.50 - 0.59,<=0.10,0.10 - 0.19,0.10 - 0.19,<=0.10,<=0.10,131,<=0.10,<=0.10,0.50 - 0.59,<=0.10,<=0.10,0.10 - 0.19,0.10 - 0.19,<=0.10,2,14,141,68293,131,104,67393,37,68974,94,69094,47,67840,22,109,43799,83343,60801,111527
133702,001484,Florida State College at Jacksonville,Public,1,5208,Finance and Financial Management Services.,3,Bachelor's Degree,89,37,33,28528,31224,26,23302,26292,PS,PS,PS,PS,PS,PS,12,27576,PS,11,20557,PS,PS,PS,PS,PS,PS,PS,21,29072,PS,15,25315,PS,PS,PS,PS,PS,PS,PS,PS,PS,PS,PS,PS,PS,PS,PS,PS,PS,PS,PS,PS,PS,PS,PS,PS,PS,PS,PS,PS,PS,PS,PS,PS,PS,331,279,0,PS,PS,PS,PS,PS,PS,PS,PS,PS,PS,PS,PS,PS,PS,PS,PS,PS,PS,PS,PS,PS,PS,PS,PS,PS,PS,PS,PS,PS,PS,PS,PS,PS,PS,PS,PS,PS,PS,PS,PS,PS,PS,PS,PS,PS,3,36,47586,26,PS,32,0,27,55025,PS,PS,PS,PS,PS,PS,PS,PS,PS,PS,PS,18,PS,PS,PS,PS,PS,PS,PS,PS,PS,PS,PS,PS,PS,PS,PS,PS,PS,1,0,PS,PS,PS,PS,PS,PS,PS,PS,PS,PS,PS,PS,PS,43799,83343,60801,111527
133711,007893,Flagler College,"Private, nonprofit",1,5208,Finance and Financial Management Services.,3,Bachelor's Degree,12,10,11,19704,PS,10,20532,PS,PS,PS,PS,PS,PS,PS,PS,PS,PS,PS,PS,PS,PS,PS,PS,PS,PS,PS,PS,PS,PS,PS,PS,PS,PS,PS,PS,PS,PS,PS,PS,PS,PS,PS,PS,PS,PS,PS,PS,PS,PS,PS,PS,PS,PS,PS,PS,PS,PS,PS,PS,PS,PS,PS,PS,PS,PS,PS,PS,PS,PS,PS,PS,PS,PS,PS,PS,PS,PS,PS,PS,PS,PS,PS,PS,PS,PS,PS,PS,PS,PS,PS,PS,PS,PS,PS,PS,PS,PS,PS,PS,PS,PS,PS,PS,PS,PS,PS,PS,PS,PS,PS,PS,PS,0,PS,PS,PS,PS,PS,PS,PS,PS,PS,PS,PS,PS,PS,PS,PS,PS,PS,PS,PS,PS,PS,PS,PS,PS,PS,PS,PS,PS,PS,PS,PS,PS,PS,PS,PS,PS,PS,1,PS,PS,PS,PS,PS,PS,PS,PS,PS,PS,PS,PS,PS,PS,43799,83343,60801,111527
133809,001482,Florida College,"Private, nonprofit",1,5208,Finance and Financial Management Services.,3,Bachelor's Degree,0,0,,,,,,,,,,,,,,,,,,,,,,,,,,,,,,,,,,,,,,,,,,,,,,,,,,,,,,,,,,,,,,,,,,,,,,,,,,,,,,,,,,,,,,,,,,,,,,,,,,,,,,,,,,,,,,,,,,,,,,PS,PS,,,,,,,,,,,,,,,,,,,,,,,,,,,,,,1,,,,,,,,,,,,,,,PS,PS,PS,PS
133881,001469,Florida Institute of Technology,"Private, nonprofit",1,5208,Finance and Financial Management Services.,3,Bachelor's Degree,0,4,,,,,,,,,,,,,,,,,,,,,,,,,,,,,,,,,,,,,,,,,,,,,,,,,,,,,,,,,,,,,,,,,,,,,,,,,,,,,,,,,,,,,,,,,,,PS,PS,PS,PS,PS,PS,PS,PS,,,,,,,,,,,,,PS,PS,PS,PS,PS,PS,,PS,PS,,,,,,,,,,,,,,,,,,,,,,,,,,,,,,1,PS,PS,PS,PS,PS,PS,PS,PS,PS,PS,PS,PS,PS,PS,PS,PS,PS,PS
133951,009635,Florida International University,Public,1,5208,Finance and Financial Management Services.,3,Bachelor's Degree,665,573,412,22265,18835,384,19269,16500,24,18845,14442,12,23748,PS,255,21160,18750,232,18779,16973,PS,PS,PS,PS,PS,PS,157,24060,20082,152,20016,16000,PS,PS,PS,PS,PS,PS,347,22303,18500,323,19104,16000,PS,PS,PS,PS,PS,PS,65,22064,22665,61,20140,20040,PS,PS,PS,PS,PS,PS,172,PS,200,175,26,379,432,44811,23,270,304,49482,328,<=0.05,<=0.05,0.20 - 0.24,0.05 - 0.09,0.15 - 0.19,0.35 - 0.39,0.10 - 0.14,<=0.05,302,<=0.05,<=0.05,0.25 - 0.29,<=0.05,0.15 - 0.19,0.30 - 0.34,0.10 - 0.14,<=0.05,447,51291,52,53443,304,51913,196,51404,338,52678,297,264,282,51801,56,55902,194,53300,144,52204,35,500,51633,383,PS,446,25,441,71355,270,267,61499,56,68174,184,67644,139,58862,33,258,335,<=0.05,<=0.05,0.60 - 0.64,0.10 - 0.14,0.05 - 0.09,0.10 - 0.14,0.05 - 0.09,<=0.05,302,<=0.05,<=0.05,0.60 - 0.64,<=0.05,<=0.05,0.05 - 0.09,0.15 - 0.19,<=0.05,2,33,322,76804,291,265,76568,57,79119,190,83041,132,71883,46,253,43799,83343,60801,111527
133979,001486,Florida Memorial University,"Private, nonprofit",1,5208,Finance and Financial Management Services.,3,Bachelor's Degree,,,PS,PS,PS,PS,PS,PS,PS,PS,PS,PS,PS,PS,PS,PS,PS,PS,PS,PS,PS,PS,PS,PS,PS,PS,PS,PS,PS,PS,PS,PS,PS,PS,PS,PS,PS,PS,PS,PS,PS,PS,PS,PS,PS,PS,PS,PS,PS,PS,PS,PS,PS,PS,PS,PS,PS,PS,PS,PS,PS,PS,PS,PS,PS,PS,0,PS,PS,PS,PS,PS,PS,PS,PS,PS,PS,PS,PS,PS,PS,PS,PS,14,PS,PS,PS,PS,PS,PS,PS,PS,PS,PS,PS,PS,PS,PS,PS,PS,PS,PS,PS,PS,PS,PS,PS,PS,PS,PS,PS,PS,1,PS,PS,PS,PS,PS,0,PS,PS,PS,PS,PS,PS,PS,PS,PS,PS,PS,PS,PS,PS,PS,PS,PS,PS,PS,PS,PS,PS,14,PS,PS,PS,PS,PS,PS,PS,PS,0,0,PS,PS,PS,PS,PS,PS,PS,PS,PS,PS,PS,PS,PS,43799,83343,60801,111527
134079,001488,Florida Southern College,"Private, nonprofit",1,5208,Finance and Financial Management Services.,3,Bachelor's Degree,3,5,,,,,,,,,,,,,,,,,,,,,,,,,,,,,,,,,,,,,,,,,,,,,,,,,,,,,,,,,,,,,,,,,,,,,,,,,,,,,,,,,,,,,,,,,,,,,,,,,,,,,,,,,,,,,,,,,,,,,,PS,PS,,,,,,,,,,,,,,,,,,,,,,,,,,,,,,1,,,,,,,,,,,,,,,PS,PS,PS,PS
134097,001489,Florida State University,Public,1,5208,Finance and Financial Management Services.,3,Bachelor's Degree,589,703,414,17895,18162,411,17101,16740,60,25209,17820,57,24698,16000,299,18503,19144,296,17778,17750,46,23349,PS,44,22500,PS,115,PS,15000,115,PS,14851,14,31320,PS,13,32140,PS,205,17683,17100,202,16944,16205,21,15409,8612,19,14752,7200,209,PS,18518,209,PS,17294,39,30486,25644,38,29672,25688,212,190,193,177,20,499,545,51300,15,342,384,50894,406,<=0.05,<=0.05,0.10 - 0.14,<=0.05,0.15 - 0.19,0.45 - 0.49,0.15 - 0.19,<=0.05,341,<=0.05,<=0.05,0.10 - 0.14,0.05 - 0.09,0.15 - 0.19,0.40 - 0.44,0.20 - 0.24,<=0.05,215,52623,204,57850,295,55357,124,57767,448,63855,363,341,194,62752,255,64048,326,62982,122,65365,13,419,56516,346,PS,290,17,585,87089,421,203,73478,260,78048,336,75135,127,76109,94,284,402,<=0.05,<=0.05,0.50 - 0.54,0.05 - 0.09,0.10 - 0.14,0.15 - 0.19,0.10 - 0.14,<=0.05,341,<=0.05,<=0.05,0.45 - 0.49,<=0.05,<=0.05,0.15 - 0.19,0.25 - 0.29,<=0.05,1,25,466,88996,436,202,85087,264,91220,334,89026,132,88073,117,293,43799,83343,60801,111527
134130,001535,University of Florida,Public,1,5208,Finance and Financial Management Services.,3,Bachelor's Degree,248,240,130,PS,17954,130,PS,16681,27,20843,12370,26,21380,12696,86,PS,17683,86,PS,16478,PS,PS,PS,PS,PS,PS,44,PS,18269,44,PS,18269,PS,PS,PS,PS,PS,PS,70,PS,13975,70,PS,13794,12,16021,PS,11,16852,PS,60,PS,19144,60,PS,19144,15,PS,PS,15,PS,PS,147,151,190,177,9,189,202,59482,8,304,325,59318,151,<=0.10,<=0.10,<=0.10,<=0.10,0.10 - 0.19,0.50 - 0.59,0.20 - 0.29,<=0.10,151,<=0.10,<=0.10,<=0.10,<=0.10,0.10 - 0.19,0.40 - 0.49,0.20 - 0.29,<=0.10,98,72328,94,68987,120,70073,72,70665,352,72750,306,286,156,69616,195,74831,220,72594,131,75190,7,192,70663,173,36,119,12,233,106153,334,159,79789,203,84976,224,84171,139,82844,61,200,123,<=0.10,<=0.10,0.50 - 0.59,<=0.10,<=0.10,0.20 - 0.29,0.10 - 0.19,<=0.10,151,<=0.10,<=0.10,0.40 - 0.49,<=0.10,<=0.10,0.20 - 0.29,0.20 - 0.29,<=0.10,1,16,361,101867,341,156,100928,205,104011,227,104410,134,99867,76,211,43799,83343,60801,111527
134945,001495,Jacksonville University,"Private, nonprofit",1,5208,Finance and Financial Management Services.,3,Bachelor's Degree,19,14,19,PS,22860,19,PS,22000,PS,PS,PS,PS,PS,PS,PS,PS,PS,PS,PS,PS,PS,PS,PS,PS,PS,PS,PS,PS,PS,PS,PS,PS,PS,PS,PS,PS,PS,PS,PS,PS,PS,PS,PS,PS,PS,PS,PS,PS,PS,PS,PS,PS,PS,PS,PS,PS,PS,PS,PS,PS,PS,PS,PS,PS,242,233,1,18,20,46003,0,14,15,53358,21,PS,PS,PS,PS,PS,PS,PS,PS,17,PS,PS,PS,PS,PS,PS,PS,PS,PS,PS,PS,PS,PS,PS,PS,PS,19,58704,17,18,PS,PS,PS,PS,PS,PS,PS,PS,0,PS,PS,PS,PS,PS,0,23,70456,PS,PS,PS,PS,PS,PS,PS,PS,PS,PS,PS,21,PS,PS,PS,PS,PS,PS,PS,PS,17,PS,PS,PS,PS,PS,PS,PS,PS,1,1,19,81799,19,PS,PS,PS,PS,PS,PS,PS,PS,PS,PS,43799,83343,60801,111527
135726,001536,University of Miami,"Private, nonprofit",1,5208,Finance and Financial Management Services.,3,Bachelor's Degree,256,213,99,15728,14500,96,15398,14500,34,66725,41480,33,68381,43796,69,16324,16000,66,15872,15375,24,69725,PS,23,72230,PS,30,PS,12750,30,PS,12750,10,PS,PS,10,PS,PS,47,17255,17500,46,16879,17125,17,PS,PS,17,PS,PS,52,14347,13000,50,14036,13000,17,94803,PS,16,99972,PS,493,521,154,154,10,98,109,57413,8,60,64,60623,90,<=0.20,<=0.20,<=0.20,<=0.20,<=0.20,0.60 - 0.79,0.20 - 0.39,<=0.20,62,<=0.20,<=0.20,<=0.20,<=0.20,<=0.20,0.40 - 0.59,0.20 - 0.39,<=0.20,53,67182,52,71608,74,71079,31,67289,71,72612,63,54,34,66431,35,79134,56,70495,PS,PS,9,105,70352,86,PS,47,9,122,110240,PS,29,78686,33,91124,50,84768,PS,PS,PS,22,97,<=0.20,<=0.20,0.20 - 0.39,<=0.20,<=0.20,0.20 - 0.39,0.20 - 0.39,<=0.20,62,<=0.20,<=0.20,0.40 - 0.59,<=0.20,<=0.20,<=0.20,0.20 - 0.39,<=0.20,1,10,65,111946,60,27,101208,39,127934,48,108309,16,126778,PS,25,43799,83343,60801,111527
136172,009841,University of North Florida,Public,1,5208,Finance and Financial Management Services.,3,Bachelor's Degree,149,127,123,18366,15836,111,16246,14750,11,15314,PS,PS,PS,PS,85,18618,15250,75,16439,14750,PS,PS,PS,PS,PS,PS,38,17802,16168,36,15844,14512,PS,PS,PS,PS,PS,PS,71,20288,17500,69,16711,15000,PS,PS,PS,PS,PS,PS,52,15741,13000,42,15482,14167,PS,PS,PS,PS,PS,PS,PS,PS,168,156,3,115,118,48026,3,102,116,48539,81,<=0.20,<=0.20,0.20 - 0.39,<=0.20,<=0.20,0.40 - 0.59,<=0.20,<=0.20,77,<=0.20,<=0.20,<=0.20,<=0.20,<=0.20,0.40 - 0.59,<=0.20,<=0.20,97,48777,54,56408,105,51139,46,48572,116,57275,106,98,85,56718,32,57493,82,58169,37,52048,2,151,51118,115,PS,137,8,142,75475,PS,78,61918,33,70777,79,67652,33,55727,PS,92,106,<=0.10,<=0.10,0.50 - 0.59,<=0.10,0.10 - 0.19,0.20 - 0.29,0.10 - 0.19,<=0.10,77,<=0.20,<=0.20,0.40 - 0.59,<=0.20,<=0.20,0.20 - 0.39,0.20 - 0.39,<=0.20,1,7,115,72191,106,82,70547,33,78328,78,83012,36,63224,PS,93,43799,83343,60801,111527
136215,001509,Nova Southeastern University,"Private, nonprofit",1,5208,Finance and Financial Management Services.,3,Bachelor's Degree,29,42,24,PS,24028,24,PS,23000,PS,PS,PS,PS,PS,PS,PS,PS,PS,PS,PS,PS,PS,PS,PS,PS,PS,PS,PS,PS,PS,PS,PS,PS,PS,PS,PS,PS,PS,PS,PS,PS,PS,PS,PS,PS,PS,PS,PS,PS,PS,PS,PS,PS,PS,PS,PS,PS,PS,PS,PS,PS,PS,PS,PS,PS,255,244,2,19,25,40352,PS,PS,PS,PS,23,PS,PS,PS,PS,PS,PS,PS,PS,13,PS,PS,PS,PS,PS,PS,PS,PS,PS,PS,PS,PS,PS,PS,PS,PS,PS,PS,PS,PS,PS,PS,PS,PS,PS,PS,PS,PS,2,19,37143,PS,PS,PS,0,31,66302,PS,PS,PS,PS,PS,PS,PS,PS,PS,PS,16,18,PS,PS,PS,PS,PS,PS,PS,PS,13,PS,PS,PS,PS,PS,PS,PS,PS,2,2,20,87868,20,PS,PS,PS,PS,PS,PS,PS,PS,PS,PS,43799,83343,60801,111527
136330,008849,Palm Beach Atlantic University,"Private, nonprofit",1,5208,Finance and Financial Management Services.,3,Bachelor's Degree,15,16,15,PS,PS,15,PS,PS,PS,PS,PS,PS,PS,PS,PS,PS,PS,PS,PS,PS,PS,PS,PS,PS,PS,PS,PS,PS,PS,PS,PS,PS,PS,PS,PS,PS,PS,PS,PS,PS,PS,PS,PS,PS,PS,PS,PS,PS,PS,PS,PS,PS,PS,PS,PS,PS,PS,PS,PS,PS,PS,PS,PS,PS,PS,PS,2,PS,PS,PS,PS,PS,PS,PS,12,PS,PS,PS,PS,PS,PS,PS,PS,11,PS,PS,PS,PS,PS,PS,PS,PS,PS,PS,PS,PS,PS,PS,PS,PS,PS,PS,PS,PS,PS,PS,PS,PS,PS,PS,PS,PS,1,PS,PS,PS,PS,PS,3,16,66689,PS,PS,PS,PS,PS,PS,PS,PS,PS,PS,PS,18,PS,PS,PS,PS,PS,PS,PS,PS,11,PS,PS,PS,PS,PS,PS,PS,PS,1,1,PS,PS,PS,PS,PS,PS,PS,PS,PS,PS,PS,PS,PS,43799,83343,60801,111527
137351,001537,University of South Florida,Public,1,5208,Finance and Financial Management Services.,3,Bachelor's Degree,371,465,358,21140,19542,332,17836,16691,53,23308,13500,38,23342,14085,247,20843,19874,228,17578,16811,38,23349,PS,25,23602,PS,111,21803,19500,104,18400,15729,15,23203,PS,13,22843,PS,256,22198,20125,240,18150,16750,27,16589,8463,20,16436,PS,102,18485,19339,92,17015,16156,26,30285,15644,18,31015,PS,161,167,207,177,13,388,425,47151,20,284,320,44850,307,<=0.05,<=0.05,0.20 - 0.24,0.05 - 0.09,0.20 - 0.24,0.35 - 0.39,0.10 - 0.14,<=0.05,284,<=0.05,<=0.05,0.30 - 0.34,<=0.05,0.15 - 0.19,0.30 - 0.34,0.10 - 0.14,<=0.05,323,48947,99,52119,289,51108,133,47917,337,52640,306,285,264,50912,74,58917,237,54795,101,50078,26,422,49906,328,PS,374,31,463,73933,281,239,60867,78,68417,220,63755,96,59527,24,261,324,<=0.05,<=0.05,0.60 - 0.64,0.05 - 0.09,0.05 - 0.09,0.15 - 0.19,0.05 - 0.09,<=0.05,284,<=0.05,<=0.05,0.55 - 0.59,<=0.05,<=0.05,0.15 - 0.19,0.10 - 0.14,<=0.05,1,25,337,72549,300,258,71061,79,78803,229,73007,108,70172,40,269,43799,83343,60801,111527
137476,001468,St. Thomas University,"Private, nonprofit",1,5208,Finance and Financial Management Services.,3,Bachelor's Degree,7,11,PS,PS,PS,PS,PS,PS,PS,PS,PS,PS,PS,PS,PS,PS,PS,PS,PS,PS,PS,PS,PS,PS,PS,PS,PS,PS,PS,PS,PS,PS,PS,PS,PS,PS,PS,PS,PS,PS,PS,PS,PS,PS,PS,PS,PS,PS,PS,PS,PS,PS,PS,PS,PS,PS,PS,PS,PS,PS,PS,PS,PS,PS,PS,PS,0,PS,PS,PS,PS,PS,PS,PS,PS,PS,PS,PS,PS,PS,PS,PS,PS,PS,PS,PS,PS,PS,PS,PS,PS,PS,PS,PS,PS,PS,PS,PS,PS,PS,PS,PS,PS,PS,PS,PS,PS,PS,PS,PS,PS,PS,1,PS,PS,PS,PS,PS,0,PS,PS,PS,PS,PS,PS,PS,PS,PS,PS,PS,PS,PS,PS,PS,PS,PS,PS,PS,PS,PS,PS,PS,PS,PS,PS,PS,PS,PS,PS,PS,1,0,PS,PS,PS,PS,PS,PS,PS,PS,PS,PS,PS,PS,PS,43799,83343,60801,111527
137546,001531,Stetson University,"Private, nonprofit",1,5208,Finance and Financial Management Services.,3,Bachelor's Degree,46,43,72,22405,24671,71,22241,24990,26,58724,56268,25,58421,55500,42,PS,24120,42,PS,24120,15,PS,PS,15,PS,PS,30,23322,24676,29,23333,25000,11,53823,PS,10,52576,PS,35,PS,25000,35,PS,25000,14,52775,PS,13,52447,PS,37,21205,24352,36,21259,24671,12,PS,PS,12,PS,PS,669,660,262,265,2,46,50,46408,0,39,41,48667,56,<=0.20,<=0.20,<=0.20,<=0.20,0.20 - 0.39,0.40 - 0.59,<=0.20,<=0.20,47,PS,PS,PS,PS,PS,0.60 - 0.79,PS,PS,35,49994,34,60153,40,55217,29,54927,47,57737,39,37,26,59811,21,48297,36,57530,PS,PS,3,69,55161,60,PS,48,4,61,85033,PS,25,74039,22,64379,38,71037,PS,PS,PS,27,61,<=0.20,<=0.20,0.40 - 0.59,<=0.20,<=0.20,<=0.20,<=0.20,<=0.20,47,PS,PS,0.40 - 0.59,PS,PS,0.20 - 0.39,PS,PS,1,3,48,79626,45,23,86785,PS,PS,PS,PS,PS,PS,PS,31,43799,83343,60801,111527
137564,001521,Southeastern University,"Private, nonprofit",1,5208,Finance and Financial Management Services.,3,Bachelor's Degree,8,7,PS,PS,PS,PS,PS,PS,PS,PS,PS,PS,PS,PS,PS,PS,PS,PS,PS,PS,PS,PS,PS,PS,PS,PS,PS,PS,PS,PS,PS,PS,PS,PS,PS,PS,PS,PS,PS,PS,PS,PS,PS,PS,PS,PS,PS,PS,PS,PS,PS,PS,PS,PS,PS,PS,PS,PS,PS,PS,PS,PS,PS,PS,PS,PS,0,PS,PS,PS,PS,PS,PS,PS,PS,PS,PS,PS,PS,PS,PS,PS,PS,PS,PS,PS,PS,PS,PS,PS,PS,PS,PS,PS,PS,PS,PS,PS,PS,PS,PS,PS,PS,PS,PS,PS,PS,PS,PS,PS,PS,PS,0,PS,PS,PS,PS,PS,0,PS,PS,PS,PS,PS,PS,PS,PS,PS,PS,PS,PS,PS,PS,PS,PS,PS,PS,PS,PS,PS,PS,PS,PS,PS,PS,PS,PS,PS,PS,PS,1,0,PS,PS,PS,PS,PS,PS,PS,PS,PS,PS,PS,PS,PS,43799,83343,60801,111527
137847,001538,The University of Tampa,"Private, nonprofit",1,5208,Finance and Financial Management Services.,3,Bachelor's Degree,150,146,124,23456,26000,123,22200,25250,40,57025,60338,39,57101,59676,101,22491,26000,100,21461,24250,PS,PS,PS,PS,PS,PS,23,PS,27000,23,PS,26000,PS,PS,PS,PS,PS,PS,47,PS,27000,47,PS,25500,17,49579,PS,16,51630,PS,77,21350,25990,76,20983,24250,23,PS,PS,23,PS,PS,717,710,276,268,3,80,85,48568,2,40,42,49579,68,<=0.20,<=0.20,<=0.20,<=0.20,0.20 - 0.39,0.40 - 0.59,<=0.20,<=0.20,47,PS,PS,PS,PS,PS,0.40 - 0.59,PS,PS,54,50844,67,53770,98,52939,23,49774,41,63366,40,39,17,57434,25,64003,35,65500,PS,PS,2,122,51845,99,PS,79,0,110,90485,PS,18,71602,27,80257,39,81719,PS,PS,PS,26,110,<=0.10,<=0.10,0.50 - 0.59,<=0.10,<=0.10,0.20 - 0.29,<=0.10,<=0.10,47,PS,PS,0.60 - 0.79,PS,PS,PS,PS,PS,1,2,43,85283,40,17,99489,25,85982,PS,PS,PS,PS,PS,23,43799,83343,60801,111527
138293,001540,Webber International University,"Private, nonprofit",1,5208,Finance and Financial Management Services.,3,Bachelor's Degree,7,6,PS,PS,PS,PS,PS,PS,PS,PS,PS,PS,PS,PS,PS,PS,PS,PS,PS,PS,PS,PS,PS,PS,PS,PS,PS,PS,PS,PS,PS,PS,PS,PS,PS,PS,PS,PS,PS,PS,PS,PS,PS,PS,PS,PS,PS,PS,PS,PS,PS,PS,PS,PS,PS,PS,PS,PS,PS,PS,PS,PS,PS,PS,PS,PS,1,PS,PS,PS,PS,PS,PS,PS,PS,PS,PS,PS,PS,PS,PS,PS,PS,PS,PS,PS,PS,PS,PS,PS,PS,PS,PS,PS,PS,PS,PS,PS,PS,PS,PS,PS,PS,PS,PS,PS,PS,PS,PS,PS,PS,PS,0,PS,PS,PS,PS,PS,1,PS,PS,PS,PS,PS,PS,PS,PS,PS,PS,PS,PS,PS,PS,PS,PS,PS,PS,PS,PS,PS,PS,PS,PS,PS,PS,PS,PS,PS,PS,PS,1,1,PS,PS,PS,PS,PS,PS,PS,PS,PS,PS,PS,PS,PS,43799,83343,60801,111527
138309,008694,Rasmussen University-Florida,"Private, for-profit",0,5208,Finance and Financial Management Services.,3,Bachelor's Degree,23,20,45,32694,31000,39,24916,24433,PS,PS,PS,PS,PS,PS,PS,29989,29933,PS,23491,PS,PS,PS,PS,PS,PS,PS,PS,34670,34956,PS,25907,PS,PS,PS,PS,PS,PS,PS,29,34058,PS,26,24755,PS,PS,PS,PS,PS,PS,PS,16,30220,PS,13,25236,PS,PS,PS,PS,PS,PS,PS,PS,PS,329,259,2,35,38,48056,0,34,35,52107,42,PS,PS,0.20 - 0.39,PS,PS,0.20 - 0.39,PS,PS,46,PS,PS,PS,PS,0.20 - 0.39,0.20 - 0.39,PS,PS,PS,PS,PS,PS,17,49180,22,46593,35,59028,33,31,26,59525,PS,PS,PS,PS,24,58429,4,39,47744,33,PS,PS,0,45,70838,PS,27,61943,PS,PS,PS,PS,23,60842,PS,PS,39,PS,PS,0.60 - 0.79,PS,PS,PS,PS,PS,46,PS,PS,0.40 - 0.59,PS,PS,PS,PS,PS,3,0,32,64173,30,PS,PS,PS,PS,PS,PS,PS,PS,PS,PS,43799,83343,60801,111527
138354,003955,University of West Florida,Public,1,5208,Finance and Financial Management Services.,3,Bachelor's Degree,34,33,20,20927,20500,19,18006,20000,PS,PS,PS,PS,PS,PS,PS,PS,PS,PS,PS,PS,PS,PS,PS,PS,PS,PS,PS,PS,PS,PS,PS,PS,PS,PS,PS,PS,PS,PS,PS,PS,PS,PS,PS,PS,PS,PS,PS,PS,PS,PS,PS,PS,PS,PS,PS,PS,PS,PS,PS,PS,PS,PS,PS,PS,217,212,5,17,21,37311,0,17,19,32569,28,PS,PS,PS,PS,PS,PS,PS,PS,24,PS,PS,PS,PS,PS,PS,PS,PS,PS,PS,PS,PS,PS,PS,PS,PS,19,41633,18,16,18,38777,PS,PS,PS,PS,PS,PS,1,19,39986,PS,PS,16,0,19,66463,PS,PS,PS,PS,PS,PS,PS,PS,PS,PS,PS,13,PS,PS,PS,PS,PS,PS,PS,PS,24,PS,PS,PS,PS,PS,PS,PS,PS,2,2,19,61307,PS,PS,PS,PS,PS,PS,PS,PS,PS,PS,PS,43799,83343,60801,111527
138868,001547,Point University,"Private, nonprofit",1,5208,Finance and Financial Management Services.,3,Bachelor's Degree,3,1,PS,PS,PS,PS,PS,PS,PS,PS,PS,PS,PS,PS,PS,PS,PS,PS,PS,PS,PS,PS,PS,PS,PS,PS,PS,PS,PS,PS,PS,PS,PS,PS,PS,PS,PS,PS,PS,PS,PS,PS,PS,PS,PS,PS,PS,PS,PS,PS,PS,PS,PS,PS,PS,PS,PS,PS,PS,PS,PS,PS,PS,PS,PS,PS,PS,PS,PS,PS,,,,,PS,PS,PS,PS,PS,PS,PS,PS,PS,PS,PS,PS,PS,PS,PS,PS,PS,PS,PS,PS,PS,PS,PS,PS,PS,PS,PS,PS,PS,PS,PS,PS,PS,PS,PS,PS,PS,PS,0,PS,PS,PS,PS,PS,PS,PS,PS,PS,PS,PS,PS,PS,PS,PS,PS,PS,PS,PS,PS,PS,PS,PS,PS,PS,PS,PS,PS,PS,PS,PS,PS,PS,PS,PS,PS,PS,1,PS,PS,PS,PS,PS,PS,PS,PS,PS,PS,PS,PS,PS,PS,PS,PS,PS,PS
139144,001554,Berry College,"Private, nonprofit",1,5208,Finance and Financial Management Services.,3,Bachelor's Degree,17,12,14,PS,PS,14,PS,PS,PS,PS,PS,PS,PS,PS,PS,PS,PS,PS,PS,PS,PS,PS,PS,PS,PS,PS,PS,PS,PS,PS,PS,PS,PS,PS,PS,PS,PS,PS,PS,PS,PS,PS,PS,PS,PS,PS,PS,PS,PS,PS,PS,PS,PS,PS,PS,PS,PS,PS,PS,PS,PS,PS,PS,PS,PS,PS,0,PS,PS,PS,0,14,14,43798,14,PS,PS,PS,PS,PS,PS,PS,PS,13,PS,PS,PS,PS,PS,PS,PS,PS,PS,PS,PS,PS,PS,PS,PS,PS,PS,PS,PS,PS,PS,PS,PS,PS,PS,PS,PS,PS,0,PS,PS,PS,PS,PS,0,PS,PS,PS,PS,PS,PS,PS,PS,PS,PS,PS,PS,PS,14,PS,PS,PS,PS,PS,PS,PS,PS,13,PS,PS,PS,PS,PS,PS,PS,PS,1,0,PS,PS,PS,PS,PS,PS,PS,PS,PS,PS,PS,PS,PS,43799,83343,60801,111527
139199,001556,Brenau University,"Private, nonprofit",1,5208,Finance and Financial Management Services.,3,Bachelor's Degree,5,2,PS,PS,PS,PS,PS,PS,PS,PS,PS,PS,PS,PS,PS,PS,PS,PS,PS,PS,PS,PS,PS,PS,PS,PS,PS,PS,PS,PS,PS,PS,PS,PS,PS,PS,PS,PS,PS,PS,PS,PS,PS,PS,PS,PS,PS,PS,PS,PS,PS,PS,PS,PS,PS,PS,PS,PS,PS,PS,PS,PS,PS,PS,PS,PS,PS,PS,PS,PS,,,,,PS,PS,PS,PS,PS,PS,PS,PS,PS,PS,PS,PS,PS,PS,PS,PS,PS,PS,PS,PS,PS,PS,PS,PS,PS,PS,PS,PS,PS,PS,PS,PS,PS,PS,PS,PS,PS,PS,PS,PS,PS,PS,PS,PS,PS,PS,PS,PS,PS,PS,PS,PS,PS,PS,PS,PS,PS,PS,PS,PS,PS,PS,PS,PS,PS,PS,PS,PS,PS,PS,PS,PS,PS,PS,PS,PS,3,PS,PS,PS,PS,PS,PS,PS,PS,PS,PS,PS,PS,PS,PS,PS,PS,PS,PS
139366,001561,Columbus State University,Public,1,5208,Finance and Financial Management Services.,3,Bachelor's Degree,14,18,25,26161,25488,23,26240,24750,PS,PS,PS,PS,PS,PS,PS,PS,PS,PS,PS,PS,PS,PS,PS,PS,PS,PS,PS,PS,PS,PS,PS,PS,PS,PS,PS,PS,PS,PS,PS,PS,PS,PS,PS,PS,PS,PS,PS,PS,PS,PS,PS,PS,PS,PS,PS,PS,PS,PS,PS,PS,PS,PS,PS,PS,270,262,2,27,27,44742,1,23,29,38289,23,PS,PS,PS,PS,PS,PS,PS,PS,20,PS,PS,PS,PS,PS,PS,PS,PS,PS,PS,PS,PS,PS,PS,PS,PS,27,42342,27,26,17,41385,PS,PS,PS,PS,PS,PS,2,27,46812,19,PS,23,0,34,65380,PS,PS,PS,PS,PS,17,50573,PS,PS,PS,19,20,PS,PS,0.40 - 0.59,PS,PS,PS,PS,PS,20,PS,PS,PS,PS,PS,PS,PS,PS,2,0,28,58109,27,PS,PS,PS,PS,PS,PS,PS,PS,PS,20,43799,83343,60801,111527
139463,003956,Dalton State College,Public,1,5208,Finance and Financial Management Services.,3,Bachelor's Degree,14,10,PS,PS,PS,PS,PS,PS,PS,PS,PS,PS,PS,PS,PS,PS,PS,PS,PS,PS,PS,PS,PS,PS,PS,PS,PS,PS,PS,PS,PS,PS,PS,PS,PS,PS,PS,PS,PS,PS,PS,PS,PS,PS,PS,PS,PS,PS,PS,PS,PS,PS,PS,PS,PS,PS,PS,PS,PS,PS,PS,PS,PS,PS,PS,PS,0,PS,PS,PS,PS,PS,PS,PS,PS,PS,PS,PS,PS,PS,PS,PS,PS,PS,PS,PS,PS,PS,PS,PS,PS,PS,PS,PS,PS,PS,PS,PS,PS,PS,PS,PS,PS,PS,PS,PS,PS,PS,PS,PS,PS,PS,1,PS,PS,PS,PS,PS,PS,PS,PS,PS,PS,PS,PS,PS,PS,PS,PS,PS,PS,PS,PS,PS,PS,PS,PS,PS,PS,PS,PS,PS,PS,PS,PS,PS,PS,PS,PS,PS,1,PS,PS,PS,PS,PS,PS,PS,PS,PS,PS,PS,PS,PS,PS,43799,83343,60801,111527
139861,001602,Georgia College & State University,Public,1,5208,Finance and Financial Management Services.,3,Bachelor's Degree,,3,,,,,,,,,,,,,,,,,,,,,,,,,,,,,,,,,,,,,,,,,,,,,,,,,,,,,,,,,,,,,,,,,,,,,,,,,,,,,,,,,,,,,,,,,,,,,,,,,,,,,,,,,,,,,,,,,,,,,,PS,PS,,,,,,,,,,,,,,,,,,,,,,,,,,,,,,1,,,,,,,,,,,,,,,PS,PS,PS,PS
139931,001572,Georgia Southern University,Public,1,5208,Finance and Financial Management Services.,3,Bachelor's Degree,95,113,109,24411,24656,108,22412,22000,27,21049,17138,20,21662,16433,71,24892,25000,70,22905,22000,15,23703,PS,10,25292,PS,38,PS,22625,38,PS,21375,12,17732,PS,10,18031,PS,55,27678,26000,54,24938,24196,13,17230,PS,PS,PS,PS,54,PS,22375,54,PS,20000,14,24595,PS,PS,PS,PS,204,195,261,233,3,115,130,45481,3,84,90,45435,114,<=0.10,<=0.10,0.10 - 0.19,<=0.10,0.20 - 0.29,0.40 - 0.49,<=0.10,<=0.10,90,<=0.20,<=0.20,0.20 - 0.39,<=0.20,<=0.20,0.20 - 0.39,<=0.20,<=0.20,61,48347,71,51377,95,52202,39,49094,90,53673,87,81,44,53362,45,53843,67,57097,23,49819,2,133,50753,109,PS,102,2,126,79411,PS,45,65173,45,57980,68,64225,21,55101,PS,70,88,<=0.20,<=0.20,0.40 - 0.59,<=0.20,<=0.20,<=0.20,<=0.20,<=0.20,90,<=0.20,<=0.20,0.40 - 0.59,<=0.20,<=0.20,0.20 - 0.39,<=0.20,<=0.20,1,1,90,70551,83,45,73471,45,69307,69,73732,21,64231,PS,74,43799,83343,60801,111527
139940,001574,Georgia State University,Public,1,5208,Finance and Financial Management Services.,3,Bachelor's Degree,236,234,275,24303,24250,264,22495,21625,41,20680,14860,33,18393,14000,181,24553,25000,170,22641,21625,29,22364,PS,22,20958,PS,94,PS,24250,94,PS,21625,12,16608,PS,11,13264,PS,209,25564,25500,203,23229,22250,23,19479,PS,18,15565,PS,66,20312,19665,61,20053,19422,18,22214,PS,15,21787,PS,177,166,257,229,17,311,358,47491,18,249,281,50137,304,<=0.05,<=0.05,0.30 - 0.34,0.05 - 0.09,0.20 - 0.24,0.30 - 0.34,0.05 - 0.09,<=0.05,270,<=0.05,<=0.05,0.30 - 0.34,<=0.05,0.20 - 0.24,0.25 - 0.29,0.05 - 0.09,<=0.05,233,53461,62,63440,189,58018,106,52564,314,55158,274,248,258,53555,58,60906,186,55525,130,53637,21,295,56344,235,PS,262,29,353,82688,251,233,65297,54,69200,169,66712,119,65134,30,240,259,<=0.05,<=0.05,0.55 - 0.59,<=0.05,0.15 - 0.19,0.10 - 0.14,<=0.05,<=0.05,270,<=0.05,<=0.05,0.55 - 0.59,<=0.05,0.05 - 0.09,0.10 - 0.14,0.10 - 0.14,<=0.05,1,24,291,76480,255,237,76092,54,87314,173,80436,118,74879,36,247,43799,83343,60801,111527
139959,001598,University of Georgia,Public,1,5208,Finance and Financial Management Services.,3,Bachelor's Degree,544,545,335,19224,20299,321,17564,17500,121,26246,17016,115,24625,16582,253,19363,20500,241,17413,17200,90,26629,19410,85,24595,17812,82,18794,19500,80,18022,18591,31,25135,15170,30,24708,14085,147,20514,20500,144,17965,16996,34,24064,13754,32,23593,13754,188,18215,19899,177,17239,18000,87,27099,20000,83,25022,19239,202,197,215,186,5,368,393,56462,10,338,356,57907,301,<=0.05,<=0.05,<=0.05,<=0.05,0.10 - 0.14,0.55 - 0.59,0.20 - 0.24,<=0.05,311,<=0.05,<=0.05,<=0.05,<=0.05,0.10 - 0.14,0.50 - 0.54,0.25 - 0.29,<=0.05,204,64535,224,69413,317,66061,110,68668,359,70094,344,329,204,65735,154,72460,266,71130,94,66955,17,428,67444,395,PS,338,14,377,97364,315,189,78319,150,86170,250,82977,89,79034,PS,243,298,<=0.05,<=0.05,0.40 - 0.44,<=0.05,0.10 - 0.14,0.25 - 0.29,0.10 - 0.14,<=0.05,311,<=0.05,<=0.05,0.30 - 0.34,<=0.05,0.05 - 0.09,0.20 - 0.24,0.30 - 0.34,<=0.05,1,14,342,95338,316,192,93220,150,98932,249,95476,93,95189,21,247,43799,83343,60801,111527
140447,001580,Mercer University,"Private, nonprofit",1,5208,Finance and Financial Management Services.,3,Bachelor's Degree,35,33,28,PS,19500,28,PS,19500,PS,PS,PS,PS,PS,PS,18,PS,PS,18,PS,PS,PS,PS,PS,PS,PS,PS,10,PS,PS,10,PS,PS,PS,PS,PS,PS,PS,PS,11,PS,PS,11,PS,PS,PS,PS,PS,PS,PS,PS,17,PS,PS,17,PS,PS,PS,PS,PS,PS,PS,PS,PS,PS,207,207,0,PS,17,53576,PS,PS,PS,PS,15,PS,PS,PS,PS,PS,PS,PS,PS,12,PS,PS,PS,PS,PS,PS,PS,PS,PS,PS,PS,PS,PS,PS,PS,PS,PS,PS,PS,PS,PS,PS,PS,PS,PS,PS,PS,PS,2,26,47956,19,PS,22,0,21,66036,PS,PS,PS,PS,PS,PS,PS,PS,PS,PS,PS,18,PS,PS,PS,PS,PS,PS,PS,PS,12,PS,PS,PS,PS,PS,PS,PS,PS,1,0,PS,PS,PS,PS,PS,PS,PS,PS,PS,PS,PS,PS,PS,43799,83343,60801,111527
140818,001588,Piedmont University,"Private, nonprofit",1,5208,Finance and Financial Management Services.,3,Bachelor's Degree,4,4,PS,PS,PS,PS,PS,PS,PS,PS,PS,PS,PS,PS,PS,PS,PS,PS,PS,PS,PS,PS,PS,PS,PS,PS,PS,PS,PS,PS,PS,PS,PS,PS,PS,PS,PS,PS,PS,PS,PS,PS,PS,PS,PS,PS,PS,PS,PS,PS,PS,PS,PS,PS,PS,PS,PS,PS,PS,PS,PS,PS,PS,PS,PS,PS,PS,PS,PS,PS,,,,,PS,PS,PS,PS,PS,PS,PS,PS,PS,PS,PS,PS,PS,PS,PS,PS,PS,PS,PS,PS,PS,PS,PS,PS,PS,PS,PS,PS,PS,PS,PS,PS,PS,PS,PS,PS,PS,PS,PS,PS,PS,PS,PS,PS,PS,PS,PS,PS,PS,PS,PS,PS,PS,PS,PS,PS,PS,PS,PS,PS,PS,PS,PS,PS,PS,PS,PS,PS,PS,PS,PS,PS,PS,PS,PS,PS,1,PS,PS,PS,PS,PS,PS,PS,PS,PS,PS,PS,PS,PS,PS,PS,PS,PS,PS
141264,001599,Valdosta State University,Public,1,5208,Finance and Financial Management Services.,3,Bachelor's Degree,21,48,36,PS,26562,36,PS,23312,15,PS,PS,15,PS,PS,24,PS,PS,24,PS,PS,PS,PS,PS,PS,PS,PS,12,PS,PS,12,PS,PS,PS,PS,PS,PS,PS,PS,18,PS,PS,18,PS,PS,PS,PS,PS,PS,PS,PS,18,PS,PS,18,PS,PS,PS,PS,PS,PS,PS,PS,PS,PS,282,247,0,24,26,38173,1,25,31,38289,39,PS,PS,PS,PS,0.40 - 0.59,0.20 - 0.39,PS,PS,35,PS,PS,PS,PS,0.20 - 0.39,0.20 - 0.39,PS,PS,PS,PS,PS,PS,PS,PS,PS,PS,40,51849,32,29,PS,PS,PS,PS,25,52352,PS,PS,0,30,43532,22,PS,20,3,25,68453,PS,26,52152,PS,PS,22,58915,17,51019,PS,28,29,PS,PS,0.40 - 0.59,PS,PS,PS,PS,PS,35,PS,PS,0.60 - 0.79,PS,PS,PS,PS,PS,1,3,40,61766,34,PS,PS,PS,PS,22,63050,19,57029,PS,30,43799,83343,60801,111527
141334,001601,University of West Georgia,Public,1,5208,Finance and Financial Management Services.,3,Bachelor's Degree,55,48,74,24380,25571,73,22689,23000,21,PS,25709,21,PS,21420,40,23888,25571,39,21925,23000,PS,PS,PS,PS,PS,PS,34,PS,25454,34,PS,22625,PS,PS,PS,PS,PS,PS,47,PS,29051,47,PS,24500,11,PS,PS,11,PS,PS,27,20334,22758,26,18975,19112,10,PS,PS,10,PS,PS,306,255,271,244,3,55,59,40354,1,43,45,43638,63,<=0.20,<=0.20,0.20 - 0.39,<=0.20,0.20 - 0.39,0.20 - 0.39,<=0.20,<=0.20,62,<=0.20,<=0.20,0.20 - 0.39,<=0.20,0.20 - 0.39,0.20 - 0.39,<=0.20,<=0.20,38,44405,25,55182,34,53773,29,42962,52,52593,46,43,37,50184,PS,PS,38,57232,PS,PS,1,63,52078,51,PS,58,3,76,72717,PS,33,61371,PS,PS,36,66288,PS,PS,PS,46,78,<=0.20,<=0.20,0.40 - 0.59,<=0.20,0.20 - 0.39,<=0.20,<=0.20,<=0.20,62,<=0.20,<=0.20,0.40 - 0.59,<=0.20,<=0.20,<=0.20,<=0.20,<=0.20,1,2,50,70940,45,33,65605,16,80114,PS,PS,PS,PS,PS,47,43799,83343,60801,111527
141361,001604,Young Harris College,"Private, nonprofit",1,5208,Finance and Financial Management Services.,3,Bachelor's Degree,12,4,,,,,,,,,,,,,,,,,,,,,,,,,,,,,,,,,,,,,,,,,,,,,,,,,,,,,,,,,,,,,,,,,,,,,,,,,,,,,,,,,,,,,,,,,,,PS,PS,PS,PS,PS,PS,PS,PS,,,,,,,,,,,,,PS,PS,PS,PS,PS,PS,,PS,PS,,,,,,,,,,,,,,,,,,,,,,,,,,,,,,1,PS,PS,PS,PS,PS,PS,PS,PS,PS,PS,PS,PS,PS,PS,PS,PS,PS,PS
141574,001610,University of Hawaii at Manoa,Public,1,5208,Finance and Financial Management Services.,3,Bachelor's Degree,124,112,86,20921,21460,78,20091,20875,35,48474,30943,31,48146,30081,59,21831,21250,56,20196,19982,PS,PS,PS,PS,PS,PS,27,18932,23230,22,19826,23916,PS,PS,PS,PS,PS,PS,50,21522,19378,47,19425,19358,17,30998,PS,16,30352,PS,36,20085,23534,31,21101,23230,18,64979,PS,15,67127,PS,368,358,228,221,8,89,100,43924,9,78,84,40269,70,<=0.20,<=0.20,<=0.20,<=0.20,0.20 - 0.39,0.40 - 0.59,<=0.20,<=0.20,71,<=0.20,<=0.20,<=0.20,<=0.20,<=0.20,0.40 - 0.59,<=0.20,<=0.20,67,43563,38,45229,70,44401,36,45451,94,48324,80,75,71,48183,26,50845,70,48881,26,45853,8,106,44594,75,PS,79,16,106,64224,PS,59,59716,25,56463,63,62226,21,52324,PS,58,89,<=0.20,<=0.20,0.40 - 0.59,<=0.20,<=0.20,<=0.20,<=0.20,<=0.20,71,<=0.20,<=0.20,0.40 - 0.59,<=0.20,<=0.20,<=0.20,0.20 - 0.39,<=0.20,1,17,79,68014,68,55,67799,24,68607,62,71237,18,60103,PS,50,43799,83343,60801,111527
142115,001616,Boise State University,Public,1,5208,Finance and Financial Management Services.,3,Bachelor's Degree,78,104,84,21187,20000,78,19915,20000,11,PS,PS,11,PS,PS,65,22710,21500,62,20760,PS,PS,PS,PS,PS,PS,PS,19,15977,14000,16,16640,PS,PS,PS,PS,PS,PS,PS,47,22868,21480,43,21747,20607,PS,PS,PS,PS,PS,PS,37,19053,19500,35,17663,19500,PS,PS,PS,PS,PS,PS,PS,PS,212,212,3,83,92,45360,4,71,79,43319,64,<=0.20,<=0.20,0.20 - 0.39,<=0.20,0.20 - 0.39,0.20 - 0.39,<=0.20,<=0.20,71,<=0.20,<=0.20,<=0.20,<=0.20,0.20 - 0.39,0.20 - 0.39,<=0.20,<=0.20,54,48545,33,47801,69,47662,19,54784,87,55050,76,69,68,51067,18,56624,56,54518,31,49345,5,87,48712,73,PS,73,8,98,70449,PS,62,68574,18,66054,48,69855,31,62227,PS,58,83,<=0.20,<=0.20,0.40 - 0.59,<=0.20,<=0.20,<=0.20,<=0.20,<=0.20,71,<=0.20,<=0.20,0.40 - 0.59,<=0.20,<=0.20,<=0.20,<=0.20,<=0.20,1,8,80,77408,76,61,78599,19,76188,52,76725,28,79342,PS,55,43799,83343,60801,111527
142276,001620,Idaho State University,Public,1,5208,Finance and Financial Management Services.,3,Bachelor's Degree,32,28,18,PS,PS,18,PS,PS,PS,PS,PS,PS,PS,PS,PS,PS,PS,PS,PS,PS,PS,PS,PS,PS,PS,PS,PS,PS,PS,PS,PS,PS,PS,PS,PS,PS,PS,PS,PS,PS,PS,PS,PS,PS,PS,PS,PS,PS,PS,PS,PS,PS,PS,PS,PS,PS,PS,PS,PS,PS,PS,PS,PS,PS,PS,PS,3,18,20,39167,1,15,17,36141,23,PS,PS,PS,PS,PS,PS,PS,PS,21,PS,PS,PS,PS,PS,PS,PS,PS,PS,PS,PS,PS,PS,PS,PS,PS,20,51823,16,PS,16,50707,PS,PS,PS,PS,PS,PS,1,29,49121,24,PS,24,3,34,73295,PS,PS,PS,PS,PS,PS,PS,PS,PS,PS,PS,21,PS,PS,0.40 - 0.59,PS,PS,PS,PS,PS,21,PS,PS,0.40 - 0.59,PS,PS,PS,PS,PS,3,1,20,54084,16,PS,PS,PS,PS,PS,PS,PS,PS,PS,PS,43799,83343,60801,111527
142285,001626,University of Idaho,Public,1,5208,Finance and Financial Management Services.,3,Bachelor's Degree,42,40,45,20576,21400,43,20615,20755,14,28165,PS,13,30056,PS,34,21276,PS,32,22452,PS,PS,PS,PS,PS,PS,PS,11,PS,PS,11,PS,PS,PS,PS,PS,PS,PS,PS,22,22250,23200,21,21707,20755,PS,PS,PS,PS,PS,PS,23,18975,19500,22,19574,20924,PS,PS,PS,PS,PS,PS,PS,PS,227,220,2,54,61,45026,1,40,45,42682,46,PS,PS,PS,PS,PS,0.40 - 0.59,0.20 - 0.39,PS,48,PS,PS,PS,PS,PS,0.40 - 0.59,PS,PS,21,45407,20,48792,PS,PS,PS,PS,47,55278,43,40,29,40009,18,64569,37,56130,PS,PS,3,41,46428,35,PS,25,0,56,71929,PS,30,59844,PS,PS,35,70408,PS,PS,PS,21,50,PS,PS,0.40 - 0.59,PS,PS,PS,PS,PS,48,PS,PS,0.40 - 0.59,PS,PS,0.20 - 0.39,PS,PS,1,1,43,69037,41,29,67404,16,81626,PS,PS,PS,PS,PS,19,43799,83343,60801,111527
142522,001625,Brigham Young University-Idaho,"Private, nonprofit",1,5208,Finance and Financial Management Services.,3,Bachelor's Degree,187,156,39,16044,14220,38,15389,13843,PS,PS,PS,PS,PS,PS,PS,PS,PS,PS,PS,PS,PS,PS,PS,PS,PS,PS,PS,PS,PS,PS,PS,PS,PS,PS,PS,PS,PS,PS,PS,PS,PS,PS,PS,PS,PS,PS,PS,PS,PS,PS,PS,PS,PS,PS,PS,PS,PS,PS,PS,PS,PS,PS,PS,PS,151,147,0,24,24,51955,0,21,21,57318,15,PS,PS,PS,PS,PS,PS,PS,PS,15,PS,PS,PS,PS,PS,PS,PS,PS,PS,PS,PS,PS,PS,PS,PS,PS,23,67614,21,22,22,67457,PS,PS,21,68752,PS,PS,2,71,56043,61,PS,22,0,28,89686,PS,21,80802,PS,PS,20,78487,PS,PS,PS,PS,22,PS,PS,PS,PS,PS,PS,PS,PS,15,PS,PS,PS,PS,PS,PS,PS,PS,1,0,23,107086,23,PS,PS,PS,PS,PS,PS,PS,PS,PS,PS,43799,83343,60801,111527
143084,001633,Augustana College,"Private, nonprofit",1,5208,Finance and Financial Management Services.,3,Bachelor's Degree,27,41,PS,PS,PS,PS,PS,PS,PS,PS,PS,PS,PS,PS,PS,PS,PS,PS,PS,PS,PS,PS,PS,PS,PS,PS,PS,PS,PS,PS,PS,PS,PS,PS,PS,PS,PS,PS,PS,PS,PS,PS,PS,PS,PS,PS,PS,PS,PS,PS,PS,PS,PS,PS,PS,PS,PS,PS,PS,PS,PS,PS,PS,PS,PS,PS,,,,,,,,,,,,,,,,,,,,,,,,,,,PS,PS,PS,PS,PS,PS,PS,PS,,,,,,,,,,,,,PS,PS,PS,PS,PS,PS,PS,PS,PS,PS,PS,PS,PS,PS,PS,PS,PS,PS,PS,PS,PS,PS,PS,PS,PS,PS,PS,PS,PS,PS,PS,PS,PS,PS,PS,PS,PS,PS,1,PS,PS,PS,PS,PS,PS,PS,PS,PS,PS,PS,PS,PS,PS,PS,PS,PS,PS
143118,001634,Aurora University,"Private, nonprofit",1,5208,Finance and Financial Management Services.,3,Bachelor's Degree,31,35,38,23726,24499,35,20704,20000,15,27044,PS,13,24889,PS,PS,PS,PS,PS,PS,PS,PS,PS,PS,PS,PS,PS,PS,PS,PS,PS,PS,PS,PS,PS,PS,PS,PS,PS,14,PS,PS,14,PS,PS,PS,PS,PS,PS,PS,PS,24,24028,PS,21,20743,PS,PS,PS,PS,PS,PS,PS,PS,PS,260,212,0,26,30,47678,1,16,16,48682,22,PS,PS,PS,PS,PS,PS,PS,PS,17,PS,PS,PS,PS,PS,PS,PS,PS,PS,PS,PS,PS,PS,PS,PS,PS,PS,PS,PS,PS,PS,PS,PS,PS,PS,PS,PS,PS,0,34,51437,26,PS,26,1,43,77436,PS,PS,PS,PS,PS,PS,PS,PS,PS,PS,PS,31,PS,PS,0.40 - 0.59,PS,PS,PS,PS,PS,17,PS,PS,PS,PS,PS,PS,PS,PS,1,1,PS,PS,PS,PS,PS,PS,PS,PS,PS,PS,PS,PS,PS,43799,83343,60801,111527
143358,001641,Bradley University,"Private, nonprofit",1,5208,Finance and Financial Management Services.,3,Bachelor's Degree,23,18,31,19113,20905,30,19316,21212,PS,PS,PS,PS,PS,PS,PS,PS,PS,PS,PS,PS,PS,PS,PS,PS,PS,PS,PS,PS,PS,PS,PS,PS,PS,PS,PS,PS,PS,PS,13,PS,PS,13,PS,PS,PS,PS,PS,PS,PS,PS,18,17340,PS,17,17919,PS,PS,PS,PS,PS,PS,PS,PS,PS,222,225,0,33,36,51705,2,31,32,52420,35,PS,PS,PS,PS,PS,0.40 - 0.59,PS,PS,29,PS,PS,PS,PS,PS,0.40 - 0.59,PS,PS,PS,PS,PS,PS,PS,PS,PS,PS,34,60815,33,32,PS,PS,19,60412,27,61790,PS,PS,1,28,54261,23,PS,20,1,38,77976,PS,PS,PS,21,69607,27,69251,PS,PS,PS,27,32,PS,PS,0.20 - 0.39,PS,PS,0.20 - 0.39,PS,PS,29,PS,PS,PS,PS,PS,PS,0.20 - 0.39,PS,1,1,35,81681,30,PS,PS,PS,PS,PS,PS,PS,PS,PS,25,43799,83343,60801,111527
144351,001666,Concordia University-Chicago,"Private, nonprofit",1,5208,Finance and Financial Management Services.,3,Bachelor's Degree,0,0,PS,PS,PS,PS,PS,PS,PS,PS,PS,PS,PS,PS,PS,PS,PS,PS,PS,PS,PS,PS,PS,PS,PS,PS,PS,PS,PS,PS,PS,PS,PS,PS,PS,PS,PS,PS,PS,PS,PS,PS,PS,PS,PS,PS,PS,PS,PS,PS,PS,PS,PS,PS,PS,PS,PS,PS,PS,PS,PS,PS,PS,PS,PS,PS,PS,PS,PS,PS,PS,PS,PS,PS,PS,PS,PS,PS,PS,PS,PS,PS,PS,PS,PS,PS,PS,PS,PS,PS,PS,PS,PS,PS,PS,PS,PS,PS,PS,PS,PS,PS,PS,PS,PS,PS,PS,PS,PS,PS,PS,PS,PS,PS,PS,PS,PS,PS,PS,PS,PS,PS,PS,PS,PS,PS,PS,PS,PS,PS,PS,PS,PS,PS,PS,PS,PS,PS,PS,PS,PS,PS,PS,PS,PS,PS,PS,PS,PS,PS,1,PS,PS,PS,PS,PS,PS,PS,PS,PS,PS,PS,PS,PS,PS,PS,PS,PS,PS
144740,001671,DePaul University,"Private, nonprofit",1,5208,Finance and Financial Management Services.,3,Bachelor's Degree,247,240,353,23404,23000,349,21744,22000,165,53315,43029,154,53226,43779,253,23865,23166,250,21940,21583,124,53746,43490,114,53395,44722,100,22236,22969,99,21248,22000,41,52010,40577,40,52745,42092,227,24996,23500,225,22994,22999,101,44476,32443,92,44612,33570,126,20534,22000,124,19476,19500,64,67264,65711,62,66007,65711,512,521,244,233,11,341,376,55552,18,364,403,56924,384,<=0.05,<=0.05,0.05 - 0.09,0.05 - 0.09,0.10 - 0.14,0.50 - 0.54,0.15 - 0.19,<=0.05,414,<=0.05,<=0.05,0.10 - 0.14,<=0.05,0.10 - 0.14,0.50 - 0.54,0.20 - 0.24,<=0.05,237,65611,124,70240,259,65673,102,68348,411,67889,391,365,285,65821,125,71445,294,68887,117,66460,17,361,66863,321,PS,315,25,334,93719,353,274,77551,116,84296,278,79835,113,76084,PS,331,348,<=0.05,<=0.05,0.45 - 0.49,<=0.05,0.05 - 0.09,0.25 - 0.29,0.10 - 0.14,<=0.05,414,<=0.05,<=0.05,0.35 - 0.39,<=0.05,<=0.05,0.20 - 0.24,0.25 - 0.29,<=0.05,1,18,389,91702,356,278,88923,111,99645,270,92173,119,91473,19,314,43799,83343,60801,111527
144892,001674,Eastern Illinois University,Public,1,5208,Finance and Financial Management Services.,3,Bachelor's Degree,22,27,24,20278,22468,23,18086,15478,PS,PS,PS,PS,PS,PS,PS,PS,PS,PS,PS,PS,PS,PS,PS,PS,PS,PS,PS,PS,PS,PS,PS,PS,PS,PS,PS,PS,PS,PS,13,PS,PS,13,PS,PS,PS,PS,PS,PS,PS,PS,11,15267,PS,10,15143,PS,PS,PS,PS,PS,PS,PS,PS,PS,238,164,1,39,42,48053,2,46,48,46673,55,<=0.20,<=0.20,<=0.20,<=0.20,<=0.20,0.40 - 0.59,0.20 - 0.39,<=0.20,51,<=0.20,<=0.20,<=0.20,<=0.20,<=0.20,0.40 - 0.59,0.20 - 0.39,<=0.20,PS,PS,PS,PS,PS,PS,PS,PS,51,59023,48,44,20,54032,31,61421,41,59613,PS,PS,1,24,51370,18,PS,21,0,33,70704,PS,PS,PS,31,69530,40,72497,PS,PS,PS,37,23,PS,PS,0.40 - 0.59,PS,PS,PS,PS,PS,51,<=0.20,<=0.20,0.20 - 0.39,<=0.20,<=0.20,<=0.20,0.20 - 0.39,<=0.20,1,0,52,83935,48,19,81801,31,83233,PS,PS,PS,PS,PS,36,43799,83343,60801,111527
144962,001676,Elmhurst University,"Private, nonprofit",1,5208,Finance and Financial Management Services.,3,Bachelor's Degree,39,42,51,18276,18250,46,17858,18125,11,36795,PS,PS,PS,PS,34,18015,PS,29,17683,PS,PS,PS,PS,PS,PS,PS,17,PS,PS,17,PS,PS,PS,PS,PS,PS,PS,PS,25,19756,19500,24,18517,18546,PS,PS,PS,PS,PS,PS,26,16852,17374,22,17139,16498,PS,PS,PS,PS,PS,PS,PS,PS,193,192,0,43,45,50535,0,26,26,54209,36,PS,PS,PS,PS,PS,0.40 - 0.59,PS,PS,27,PS,PS,PS,PS,PS,0.40 - 0.59,PS,PS,31,56826,23,57977,32,57359,21,56941,24,65150,24,22,PS,PS,PS,PS,17,64111,PS,PS,3,54,57171,45,PS,51,2,56,76433,PS,PS,PS,PS,PS,17,80481,PS,PS,PS,20,52,<=0.20,<=0.20,0.40 - 0.59,<=0.20,<=0.20,0.20 - 0.39,<=0.20,<=0.20,27,PS,PS,0.40 - 0.59,PS,PS,PS,PS,PS,1,1,24,85336,23,PS,PS,PS,PS,PS,PS,PS,PS,PS,19,43799,83343,60801,111527
145600,001776,University of Illinois Chicago,Public,1,5208,Finance and Financial Management Services.,3,Bachelor's Degree,274,302,248,17928,17625,240,16778,15000,41,36677,28788,37,35009,29000,164,17995,18125,157,16911,15500,28,34942,PS,25,33377,PS,84,17798,16817,83,16526,14839,13,40414,PS,12,38410,PS,188,17761,16942,182,16744,15000,21,28900,11700,19,29125,PS,60,18453,19468,58,16885,15250,20,44843,44204,18,41220,PS,342,345,187,159,13,247,282,46076,7,200,216,50132,174,<=0.10,<=0.10,0.10 - 0.19,<=0.10,<=0.10,0.40 - 0.49,0.10 - 0.19,<=0.10,177,<=0.10,<=0.10,0.10 - 0.19,<=0.10,<=0.10,0.40 - 0.49,0.20 - 0.29,<=0.10,256,53797,64,61394,213,57044,107,53651,217,55127,208,197,178,53321,39,65670,142,58840,76,52420,14,320,55591,261,PS,304,10,283,83218,184,171,63099,39,74695,137,65398,72,60578,PS,181,237,<=0.05,<=0.05,0.50 - 0.54,<=0.05,0.05 - 0.09,0.25 - 0.29,0.10 - 0.14,<=0.05,177,<=0.10,<=0.10,0.40 - 0.49,<=0.10,<=0.10,0.20 - 0.29,0.20 - 0.29,<=0.10,1,11,210,77460,194,166,75946,43,82585,134,80558,74,66280,PS,182,43799,83343,60801,111527
145619,001767,Benedictine University,"Private, nonprofit",1,5208,Finance and Financial Management Services.,3,Bachelor's Degree,24,15,30,25621,25500,29,22238,24000,PS,PS,PS,PS,PS,PS,PS,PS,PS,PS,PS,PS,PS,PS,PS,PS,PS,PS,PS,PS,PS,PS,PS,PS,PS,PS,PS,PS,PS,PS,17,PS,PS,17,PS,PS,PS,PS,PS,PS,PS,PS,13,23541,PS,12,19219,PS,PS,PS,PS,PS,PS,PS,PS,PS,270,254,1,29,30,48956,1,11,15,46087,36,PS,PS,PS,PS,PS,0.20 - 0.39,PS,PS,25,PS,PS,PS,PS,PS,PS,PS,PS,PS,PS,PS,PS,PS,PS,PS,PS,PS,PS,PS,PS,PS,PS,PS,PS,PS,PS,PS,PS,0,35,51444,32,PS,33,2,36,83914,PS,PS,PS,PS,PS,PS,PS,PS,PS,PS,PS,22,PS,PS,0.40 - 0.59,PS,PS,PS,PS,PS,25,PS,PS,PS,PS,PS,PS,PS,PS,1,1,18,88903,16,PS,PS,PS,PS,PS,PS,PS,PS,PS,16,43799,83343,60801,111527
145637,001775,University of Illinois Urbana-Champaign,Public,1,5208,Finance and Financial Management Services.,3,Bachelor's Degree,301,323,178,18703,19500,177,18657,19500,74,PS,38792,74,PS,38792,134,18964,19500,133,18904,19500,57,PS,PS,57,PS,PS,44,PS,19250,44,PS,19250,17,PS,PS,17,PS,PS,72,PS,21000,72,PS,21000,28,PS,33693,28,PS,33693,106,18308,19500,105,18276,19500,46,PS,39400,46,PS,39400,461,461,207,207,6,166,170,66961,4,127,130,71935,143,<=0.10,<=0.10,<=0.10,<=0.10,<=0.10,0.50 - 0.59,0.30 - 0.39,<=0.10,129,<=0.10,<=0.10,<=0.10,<=0.10,<=0.10,0.50 - 0.59,0.30 - 0.39,<=0.10,80,75316,108,75400,139,73728,49,79354,133,84657,129,125,59,84736,74,84058,91,84362,42,84475,6,189,75381,179,PS,156,2,192,119978,PS,59,99241,76,97852,91,97157,44,102181,PS,107,166,<=0.10,<=0.10,0.40 - 0.49,<=0.10,<=0.10,0.20 - 0.29,0.20 - 0.29,<=0.10,129,<=0.10,<=0.10,0.20 - 0.29,<=0.10,<=0.10,0.20 - 0.29,0.40 - 0.49,<=0.10,1,1,129,118286,126,58,116946,71,118340,87,122231,42,116230,PS,95,43799,83343,60801,111527
145646,001696,Illinois Wesleyan University,"Private, nonprofit",1,5208,Finance and Financial Management Services.,3,Bachelor's Degree,29,23,25,PS,26000,25,PS,26000,PS,PS,PS,PS,PS,PS,PS,PS,PS,PS,PS,PS,PS,PS,PS,PS,PS,PS,PS,PS,PS,PS,PS,PS,PS,PS,PS,PS,PS,PS,10,PS,PS,10,PS,PS,PS,PS,PS,PS,PS,PS,15,PS,PS,15,PS,PS,PS,PS,PS,PS,PS,PS,PS,PS,276,276,0,23,26,57305,0,15,19,53358,28,PS,PS,PS,PS,PS,0.40 - 0.59,PS,PS,22,PS,PS,PS,PS,PS,PS,0.40 - 0.59,PS,PS,PS,PS,PS,PS,PS,PS,PS,20,77743,20,20,PS,PS,PS,PS,18,72464,PS,PS,0,20,62619,21,PS,19,0,28,101609,PS,PS,PS,PS,PS,19,77777,PS,PS,PS,PS,26,PS,PS,PS,PS,PS,PS,PS,PS,22,PS,PS,PS,PS,PS,PS,0.40 - 0.59,PS,1,0,20,102441,19,PS,PS,PS,PS,PS,PS,PS,PS,PS,PS,43799,83343,60801,111527
145691,001688,Illinois College,"Private, nonprofit",1,5208,Finance and Financial Management Services.,3,Bachelor's Degree,15,12,20,23731,27000,19,23635,25000,PS,PS,PS,PS,PS,PS,PS,PS,PS,PS,PS,PS,PS,PS,PS,PS,PS,PS,PS,PS,PS,PS,PS,PS,PS,PS,PS,PS,PS,PS,PS,PS,PS,PS,PS,PS,PS,PS,PS,PS,PS,PS,PS,PS,PS,PS,PS,PS,PS,PS,PS,PS,PS,PS,PS,PS,286,265,0,18,19,45712,1,17,19,38289,24,PS,PS,PS,PS,PS,0.40 - 0.59,PS,PS,22,PS,PS,PS,PS,PS,0.40 - 0.59,PS,PS,PS,PS,PS,PS,PS,PS,PS,PS,20,47790,19,19,PS,PS,PS,PS,PS,PS,PS,PS,0,18,55155,18,PS,PS,2,19,74757,PS,PS,PS,PS,PS,PS,PS,PS,PS,PS,PS,22,PS,PS,PS,PS,PS,PS,PS,PS,22,PS,PS,PS,PS,PS,PS,PS,PS,1,1,PS,PS,PS,PS,PS,PS,PS,PS,PS,PS,PS,PS,PS,43799,83343,60801,111527
145813,001692,Illinois State University,Public,1,5208,Finance and Financial Management Services.,3,Bachelor's Degree,161,176,252,20319,20500,244,19337,18625,72,36204,26500,68,34795,25211,208,20095,19556,201,19083,18500,60,36404,PS,57,34419,PS,44,21378,23625,43,20526,23000,12,35202,PS,11,36744,PS,101,22306,22060,98,20846,20000,22,24005,18705,19,20103,14979,151,18990,19500,146,18324,18500,50,41571,34718,49,40493,34436,315,300,217,197,2,219,232,52313,4,193,208,52781,248,<=0.05,<=0.05,0.05 - 0.09,<=0.05,0.10 - 0.14,0.55 - 0.59,0.15 - 0.19,<=0.05,207,<=0.05,<=0.05,<=0.05,<=0.05,0.10 - 0.14,0.50 - 0.54,0.25 - 0.29,<=0.05,104,55415,149,54635,212,56474,42,50092,209,64241,204,198,85,62264,123,66174,173,64719,38,63293,4,254,54958,226,PS,211,7,242,85326,189,85,68367,119,78512,171,74269,34,70559,PS,169,235,<=0.05,<=0.05,0.45 - 0.49,<=0.05,0.05 - 0.09,0.30 - 0.34,0.10 - 0.14,<=0.05,207,<=0.05,<=0.05,0.40 - 0.44,<=0.05,<=0.05,0.20 - 0.24,0.30 - 0.34,<=0.05,1,5,207,86558,193,83,77766,125,90596,174,87009,34,85469,PS,165,43799,83343,60801,111527
146481,001706,Lake Forest College,"Private, nonprofit",1,5208,Finance and Financial Management Services.,3,Bachelor's Degree,30,31,35,PS,27000,35,PS,27000,PS,PS,PS,PS,PS,PS,24,PS,PS,24,PS,PS,PS,PS,PS,PS,PS,PS,11,PS,PS,11,PS,PS,PS,PS,PS,PS,PS,PS,16,PS,PS,16,PS,PS,PS,PS,PS,PS,PS,PS,19,PS,PS,19,PS,PS,PS,PS,PS,PS,PS,PS,PS,PS,286,286,0,52,59,51498,0,26,28,44468,55,<=0.20,<=0.20,<=0.20,<=0.20,<=0.20,0.40 - 0.59,0.20 - 0.39,<=0.20,30,PS,PS,PS,PS,PS,0.40 - 0.59,PS,PS,PS,PS,PS,PS,PS,PS,PS,PS,28,58948,27,27,18,51882,PS,PS,18,57895,PS,PS,0,30,61264,30,PS,19,0,39,98583,PS,17,65556,PS,PS,19,70780,PS,PS,PS,22,44,PS,PS,0.20 - 0.39,PS,PS,0.20 - 0.39,PS,PS,30,PS,PS,0.60 - 0.79,PS,PS,PS,PS,PS,1,1,27,84573,24,PS,PS,PS,PS,PS,PS,PS,PS,PS,20,43799,83343,60801,111527
146612,001707,Lewis University,"Private, nonprofit",1,5208,Finance and Financial Management Services.,3,Bachelor's Degree,19,30,30,PS,25688,30,PS,20368,PS,PS,PS,PS,PS,PS,20,PS,PS,20,PS,PS,PS,PS,PS,PS,PS,PS,10,PS,PS,10,PS,PS,PS,PS,PS,PS,PS,PS,15,PS,PS,15,PS,PS,PS,PS,PS,PS,PS,PS,15,PS,PS,15,PS,PS,PS,PS,PS,PS,PS,PS,PS,PS,272,216,0,19,19,54611,0,14,15,49527,PS,PS,PS,PS,PS,PS,PS,PS,PS,21,PS,PS,PS,PS,PS,PS,PS,PS,PS,PS,PS,PS,PS,PS,PS,PS,PS,PS,PS,PS,PS,PS,PS,PS,PS,PS,PS,PS,1,28,52742,24,PS,27,PS,43,71831,PS,PS,PS,PS,PS,PS,PS,PS,PS,PS,PS,39,PS,PS,0.40 - 0.59,PS,PS,PS,PS,PS,21,PS,PS,PS,PS,PS,PS,PS,PS,1,0,16,75797,16,PS,PS,PS,PS,PS,PS,PS,PS,PS,16,43799,83343,60801,111527
146719,001710,Loyola University Chicago,"Private, nonprofit",1,5208,Finance and Financial Management Services.,3,Bachelor's Degree,146,149,100,22267,24988,98,20941,22000,36,PS,71676,36,PS,67994,72,22038,21925,70,20501,21250,23,PS,PS,23,PS,PS,28,PS,25625,28,PS,25000,13,PS,PS,13,PS,PS,40,PS,27000,40,PS,25000,14,PS,PS,14,PS,PS,60,18676,20875,58,17996,19250,22,PS,PS,22,PS,PS,852,809,265,233,5,125,135,58529,4,44,47,56544,104,<=0.10,<=0.10,0.10 - 0.19,<=0.10,<=0.10,0.50 - 0.59,0.10 - 0.19,<=0.10,64,<=0.20,<=0.20,<=0.20,<=0.20,<=0.20,0.40 - 0.59,0.20 - 0.39,<=0.20,38,67961,74,65496,84,66351,27,68802,53,70042,49,46,23,67981,33,73063,40,71305,PS,PS,2,112,66919,97,PS,83,4,129,89001,PS,20,84624,32,83838,41,83230,PS,PS,PS,36,96,<=0.20,<=0.20,0.40 - 0.59,<=0.20,<=0.20,0.20 - 0.39,<=0.20,<=0.20,64,<=0.20,<=0.20,0.40 - 0.59,<=0.20,<=0.20,<=0.20,0.20 - 0.39,<=0.20,1,4,53,102491,51,19,97187,34,103162,PS,PS,PS,PS,PS,33,43799,83343,60801,111527
147244,001724,Millikin University,"Private, nonprofit",1,5208,Finance and Financial Management Services.,3,Bachelor's Degree,8,5,PS,PS,PS,PS,PS,PS,PS,PS,PS,PS,PS,PS,PS,PS,PS,PS,PS,PS,PS,PS,PS,PS,PS,PS,PS,PS,PS,PS,PS,PS,PS,PS,PS,PS,PS,PS,PS,PS,PS,PS,PS,PS,PS,PS,PS,PS,PS,PS,PS,PS,PS,PS,PS,PS,PS,PS,PS,PS,PS,PS,PS,PS,PS,PS,PS,PS,PS,PS,PS,PS,PS,PS,PS,PS,PS,PS,PS,PS,PS,PS,PS,PS,PS,PS,PS,PS,PS,PS,PS,PS,PS,PS,PS,PS,PS,PS,PS,PS,PS,PS,PS,PS,PS,PS,PS,PS,PS,PS,PS,PS,0,PS,PS,PS,PS,PS,0,PS,PS,PS,PS,PS,PS,PS,PS,PS,PS,PS,PS,PS,PS,PS,PS,PS,PS,PS,PS,PS,PS,PS,PS,PS,PS,PS,PS,PS,PS,PS,1,0,PS,PS,PS,PS,PS,PS,PS,PS,PS,PS,PS,PS,PS,PS,PS,PS,PS
147660,001734,North Central College,"Private, nonprofit",1,5208,Finance and Financial Management Services.,3,Bachelor's Degree,31,35,54,PS,27000,54,PS,27000,18,36146,PS,17,37160,PS,PS,PS,PS,PS,PS,PS,PS,PS,PS,PS,PS,PS,PS,PS,PS,PS,PS,PS,PS,PS,PS,PS,PS,PS,20,PS,27000,20,PS,27000,PS,PS,PS,PS,PS,PS,34,PS,26900,34,PS,26900,PS,PS,PS,PS,PS,PS,PS,PS,286,286,1,59,62,54117,1,29,30,46478,48,PS,PS,PS,PS,PS,0.60 - 0.79,PS,PS,31,PS,PS,PS,PS,PS,0.60 - 0.79,PS,PS,20,52463,29,50378,PS,PS,PS,PS,31,64795,30,30,PS,PS,21,66770,22,70129,PS,PS,0,49,51420,41,PS,44,0,55,81562,PS,PS,PS,21,70614,22,83073,PS,PS,PS,26,65,<=0.20,<=0.20,0.40 - 0.59,<=0.20,<=0.20,0.20 - 0.39,<=0.20,<=0.20,31,PS,PS,0.40 - 0.59,PS,PS,PS,PS,PS,1,0,33,83703,31,PS,PS,PS,PS,PS,PS,PS,PS,PS,27,43799,83343,60801,111527
147679,001735,North Park University,"Private, nonprofit",1,5208,Finance and Financial Management Services.,3,Bachelor's Degree,0,,PS,PS,PS,PS,PS,PS,PS,PS,PS,PS,PS,PS,PS,PS,PS,PS,PS,PS,PS,PS,PS,PS,PS,PS,PS,PS,PS,PS,PS,PS,PS,PS,PS,PS,PS,PS,PS,PS,PS,PS,PS,PS,PS,PS,PS,PS,PS,PS,PS,PS,PS,PS,PS,PS,PS,PS,PS,PS,PS,PS,PS,PS,PS,PS,PS,PS,PS,PS,PS,PS,PS,PS,PS,PS,PS,PS,PS,PS,PS,PS,PS,PS,PS,PS,PS,PS,PS,PS,PS,PS,PS,PS,PS,PS,PS,PS,PS,PS,PS,PS,PS,PS,PS,PS,PS,PS,PS,PS,PS,PS,PS,PS,PS,PS,PS,PS,PS,PS,PS,PS,PS,PS,PS,PS,PS,PS,PS,PS,PS,PS,PS,PS,PS,PS,PS,PS,PS,PS,PS,PS,PS,PS,PS,PS,PS,PS,PS,PS,0,PS,PS,PS,PS,PS,PS,PS,PS,PS,PS,PS,PS,PS,PS,PS,PS,PS,PS
147703,001737,Northern Illinois University,Public,1,5208,Finance and Financial Management Services.,3,Bachelor's Degree,48,56,84,20480,19500,81,18307,15250,11,32505,PS,PS,PS,PS,65,20012,20000,62,17948,15000,PS,PS,PS,PS,PS,PS,19,PS,17750,19,PS,16750,PS,PS,PS,PS,PS,PS,57,20845,17875,55,18320,15250,PS,PS,PS,PS,PS,PS,27,19707,19500,26,18279,17250,PS,PS,PS,PS,PS,PS,PS,PS,207,162,3,91,97,53625,2,86,89,51145,102,<=0.10,<=0.10,<=0.10,<=0.10,0.10 - 0.19,0.40 - 0.49,0.20 - 0.29,<=0.10,98,<=0.20,<=0.20,<=0.20,<=0.20,<=0.20,0.40 - 0.59,<=0.20,<=0.20,66,56153,PS,PS,75,54323,21,62946,92,60130,88,86,50,56774,43,61751,77,58446,PS,PS,1,95,54802,74,PS,83,2,99,86511,PS,48,65492,43,76398,76,66030,PS,PS,PS,83,88,<=0.20,<=0.20,0.40 - 0.59,<=0.20,<=0.20,0.20 - 0.39,<=0.20,<=0.20,98,<=0.20,<=0.20,0.40 - 0.59,<=0.20,<=0.20,<=0.20,0.20 - 0.39,<=0.20,1,2,87,79501,82,46,77399,41,87678,PS,PS,PS,PS,PS,73,43799,83343,60801,111527
147776,001693,Northeastern Illinois University,Public,1,5208,Finance and Financial Management Services.,3,Bachelor's Degree,47,34,53,16901,12502,46,14319,11875,PS,PS,PS,PS,PS,PS,33,18072,14140,28,14780,PS,PS,PS,PS,PS,PS,PS,20,14968,10686,18,13602,PS,PS,PS,PS,PS,PS,PS,PS,PS,PS,PS,PS,PS,PS,PS,PS,PS,PS,PS,PS,PS,PS,PS,PS,PS,PS,PS,PS,PS,PS,PS,PS,PS,133,126,10,70,84,43581,4,58,67,46407,58,<=0.20,<=0.20,0.20 - 0.39,<=0.20,<=0.20,0.40 - 0.59,<=0.20,<=0.20,43,PS,PS,0.20 - 0.39,PS,PS,0.40 - 0.59,PS,PS,PS,PS,PS,PS,51,48959,26,52240,71,51995,69,60,59,48939,PS,PS,46,52954,25,50742,4,75,48807,63,PS,74,2,85,64022,PS,57,56019,PS,PS,47,65819,23,57799,PS,63,41,PS,PS,0.40 - 0.59,PS,PS,PS,PS,PS,43,PS,PS,0.40 - 0.59,PS,PS,0.20 - 0.39,PS,PS,1,4,67,63709,56,PS,PS,PS,PS,43,68440,23,60643,PS,60,43799,83343,60801,111527
148016,001744,Principia College,"Private, nonprofit",1,5208,Finance and Financial Management Services.,3,Bachelor's Degree,2,3,PS,PS,PS,PS,PS,PS,PS,PS,PS,PS,PS,PS,PS,PS,PS,PS,PS,PS,PS,PS,PS,PS,PS,PS,PS,PS,PS,PS,PS,PS,PS,PS,PS,PS,PS,PS,PS,PS,PS,PS,PS,PS,PS,PS,PS,PS,PS,PS,PS,PS,PS,PS,PS,PS,PS,PS,PS,PS,PS,PS,PS,PS,PS,PS,,,,,,,,,,,,,,,,,,,,,,,,,,,PS,PS,PS,PS,PS,PS,PS,PS,,,,,,,,,,,,,PS,PS,PS,PS,PS,PS,PS,PS,PS,PS,PS,PS,PS,PS,PS,PS,PS,PS,PS,PS,PS,PS,PS,PS,PS,PS,PS,PS,PS,PS,PS,PS,PS,PS,PS,PS,PS,PS,1,PS,PS,PS,PS,PS,PS,PS,PS,PS,PS,PS,PS,PS,PS,PS,PS,PS,PS
148131,001745,Quincy University,"Private, nonprofit",1,5208,Finance and Financial Management Services.,3,Bachelor's Degree,15,6,16,PS,PS,16,PS,PS,PS,PS,PS,PS,PS,PS,PS,PS,PS,PS,PS,PS,PS,PS,PS,PS,PS,PS,PS,PS,PS,PS,PS,PS,PS,PS,PS,PS,PS,PS,PS,PS,PS,PS,PS,PS,PS,PS,PS,PS,PS,PS,PS,PS,PS,PS,PS,PS,PS,PS,PS,PS,PS,PS,PS,PS,PS,PS,0,PS,PS,PS,0,15,16,38289,12,PS,PS,PS,PS,PS,PS,PS,PS,15,PS,PS,PS,PS,PS,PS,PS,PS,PS,PS,PS,PS,PS,PS,PS,PS,PS,PS,PS,PS,PS,PS,PS,PS,PS,PS,PS,PS,0,PS,PS,PS,PS,PS,PS,16,58139,PS,PS,PS,PS,PS,PS,PS,PS,PS,PS,PS,14,PS,PS,PS,PS,PS,PS,PS,PS,15,PS,PS,PS,PS,PS,PS,PS,PS,1,0,17,58899,17,PS,PS,PS,PS,PS,PS,PS,PS,PS,PS,43799,83343,60801,111527
148487,001749,Roosevelt University,"Private, nonprofit",1,5208,Finance and Financial Management Services.,3,Bachelor's Degree,20,14,33,27400,26000,32,25610,25500,10,28783,PS,PS,PS,PS,PS,PS,PS,PS,PS,PS,PS,PS,PS,PS,PS,PS,PS,29001,PS,PS,26557,PS,PS,PS,PS,PS,PS,PS,23,28378,PS,22,26001,PS,PS,PS,PS,PS,PS,PS,10,PS,PS,10,PS,PS,PS,PS,PS,PS,PS,PS,PS,PS,276,270,0,36,38,46281,2,44,43,48563,41,PS,PS,PS,PS,PS,0.20 - 0.39,PS,PS,41,PS,PS,PS,PS,PS,0.40 - 0.59,PS,PS,PS,PS,PS,PS,PS,PS,PS,PS,40,52901,37,36,25,51189,PS,PS,23,64105,16,45766,0,31,50158,22,PS,26,2,35,69720,PS,27,65244,PS,PS,23,73277,18,56839,PS,34,30,PS,PS,0.40 - 0.59,PS,PS,PS,PS,PS,41,PS,PS,0.40 - 0.59,PS,PS,PS,PS,PS,1,1,44,75948,41,28,64682,16,84230,26,85735,18,63354,PS,38,43799,83343,60801,111527
148496,001750,Dominican University,"Private, nonprofit",1,5208,Finance and Financial Management Services.,3,Bachelor's Degree,28,14,PS,PS,PS,PS,PS,PS,PS,PS,PS,PS,PS,PS,PS,PS,PS,PS,PS,PS,PS,PS,PS,PS,PS,PS,PS,PS,PS,PS,PS,PS,PS,PS,PS,PS,PS,PS,PS,PS,PS,PS,PS,PS,PS,PS,PS,PS,PS,PS,PS,PS,PS,PS,PS,PS,PS,PS,PS,PS,PS,PS,PS,PS,PS,PS,PS,PS,PS,PS,PS,PS,PS,PS,PS,PS,PS,PS,PS,PS,PS,PS,PS,PS,PS,PS,PS,PS,PS,PS,PS,PS,PS,PS,PS,PS,PS,PS,PS,PS,PS,PS,PS,PS,PS,PS,PS,PS,PS,PS,PS,PS,0,PS,PS,PS,PS,PS,PS,PS,PS,PS,PS,PS,PS,PS,PS,PS,PS,PS,PS,PS,PS,PS,PS,PS,PS,PS,PS,PS,PS,PS,PS,PS,PS,PS,PS,PS,PS,PS,1,PS,PS,PS,PS,PS,PS,PS,PS,PS,PS,PS,PS,PS,PS,43799,83343,60801,111527
148584,001664,University of St Francis,"Private, nonprofit",1,5208,Finance and Financial Management Services.,3,Bachelor's Degree,8,17,18,23326,PS,17,22322,PS,PS,PS,PS,PS,PS,PS,PS,PS,PS,PS,PS,PS,PS,PS,PS,PS,PS,PS,PS,PS,PS,PS,PS,PS,PS,PS,PS,PS,PS,PS,PS,PS,PS,PS,PS,PS,PS,PS,PS,PS,PS,PS,PS,PS,PS,PS,PS,PS,PS,PS,PS,PS,PS,PS,PS,PS,PS,PS,0,PS,PS,PS,PS,PS,PS,PS,12,PS,PS,PS,PS,PS,PS,PS,PS,PS,PS,PS,PS,PS,PS,PS,PS,PS,PS,PS,PS,PS,PS,PS,PS,PS,PS,PS,PS,PS,PS,PS,PS,PS,PS,PS,PS,PS,0,17,53525,PS,PS,16,0,PS,PS,PS,PS,PS,PS,PS,PS,PS,PS,PS,PS,PS,13,PS,PS,PS,PS,PS,PS,PS,PS,PS,PS,PS,PS,PS,PS,PS,PS,PS,1,0,PS,PS,PS,PS,PS,PS,PS,PS,PS,PS,PS,PS,PS,43799,83343,60801,111527
148627,001768,Saint Xavier University,"Private, nonprofit",1,5208,Finance and Financial Management Services.,3,Bachelor's Degree,27,35,58,22345,23326,57,20920,22987,PS,PS,PS,PS,PS,PS,32,23788,26270,31,22755,25541,PS,PS,PS,PS,PS,PS,26,PS,21818,26,PS,17303,PS,PS,PS,PS,PS,PS,45,PS,PS,45,PS,PS,PS,PS,PS,PS,PS,PS,13,20059,PS,12,18175,PS,PS,PS,PS,PS,PS,PS,PS,PS,247,244,4,37,40,47500,1,20,21,44170,35,PS,PS,PS,PS,PS,0.40 - 0.59,PS,PS,23,PS,PS,PS,PS,PS,0.40 - 0.59,PS,PS,PS,PS,PS,PS,34,51269,26,43382,25,61859,19,20,18,63291,PS,PS,PS,PS,PS,PS,2,60,46452,48,PS,58,1,53,75180,PS,18,71955,PS,PS,PS,PS,PS,PS,PS,19,54,<=0.20,<=0.20,0.60 - 0.79,<=0.20,<=0.20,0.20 - 0.39,<=0.20,<=0.20,23,PS,PS,PS,PS,PS,PS,PS,PS,1,1,22,77093,21,PS,PS,PS,PS,PS,PS,PS,PS,PS,19,43799,83343,60801,111527
149222,001758,Southern Illinois University-Carbondale,Public,1,5208,Finance and Financial Management Services.,3,Bachelor's Degree,14,30,51,PS,20447,51,PS,19000,18,PS,PS,18,PS,PS,36,PS,PS,36,PS,PS,PS,PS,PS,PS,PS,PS,15,PS,PS,15,PS,PS,PS,PS,PS,PS,PS,PS,22,PS,26750,22,PS,24250,PS,PS,PS,PS,PS,PS,29,PS,15500,29,PS,15500,PS,PS,PS,PS,PS,PS,PS,PS,217,201,0,45,48,46785,2,19,21,47260,35,PS,PS,PS,PS,PS,0.40 - 0.59,PS,PS,26,PS,PS,PS,PS,PS,0.60 - 0.79,PS,PS,19,48797,27,45309,PS,PS,PS,PS,21,54329,21,22,PS,PS,PS,PS,PS,PS,PS,PS,3,45,48708,31,PS,29,0,52,67349,PS,PS,PS,PS,PS,17,57437,PS,PS,PS,19,44,PS,PS,0.40 - 0.59,PS,PS,PS,PS,PS,26,PS,PS,0.40 - 0.59,PS,PS,PS,PS,PS,1,2,22,63649,17,PS,PS,PS,PS,PS,PS,PS,PS,PS,PS,43799,83343,60801,111527
149505,001771,Trinity Christian College,"Private, nonprofit",1,5208,Finance and Financial Management Services.,3,Bachelor's Degree,4,10,12,PS,PS,12,PS,PS,PS,PS,PS,PS,PS,PS,PS,PS,PS,PS,PS,PS,PS,PS,PS,PS,PS,PS,PS,PS,PS,PS,PS,PS,PS,PS,PS,PS,PS,PS,PS,PS,PS,PS,PS,PS,PS,PS,PS,PS,PS,PS,PS,PS,PS,PS,PS,PS,PS,PS,PS,PS,PS,PS,PS,PS,PS,PS,0,PS,PS,PS,PS,PS,PS,PS,PS,PS,PS,PS,PS,PS,PS,PS,PS,PS,PS,PS,PS,PS,PS,PS,PS,PS,PS,PS,PS,PS,PS,PS,PS,PS,PS,PS,PS,PS,PS,PS,PS,PS,PS,PS,PS,PS,0,PS,PS,PS,PS,PS,0,PS,PS,PS,PS,PS,PS,PS,PS,PS,PS,PS,PS,PS,15,PS,PS,PS,PS,PS,PS,PS,PS,PS,PS,PS,PS,PS,PS,PS,PS,PS,1,0,PS,PS,PS,PS,PS,PS,PS,PS,PS,PS,PS,PS,PS,43799,83343,60801,111527
149772,001780,Western Illinois University,Public,1,5208,Finance and Financial Management Services.,3,Bachelor's Degree,19,14,28,29101,27000,27,28243,26250,PS,PS,PS,PS,PS,PS,PS,26343,PS,PS,24980,PS,PS,PS,PS,PS,PS,PS,PS,PS,PS,PS,PS,PS,PS,PS,PS,PS,PS,PS,PS,PS,PS,PS,PS,PS,PS,PS,PS,PS,PS,PS,PS,PS,PS,PS,PS,PS,PS,PS,PS,PS,PS,PS,PS,PS,286,278,0,20,21,44348,1,29,29,41937,19,PS,PS,PS,PS,PS,PS,PS,PS,27,PS,PS,PS,PS,PS,PS,PS,PS,PS,PS,PS,PS,PS,PS,PS,PS,31,50064,30,28,16,52590,PS,PS,22,56751,PS,PS,0,PS,PS,PS,PS,PS,1,28,69716,PS,16,60467,PS,PS,23,61765,PS,PS,PS,19,30,PS,PS,0.60 - 0.79,PS,PS,PS,PS,PS,27,PS,PS,0.40 - 0.59,PS,PS,PS,PS,PS,3,1,32,59698,24,PS,PS,PS,PS,PS,PS,PS,PS,PS,19,43799,83343,60801,111527
150066,001785,Anderson University,"Private, nonprofit",1,5208,Finance and Financial Management Services.,3,Bachelor's Degree,12,5,14,PS,PS,14,PS,PS,PS,PS,PS,PS,PS,PS,PS,PS,PS,PS,PS,PS,PS,PS,PS,PS,PS,PS,PS,PS,PS,PS,PS,PS,PS,PS,PS,PS,PS,PS,PS,PS,PS,PS,PS,PS,PS,PS,PS,PS,PS,PS,PS,PS,PS,PS,PS,PS,PS,PS,PS,PS,PS,PS,PS,PS,PS,PS,0,PS,PS,PS,PS,PS,PS,PS,PS,PS,PS,PS,PS,PS,PS,PS,PS,PS,PS,PS,PS,PS,PS,PS,PS,PS,PS,PS,PS,PS,PS,PS,PS,PS,PS,PS,PS,PS,PS,PS,PS,PS,PS,PS,PS,PS,0,PS,PS,PS,PS,PS,0,PS,PS,PS,PS,PS,PS,PS,PS,PS,PS,PS,PS,PS,PS,PS,PS,PS,PS,PS,PS,PS,PS,PS,PS,PS,PS,PS,PS,PS,PS,PS,1,0,PS,PS,PS,PS,PS,PS,PS,PS,PS,PS,PS,PS,PS,43799,83343,60801,111527
150136,001786,Ball State University,Public,1,5208,Finance and Financial Management Services.,3,Bachelor's Degree,77,69,111,PS,24101,111,PS,23000,38,32696,17210,37,33428,18030,90,PS,23500,90,PS,22790,PS,PS,PS,PS,PS,PS,21,PS,26000,21,PS,26000,PS,PS,PS,PS,PS,PS,44,PS,23485,44,PS,22664,12,18294,PS,11,19447,PS,67,PS,25000,67,PS,24496,26,PS,PS,26,PS,PS,205,214,256,244,1,102,105,46474,2,100,103,44975,98,<=0.20,<=0.20,<=0.20,<=0.20,<=0.20,0.40 - 0.59,<=0.20,<=0.20,104,<=0.10,<=0.10,<=0.10,<=0.10,0.20 - 0.29,0.40 - 0.49,0.10 - 0.19,<=0.10,49,49697,61,54476,85,51227,25,48990,113,54669,104,100,59,53618,53,56187,90,55375,22,51877,5,111,50077,98,PS,87,4,103,70833,PS,56,62582,49,60867,86,62766,20,55250,PS,65,79,<=0.20,<=0.20,0.40 - 0.59,<=0.20,<=0.20,0.20 - 0.39,<=0.20,<=0.20,104,<=0.10,<=0.10,0.40 - 0.49,<=0.10,0.10 - 0.19,0.20 - 0.29,0.20 - 0.29,<=0.10,1,5,105,69618,96,55,70307,50,68655,85,70388,19,68045,PS,66,43799,83343,60801,111527
150145,001787,Bethel University,"Private, nonprofit",1,5208,Finance and Financial Management Services.,3,Bachelor's Degree,0,2,PS,PS,PS,PS,PS,PS,PS,PS,PS,PS,PS,PS,PS,PS,PS,PS,PS,PS,PS,PS,PS,PS,PS,PS,PS,PS,PS,PS,PS,PS,PS,PS,PS,PS,PS,PS,PS,PS,PS,PS,PS,PS,PS,PS,PS,PS,PS,PS,PS,PS,PS,PS,PS,PS,PS,PS,PS,PS,PS,PS,PS,PS,PS,PS,PS,PS,PS,PS,PS,PS,PS,PS,PS,PS,PS,PS,PS,PS,PS,PS,PS,PS,PS,PS,PS,PS,PS,PS,PS,PS,PS,PS,PS,PS,PS,PS,PS,PS,PS,PS,PS,PS,PS,PS,PS,PS,PS,PS,PS,PS,0,PS,PS,PS,PS,PS,PS,PS,PS,PS,PS,PS,PS,PS,PS,PS,PS,PS,PS,PS,PS,PS,PS,PS,PS,PS,PS,PS,PS,PS,PS,PS,PS,PS,PS,PS,PS,PS,1,PS,PS,PS,PS,PS,PS,PS,PS,PS,PS,PS,PS,PS,PS,43799,83343,60801,111527
150163,001788,Butler University,"Private, nonprofit",1,5208,Finance and Financial Management Services.,3,Bachelor's Degree,120,102,51,20879,23250,50,21222,23250,10,PS,PS,10,PS,PS,PS,PS,PS,PS,PS,PS,PS,PS,PS,PS,PS,PS,PS,PS,PS,PS,PS,PS,PS,PS,PS,PS,PS,PS,PS,PS,PS,PS,PS,PS,PS,PS,PS,PS,PS,PS,PS,PS,PS,PS,PS,PS,PS,PS,PS,PS,PS,PS,PS,PS,246,246,1,PS,PS,PS,1,27,43,43426,65,<=0.20,<=0.20,<=0.20,<=0.20,<=0.20,0.40 - 0.59,0.20 - 0.39,<=0.20,48,PS,PS,PS,PS,PS,0.40 - 0.59,0.20 - 0.39,PS,PS,PS,PS,PS,PS,PS,PS,PS,80,58451,67,60,16,59112,64,57361,49,59315,31,52271,0,45,60290,44,PS,28,0,21,81344,PS,20,64024,75,66450,65,65306,29,68809,PS,49,72,<=0.20,<=0.20,0.40 - 0.59,<=0.20,0.20 - 0.39,<=0.20,<=0.20,<=0.20,48,PS,PS,0.40 - 0.59,PS,PS,PS,0.20 - 0.39,PS,1,1,104,77354,99,17,74499,87,78795,62,77336,40,77705,24,52,43799,83343,60801,111527
150534,001795,University of Evansville,"Private, nonprofit",1,5208,Finance and Financial Management Services.,3,Bachelor's Degree,16,9,14,PS,PS,14,PS,PS,PS,PS,PS,PS,PS,PS,PS,PS,PS,PS,PS,PS,PS,PS,PS,PS,PS,PS,PS,PS,PS,PS,PS,PS,PS,PS,PS,PS,PS,PS,PS,PS,PS,PS,PS,PS,PS,PS,PS,PS,PS,PS,PS,PS,PS,PS,PS,PS,PS,PS,PS,PS,PS,PS,PS,PS,PS,PS,0,PS,PS,PS,PS,PS,PS,PS,PS,PS,PS,PS,PS,PS,PS,PS,PS,PS,PS,PS,PS,PS,PS,PS,PS,PS,PS,PS,PS,PS,PS,PS,PS,PS,PS,PS,PS,PS,PS,PS,PS,PS,PS,PS,PS,PS,0,17,61531,16,PS,PS,0,PS,PS,PS,PS,PS,PS,PS,PS,PS,PS,PS,PS,PS,11,PS,PS,PS,PS,PS,PS,PS,PS,PS,PS,PS,PS,PS,PS,PS,PS,PS,1,0,PS,PS,PS,PS,PS,PS,PS,PS,PS,PS,PS,PS,PS,43799,83343,60801,111527
150604,001798,Franklin College,"Private, nonprofit",1,5208,Finance and Financial Management Services.,3,Bachelor's Degree,6,1,18,PS,PS,18,PS,PS,PS,PS,PS,PS,PS,PS,PS,PS,PS,PS,PS,PS,PS,PS,PS,PS,PS,PS,PS,PS,PS,PS,PS,PS,PS,PS,PS,PS,PS,PS,PS,PS,PS,PS,PS,PS,PS,PS,PS,PS,PS,PS,PS,PS,PS,PS,PS,PS,PS,PS,PS,PS,PS,PS,PS,PS,PS,PS,0,PS,PS,PS,PS,PS,PS,PS,PS,PS,PS,PS,PS,PS,PS,PS,PS,PS,PS,PS,PS,PS,PS,PS,PS,PS,PS,PS,PS,PS,PS,PS,PS,PS,PS,PS,PS,PS,PS,PS,PS,PS,PS,PS,PS,PS,1,18,57037,PS,PS,18,0,24,84829,PS,PS,PS,PS,PS,PS,PS,PS,PS,PS,PS,23,PS,PS,0.40 - 0.59,PS,PS,PS,PS,PS,PS,PS,PS,PS,PS,PS,PS,PS,PS,1,0,PS,PS,PS,PS,PS,PS,PS,PS,PS,PS,PS,PS,PS,43799,83343,60801,111527
150677,001800,Grace College and Theological Seminary,"Private, nonprofit",1,5208,Finance and Financial Management Services.,3,Bachelor's Degree,5,8,12,PS,PS,12,PS,PS,PS,PS,PS,PS,PS,PS,PS,PS,PS,PS,PS,PS,PS,PS,PS,PS,PS,PS,PS,PS,PS,PS,PS,PS,PS,PS,PS,PS,PS,PS,PS,PS,PS,PS,PS,PS,PS,PS,PS,PS,PS,PS,PS,PS,PS,PS,PS,PS,PS,PS,PS,PS,PS,PS,PS,PS,PS,PS,0,PS,PS,PS,PS,PS,PS,PS,PS,PS,PS,PS,PS,PS,PS,PS,PS,PS,PS,PS,PS,PS,PS,PS,PS,PS,PS,PS,PS,PS,PS,PS,PS,PS,PS,PS,PS,PS,PS,PS,PS,PS,PS,PS,PS,PS,0,PS,PS,PS,PS,PS,0,PS,PS,PS,PS,PS,PS,PS,PS,PS,PS,PS,PS,PS,PS,PS,PS,PS,PS,PS,PS,PS,PS,PS,PS,PS,PS,PS,PS,PS,PS,PS,1,0,PS,PS,PS,PS,PS,PS,PS,PS,PS,PS,PS,PS,PS,43799,83343,60801,111527
150941,001803,Huntington University,"Private, nonprofit",1,5208,Finance and Financial Management Services.,3,Bachelor's Degree,7,10,PS,PS,PS,PS,PS,PS,PS,PS,PS,PS,PS,PS,PS,PS,PS,PS,PS,PS,PS,PS,PS,PS,PS,PS,PS,PS,PS,PS,PS,PS,PS,PS,PS,PS,PS,PS,PS,PS,PS,PS,PS,PS,PS,PS,PS,PS,PS,PS,PS,PS,PS,PS,PS,PS,PS,PS,PS,PS,PS,PS,PS,PS,PS,PS,0,PS,PS,PS,PS,PS,PS,PS,PS,PS,PS,PS,PS,PS,PS,PS,PS,PS,PS,PS,PS,PS,PS,PS,PS,PS,PS,PS,PS,PS,PS,PS,PS,PS,PS,PS,PS,PS,PS,PS,PS,PS,PS,PS,PS,PS,1,PS,PS,PS,PS,PS,0,PS,PS,PS,PS,PS,PS,PS,PS,PS,PS,PS,PS,PS,PS,PS,PS,PS,PS,PS,PS,PS,PS,PS,PS,PS,PS,PS,PS,PS,PS,PS,1,0,PS,PS,PS,PS,PS,PS,PS,PS,PS,PS,PS,PS,PS,43799,83343,60801,111527
151263,001804,University of Indianapolis,"Private, nonprofit",1,5208,Finance and Financial Management Services.,3,Bachelor's Degree,66,78,28,PS,26400,28,PS,25017,PS,PS,PS,PS,PS,PS,PS,PS,PS,PS,PS,PS,PS,PS,PS,PS,PS,PS,PS,PS,PS,PS,PS,PS,PS,PS,PS,PS,PS,PS,13,PS,PS,13,PS,PS,PS,PS,PS,PS,PS,PS,15,PS,PS,15,PS,PS,PS,PS,PS,PS,PS,PS,PS,PS,280,265,1,PS,PS,PS,PS,PS,PS,PS,10,PS,PS,PS,PS,PS,PS,PS,PS,PS,PS,PS,PS,PS,PS,PS,PS,PS,PS,PS,PS,PS,PS,PS,PS,PS,PS,PS,PS,PS,PS,PS,PS,PS,PS,PS,PS,PS,0,27,54590,22,PS,23,1,30,86923,PS,PS,PS,PS,PS,PS,PS,PS,PS,PS,PS,21,PS,PS,PS,PS,PS,PS,PS,PS,PS,PS,PS,PS,PS,PS,PS,PS,PS,1,0,PS,PS,PS,PS,PS,PS,PS,PS,PS,PS,PS,PS,PS,43799,83343,60801,111527
151306,001808,University of Southern Indiana,Public,1,5208,Finance and Financial Management Services.,3,Bachelor's Degree,45,43,37,20774,21500,36,20189,21298,PS,PS,PS,PS,PS,PS,24,PS,PS,24,PS,PS,PS,PS,PS,PS,PS,PS,13,21557,PS,12,21510,PS,PS,PS,PS,PS,PS,PS,17,PS,PS,17,PS,PS,PS,PS,PS,PS,PS,PS,20,19514,PS,19,19673,PS,PS,PS,PS,PS,PS,PS,PS,PS,228,226,1,30,33,45827,0,39,40,41565,35,PS,PS,PS,PS,0.20 - 0.39,0.20 - 0.39,PS,PS,42,PS,PS,PS,PS,PS,0.20 - 0.39,PS,PS,PS,PS,PS,PS,PS,PS,PS,PS,40,50099,39,38,16,64770,24,46797,30,49148,PS,PS,1,34,43335,30,PS,28,1,33,70473,PS,18,64115,29,51273,32,59568,PS,PS,PS,38,29,PS,PS,0.40 - 0.59,PS,PS,PS,PS,PS,42,PS,PS,0.20 - 0.39,PS,PS,0.20 - 0.39,PS,PS,1,1,47,70902,46,18,80876,29,56357,PS,PS,PS,PS,PS,35,43799,83343,60801,111527
151324,001807,Indiana State University,Public,1,5208,Finance and Financial Management Services.,3,Bachelor's Degree,33,32,49,PS,22805,49,PS,19500,15,PS,PS,15,PS,PS,39,PS,PS,39,PS,PS,PS,PS,PS,PS,PS,PS,10,PS,PS,10,PS,PS,PS,PS,PS,PS,PS,PS,25,PS,19000,25,PS,19000,PS,PS,PS,PS,PS,PS,24,PS,23702,24,PS,20500,PS,PS,PS,PS,PS,PS,PS,PS,242,207,3,28,31,43743,1,27,29,51794,23,PS,PS,PS,PS,PS,PS,PS,PS,29,PS,PS,PS,PS,PS,0.20 - 0.39,PS,PS,27,43946,22,51798,PS,PS,PS,PS,33,57858,31,30,PS,PS,PS,PS,24,56936,PS,PS,0,48,46207,40,PS,30,1,38,67937,PS,20,47694,PS,PS,23,64233,PS,PS,PS,27,38,PS,PS,0.60 - 0.79,PS,PS,PS,PS,PS,29,PS,PS,0.20 - 0.39,PS,PS,PS,PS,PS,1,3,31,68204,30,PS,PS,PS,PS,PS,PS,PS,PS,PS,25,43799,83343,60801,111527
151777,001820,Manchester University,"Private, nonprofit",1,5208,Finance and Financial Management Services.,3,Bachelor's Degree,5,4,16,PS,PS,16,PS,PS,PS,PS,PS,PS,PS,PS,PS,PS,PS,PS,PS,PS,PS,PS,PS,PS,PS,PS,PS,PS,PS,PS,PS,PS,PS,PS,PS,PS,PS,PS,PS,PS,PS,PS,PS,PS,PS,PS,PS,PS,PS,PS,PS,PS,PS,PS,PS,PS,PS,PS,PS,PS,PS,PS,PS,PS,PS,PS,0,PS,PS,PS,PS,PS,PS,PS,11,PS,PS,PS,PS,PS,PS,PS,PS,13,PS,PS,PS,PS,PS,PS,PS,PS,PS,PS,PS,PS,PS,PS,PS,PS,PS,PS,PS,PS,PS,PS,PS,PS,PS,PS,PS,PS,0,19,42805,PS,PS,PS,0,PS,PS,PS,PS,PS,PS,PS,PS,PS,PS,PS,PS,PS,PS,PS,PS,PS,PS,PS,PS,PS,PS,13,PS,PS,PS,PS,PS,PS,PS,PS,1,0,PS,PS,PS,PS,PS,PS,PS,PS,PS,PS,PS,PS,PS,43799,83343,60801,111527
151786,001821,Marian University,"Private, nonprofit",1,5208,Finance and Financial Management Services.,3,Bachelor's Degree,22,24,23,PS,31000,23,PS,27500,PS,PS,PS,PS,PS,PS,PS,PS,PS,PS,PS,PS,PS,PS,PS,PS,PS,PS,PS,PS,PS,PS,PS,PS,PS,PS,PS,PS,PS,PS,11,PS,PS,11,PS,PS,PS,PS,PS,PS,PS,PS,12,PS,PS,12,PS,PS,PS,PS,PS,PS,PS,PS,PS,PS,329,292,0,29,30,52541,PS,PS,PS,PS,25,PS,PS,PS,PS,PS,0.40 - 0.59,PS,PS,17,PS,PS,PS,PS,PS,PS,PS,PS,PS,PS,PS,PS,PS,PS,PS,PS,PS,PS,PS,PS,PS,PS,PS,PS,PS,PS,PS,PS,0,22,55120,18,PS,21,0,25,77771,PS,PS,PS,PS,PS,PS,PS,PS,PS,PS,PS,17,PS,PS,PS,PS,PS,PS,PS,PS,17,PS,PS,PS,PS,PS,PS,PS,PS,1,1,PS,PS,PS,PS,PS,PS,PS,PS,PS,PS,PS,PS,PS,43799,83343,60801,111527
151801,001822,Indiana Wesleyan University-Marion,"Private, nonprofit",1,5208,Finance and Financial Management Services.,3,Bachelor's Degree,21,25,29,26369,26628,27,25174,25000,PS,PS,PS,PS,PS,PS,PS,25418,PS,PS,24487,PS,PS,PS,PS,PS,PS,PS,PS,PS,PS,PS,PS,PS,PS,PS,PS,PS,PS,PS,14,30982,PS,12,31350,PS,PS,PS,PS,PS,PS,PS,15,PS,PS,15,PS,PS,PS,PS,PS,PS,PS,PS,PS,PS,282,265,1,PS,19,52457,0,12,12,43575,14,PS,PS,PS,PS,PS,PS,PS,PS,11,PS,PS,PS,PS,PS,PS,PS,PS,PS,PS,PS,PS,PS,PS,PS,PS,PS,PS,PS,PS,PS,PS,PS,PS,PS,PS,PS,PS,2,35,55562,27,PS,19,0,22,70007,PS,PS,PS,PS,PS,PS,PS,PS,PS,PS,PS,21,PS,PS,0.40 - 0.59,PS,PS,PS,PS,PS,11,PS,PS,PS,PS,PS,PS,PS,PS,1,0,PS,PS,PS,PS,PS,PS,PS,PS,PS,PS,PS,PS,PS,43799,83343,60801,111527
152080,001840,University of Notre Dame,"Private, nonprofit",1,5208,Finance and Financial Management Services.,3,Bachelor's Degree,260,271,120,PS,19000,120,PS,19000,28,PS,52086,28,PS,52086,95,PS,19000,95,PS,19000,PS,PS,PS,PS,PS,PS,25,PS,19000,25,PS,19000,PS,PS,PS,PS,PS,PS,20,PS,19000,20,PS,19000,PS,PS,PS,PS,PS,PS,100,PS,19000,100,PS,19000,PS,PS,PS,PS,PS,PS,619,619,201,201,3,176,183,84618,6,222,228,86375,198,<=0.10,<=0.10,<=0.10,<=0.10,<=0.10,0.50 - 0.59,0.30 - 0.39,<=0.10,210,<=0.05,<=0.05,<=0.05,<=0.05,<=0.05,0.45 - 0.49,0.45 - 0.49,<=0.05,24,89883,95,105549,94,106434,25,86798,229,95904,219,212,46,87939,182,99045,174,96626,56,90792,3,119,99222,110,PS,PS,11,126,160313,PS,41,107572,165,113613,158,111475,48,112178,PS,PS,123,<=0.10,<=0.10,0.20 - 0.29,<=0.10,<=0.10,0.30 - 0.39,0.20 - 0.29,<=0.10,210,<=0.05,<=0.05,0.20 - 0.24,<=0.05,<=0.05,0.15 - 0.19,0.50 - 0.54,<=0.05,1,12,197,138141,192,39,132647,158,140870,153,136187,44,142248,PS,PS,43799,83343,60801,111527
152336,001832,University of Saint Francis-Fort Wayne,"Private, nonprofit",1,5208,Finance and Financial Management Services.,3,Bachelor's Degree,2,4,PS,PS,PS,PS,PS,PS,PS,PS,PS,PS,PS,PS,PS,PS,PS,PS,PS,PS,PS,PS,PS,PS,PS,PS,PS,PS,PS,PS,PS,PS,PS,PS,PS,PS,PS,PS,PS,PS,PS,PS,PS,PS,PS,PS,PS,PS,PS,PS,PS,PS,PS,PS,PS,PS,PS,PS,PS,PS,PS,PS,PS,PS,PS,PS,PS,PS,PS,PS,PS,PS,PS,PS,PS,PS,PS,PS,PS,PS,PS,PS,PS,PS,PS,PS,PS,PS,PS,PS,PS,PS,PS,PS,PS,PS,PS,PS,PS,PS,PS,PS,PS,PS,PS,PS,PS,PS,PS,PS,PS,PS,0,PS,PS,PS,PS,PS,PS,PS,PS,PS,PS,PS,PS,PS,PS,PS,PS,PS,PS,PS,PS,PS,PS,PS,PS,PS,PS,PS,PS,PS,PS,PS,PS,PS,PS,PS,PS,PS,1,PS,PS,PS,PS,PS,PS,PS,PS,PS,PS,PS,PS,PS,PS,43799,83343,60801,111527
152530,001838,Taylor University,"Private, nonprofit",1,5208,Finance and Financial Management Services.,3,Bachelor's Degree,16,15,21,PS,16000,21,PS,16000,PS,PS,PS,PS,PS,PS,PS,PS,PS,PS,PS,PS,PS,PS,PS,PS,PS,PS,PS,PS,PS,PS,PS,PS,PS,PS,PS,PS,PS,PS,PS,PS,PS,PS,PS,PS,PS,PS,PS,PS,PS,PS,PS,PS,PS,PS,PS,PS,PS,PS,PS,PS,PS,PS,PS,PS,170,170,0,PS,PS,PS,0,17,17,54109,19,PS,PS,PS,PS,PS,PS,PS,PS,17,PS,PS,PS,PS,PS,PS,PS,PS,PS,PS,PS,PS,PS,PS,PS,PS,19,65024,19,16,PS,PS,PS,PS,PS,PS,PS,PS,0,22,60336,20,PS,PS,1,PS,PS,PS,PS,PS,PS,PS,PS,PS,PS,PS,PS,PS,16,PS,PS,PS,PS,PS,PS,PS,PS,17,PS,PS,PS,PS,PS,PS,PS,PS,1,0,17,89044,PS,PS,PS,PS,PS,PS,PS,PS,PS,PS,PS,43799,83343,60801,111527
152567,001839,Trine University,"Private, nonprofit",1,5208,Finance and Financial Management Services.,3,Bachelor's Degree,16,13,PS,PS,PS,PS,PS,PS,PS,PS,PS,PS,PS,PS,PS,PS,PS,PS,PS,PS,PS,PS,PS,PS,PS,PS,PS,PS,PS,PS,PS,PS,PS,PS,PS,PS,PS,PS,PS,PS,PS,PS,PS,PS,PS,PS,PS,PS,PS,PS,PS,PS,PS,PS,PS,PS,PS,PS,PS,PS,PS,PS,PS,PS,PS,PS,0,PS,PS,PS,PS,PS,PS,PS,PS,PS,PS,PS,PS,PS,PS,PS,PS,PS,PS,PS,PS,PS,PS,PS,PS,PS,PS,PS,PS,PS,PS,PS,PS,PS,PS,PS,PS,PS,PS,PS,PS,PS,PS,PS,PS,PS,0,PS,PS,PS,PS,PS,0,PS,PS,PS,PS,PS,PS,PS,PS,PS,PS,PS,PS,PS,PS,PS,PS,PS,PS,PS,PS,PS,PS,PS,PS,PS,PS,PS,PS,PS,PS,PS,1,0,PS,PS,PS,PS,PS,PS,PS,PS,PS,PS,PS,PS,PS,43799,83343,60801,111527
152600,001842,Valparaiso University,"Private, nonprofit",1,5208,Finance and Financial Management Services.,3,Bachelor's Degree,25,14,29,PS,26613,29,PS,26613,PS,PS,PS,PS,PS,PS,PS,PS,PS,PS,PS,PS,PS,PS,PS,PS,PS,PS,PS,PS,PS,PS,PS,PS,PS,PS,PS,PS,PS,PS,14,PS,PS,14,PS,PS,PS,PS,PS,PS,PS,PS,15,PS,PS,15,PS,PS,PS,PS,PS,PS,PS,PS,PS,PS,282,282,2,33,35,50272,1,26,28,50231,29,PS,PS,PS,PS,PS,0.40 - 0.59,PS,PS,24,PS,PS,PS,PS,PS,0.40 - 0.59,PS,PS,PS,PS,PS,PS,PS,PS,PS,PS,29,53238,27,26,PS,PS,PS,PS,25,60819,PS,PS,1,32,55399,27,PS,PS,1,27,73880,PS,PS,PS,21,61473,25,76154,PS,PS,PS,PS,21,PS,PS,PS,PS,PS,PS,PS,PS,24,PS,PS,0.40 - 0.59,PS,PS,PS,PS,PS,1,1,29,84445,27,PS,PS,PS,PS,PS,PS,PS,PS,PS,PS,43799,83343,60801,111527
152992,001846,Briar Cliff University,"Private, nonprofit",1,5208,Finance and Financial Management Services.,3,Bachelor's Degree,,2,,,,,,,,,,,,,,,,,,,,,,,,,,,,,,,,,,,,,,,,,,,,,,,,,,,,,,,,,,,,,,,,,,,,,,,,,,,,,,,,,,,,,,,,,,,,,,,,,,,,,,,,,,,,,,,,,,,,,,PS,PS,,,,,,,,,,,,,,,,,,,,,,,,,,,,,,1,,,,,,,,,,,,,,,PS,PS,PS,PS
153001,001847,Buena Vista University,"Private, nonprofit",1,5208,Finance and Financial Management Services.,3,Bachelor's Degree,25,16,56,28778,27000,53,21425,20700,13,16308,PS,PS,PS,PS,PS,25186,26062,26,18993,17035,PS,PS,PS,PS,PS,PS,PS,32370,30394,27,23767,23270,PS,PS,PS,PS,PS,PS,41,30730,PS,40,21972,PS,PS,PS,PS,PS,PS,PS,15,23442,PS,13,19742,PS,PS,PS,PS,PS,PS,PS,PS,PS,286,219,1,35,35,38278,2,17,17,47260,38,PS,PS,PS,PS,PS,0.40 - 0.59,PS,PS,26,PS,PS,PS,PS,PS,0.40 - 0.59,PS,PS,PS,PS,PS,PS,27,53589,25,52225,20,52709,17,18,PS,PS,PS,PS,PS,PS,PS,PS,2,51,52226,44,PS,37,2,46,63950,PS,PS,PS,PS,PS,PS,PS,PS,PS,PS,PS,46,PS,PS,0.60 - 0.79,PS,PS,PS,PS,PS,26,PS,PS,PS,PS,PS,PS,PS,PS,2,2,17,74244,17,PS,PS,PS,PS,PS,PS,PS,PS,PS,PS,43799,83343,60801,111527
153162,001856,Cornell College,"Private, nonprofit",1,5208,Finance and Financial Management Services.,3,Bachelor's Degree,9,8,PS,PS,PS,PS,PS,PS,PS,PS,PS,PS,PS,PS,PS,PS,PS,PS,PS,PS,PS,PS,PS,PS,PS,PS,PS,PS,PS,PS,PS,PS,PS,PS,PS,PS,PS,PS,PS,PS,PS,PS,PS,PS,PS,PS,PS,PS,PS,PS,PS,PS,PS,PS,PS,PS,PS,PS,PS,PS,PS,PS,PS,PS,PS,PS,0,PS,PS,PS,PS,PS,PS,PS,PS,PS,PS,PS,PS,PS,PS,PS,PS,PS,PS,PS,PS,PS,PS,PS,PS,PS,PS,PS,PS,PS,PS,PS,PS,PS,PS,PS,PS,PS,PS,PS,PS,PS,PS,PS,PS,PS,0,PS,PS,PS,PS,PS,PS,PS,PS,PS,PS,PS,PS,PS,PS,PS,PS,PS,PS,PS,11,PS,PS,PS,PS,PS,PS,PS,PS,PS,PS,PS,PS,PS,PS,PS,PS,PS,1,PS,PS,PS,PS,PS,PS,PS,PS,PS,PS,PS,PS,PS,PS,43799,83343,60801,111527
153250,001859,Dordt University,"Private, nonprofit",1,5208,Finance and Financial Management Services.,3,Bachelor's Degree,13,17,19,PS,22250,19,PS,22250,PS,PS,PS,PS,PS,PS,PS,PS,PS,PS,PS,PS,PS,PS,PS,PS,PS,PS,PS,PS,PS,PS,PS,PS,PS,PS,PS,PS,PS,PS,PS,PS,PS,PS,PS,PS,PS,PS,PS,PS,PS,PS,PS,PS,PS,PS,PS,PS,PS,PS,PS,PS,PS,PS,PS,PS,236,236,0,23,23,43786,PS,PS,PS,PS,19,PS,PS,PS,PS,PS,PS,PS,PS,PS,PS,PS,PS,PS,PS,PS,PS,PS,PS,PS,PS,PS,PS,PS,PS,PS,PS,PS,PS,PS,PS,PS,PS,PS,PS,PS,PS,PS,0,19,52640,19,PS,PS,0,24,74869,PS,PS,PS,PS,PS,PS,PS,PS,PS,PS,PS,19,PS,PS,PS,PS,PS,PS,PS,PS,PS,PS,PS,PS,PS,PS,PS,PS,PS,1,0,PS,PS,PS,PS,PS,PS,PS,PS,PS,PS,PS,PS,PS,43799,83343,60801,111527
153269,001860,Drake University,"Private, nonprofit",1,5208,Finance and Financial Management Services.,3,Bachelor's Degree,30,34,37,PS,25000,37,PS,25000,12,PS,PS,12,PS,PS,PS,PS,PS,PS,PS,PS,PS,PS,PS,PS,PS,PS,PS,PS,PS,PS,PS,PS,PS,PS,PS,PS,PS,PS,12,PS,PS,12,PS,PS,PS,PS,PS,PS,PS,PS,25,PS,PS,25,PS,PS,PS,PS,PS,PS,PS,PS,PS,PS,265,265,1,31,33,56700,0,27,28,57705,23,PS,PS,PS,PS,PS,PS,0.40 - 0.59,PS,33,PS,PS,PS,PS,PS,PS,0.40 - 0.59,PS,PS,PS,PS,PS,PS,PS,PS,PS,31,71750,28,27,PS,PS,23,74766,23,69363,PS,PS,1,36,62049,35,PS,PS,0,48,88637,PS,PS,PS,23,81382,21,83528,PS,PS,PS,PS,43,PS,PS,PS,PS,PS,0.20 - 0.39,0.20 - 0.39,PS,33,PS,PS,PS,PS,PS,PS,0.40 - 0.59,PS,1,2,29,100759,27,PS,PS,PS,PS,PS,PS,PS,PS,PS,PS,43799,83343,60801,111527
153375,001867,Grand View University,"Private, nonprofit",1,5208,Finance and Financial Management Services.,3,Bachelor's Degree,25,20,41,27910,27000,40,22593,22807,PS,PS,PS,PS,PS,PS,20,PS,26500,20,PS,22875,PS,PS,PS,PS,PS,PS,21,26655,27000,20,24478,21591,PS,PS,PS,PS,PS,PS,28,28732,PS,27,23065,PS,PS,PS,PS,PS,PS,PS,13,PS,PS,13,PS,PS,PS,PS,PS,PS,PS,PS,PS,PS,286,242,0,45,50,47216,3,34,36,46478,41,PS,PS,PS,PS,PS,0.40 - 0.59,PS,PS,42,PS,PS,PS,PS,PS,0.20 - 0.39,PS,PS,PS,PS,PS,PS,22,51155,17,51512,41,49772,38,37,26,48587,17,53448,29,50638,PS,PS,1,39,51299,34,PS,35,1,47,67234,PS,24,55896,17,57543,28,61592,PS,PS,PS,34,46,PS,PS,0.40 - 0.59,PS,PS,0.20 - 0.39,PS,PS,42,PS,PS,0.40 - 0.59,PS,PS,PS,PS,PS,2,0,44,63368,40,27,62819,17,68008,PS,PS,PS,PS,PS,35,43799,83343,60801,111527
153603,001869,Iowa State University,Public,1,5208,Finance and Financial Management Services.,3,Bachelor's Degree,225,212,289,20612,21750,288,19388,19625,89,33035,25936,83,33873,26152,232,21031,22337,231,19890,20500,79,34396,PS,73,35460,PS,57,PS,19500,57,PS,18250,10,PS,PS,10,PS,PS,93,PS,22425,93,PS,20150,22,23105,24442,19,24879,25936,196,19693,21500,195,18873,19500,67,36296,26320,64,36543,27445,308,311,231,208,5,218,221,51055,3,151,159,50060,199,<=0.10,<=0.10,0.10 - 0.19,<=0.10,0.10 - 0.19,0.50 - 0.59,0.10 - 0.19,<=0.10,174,<=0.10,<=0.10,0.10 - 0.19,<=0.10,<=0.10,0.40 - 0.49,0.20 - 0.29,<=0.10,89,52451,149,59692,189,56070,49,60973,158,57593,151,145,73,57578,85,57731,122,57965,35,54184,10,239,56974,212,PS,116,9,278,75360,PS,69,62525,81,65421,111,65515,38,58030,PS,70,242,<=0.05,<=0.05,0.55 - 0.59,<=0.05,0.10 - 0.14,0.15 - 0.19,0.10 - 0.14,<=0.05,174,<=0.10,<=0.10,0.40 - 0.49,<=0.10,<=0.10,0.10 - 0.19,0.30 - 0.39,<=0.10,1,6,156,75665,150,71,73559,84,76895,118,77553,38,72822,PS,67,43799,83343,60801,111527
153658,001892,University of Iowa,Public,1,5208,Finance and Financial Management Services.,3,Bachelor's Degree,379,391,302,20818,23165,297,20371,22500,113,51451,40619,112,51503,41532,236,20206,22125,231,19737,21500,88,50836,40160,87,51168,40619,66,PS,26426,66,PS,26178,25,PS,43362,25,PS,43362,84,21806,23165,82,20970,22165,33,PS,34005,33,PS,34005,218,20437,23125,215,20143,22500,80,55391,42723,79,55536,43000,483,494,246,239,6,243,260,52516,3,249,252,54073,238,<=0.05,<=0.05,0.10 - 0.14,<=0.05,0.05 - 0.09,0.55 - 0.59,0.20 - 0.24,<=0.05,260,<=0.05,<=0.05,0.10 - 0.14,<=0.05,0.05 - 0.09,0.50 - 0.54,0.20 - 0.24,<=0.05,97,58337,209,60722,240,60539,65,55188,251,65646,244,240,108,59641,144,68230,204,66459,48,57459,8,305,59965,277,PS,105,4,297,88229,PS,107,76011,141,77284,202,77924,47,64873,PS,91,281,<=0.05,<=0.05,0.55 - 0.59,<=0.05,0.05 - 0.09,0.20 - 0.24,0.10 - 0.14,<=0.05,260,<=0.05,<=0.05,0.35 - 0.39,<=0.05,<=0.05,0.25 - 0.29,0.30 - 0.34,<=0.05,1,4,247,89537,240,104,85215,143,91055,198,90940,49,78936,PS,89,43799,83343,60801,111527
153825,001873,Loras College,"Private, nonprofit",1,5208,Finance and Financial Management Services.,3,Bachelor's Degree,17,15,22,20561,24077,21,20789,25000,PS,PS,PS,PS,PS,PS,PS,PS,PS,PS,PS,PS,PS,PS,PS,PS,PS,PS,PS,PS,PS,PS,PS,PS,PS,PS,PS,PS,PS,PS,PS,PS,PS,PS,PS,PS,PS,PS,PS,PS,PS,PS,PS,PS,PS,PS,PS,PS,PS,PS,PS,PS,PS,PS,PS,PS,255,265,0,18,19,43102,PS,PS,PS,PS,23,PS,PS,PS,PS,PS,PS,PS,PS,23,PS,PS,PS,PS,PS,0.40 - 0.59,PS,PS,PS,PS,PS,PS,PS,PS,PS,PS,22,58312,20,21,PS,PS,PS,PS,16,52988,PS,PS,0,24,59434,24,PS,PS,1,18,78989,PS,PS,PS,PS,PS,PS,PS,PS,PS,PS,PS,16,PS,PS,PS,PS,PS,PS,PS,PS,23,PS,PS,PS,PS,PS,PS,PS,PS,1,0,21,69053,17,PS,PS,PS,PS,PS,PS,PS,PS,PS,PS,43799,83343,60801,111527
154013,001880,Mount Mercy University,"Private, nonprofit",1,5208,Finance and Financial Management Services.,3,Bachelor's Degree,13,16,27,25559,25250,25,20582,21359,PS,PS,PS,PS,PS,PS,17,26398,PS,15,20945,PS,PS,PS,PS,PS,PS,PS,10,PS,PS,10,PS,PS,PS,PS,PS,PS,PS,PS,15,28262,PS,14,19998,PS,PS,PS,PS,PS,PS,PS,12,22180,PS,11,21326,PS,PS,PS,PS,PS,PS,PS,PS,PS,268,226,3,24,27,42894,0,23,26,47846,29,PS,PS,PS,PS,PS,0.40 - 0.59,PS,PS,28,PS,PS,PS,PS,PS,PS,PS,PS,PS,PS,PS,PS,PS,PS,PS,PS,28,56288,25,25,18,59136,PS,PS,17,55106,PS,PS,0,27,51445,24,PS,24,1,27,57928,PS,16,63114,PS,PS,PS,PS,PS,PS,PS,23,25,PS,PS,0.40 - 0.59,PS,PS,PS,PS,PS,28,PS,PS,0.60 - 0.79,PS,PS,PS,PS,PS,2,0,27,57775,27,PS,PS,PS,PS,PS,PS,PS,PS,PS,23,43799,83343,60801,111527
154022,001881,The University of Arizona Global Campus,"Private, for-profit",1,5208,Finance and Financial Management Services.,3,Bachelor's Degree,127,144,108,31383,31133,78,31126,29813,12,11722,PS,PS,PS,PS,53,25105,22000,35,25089,23438,PS,PS,PS,PS,PS,PS,55,37433,41036,43,36040,35938,PS,PS,PS,PS,PS,PS,80,33451,36769,61,32146,PS,PS,PS,PS,PS,PS,PS,28,25475,21750,17,27468,PS,PS,PS,PS,PS,PS,PS,PS,PS,330,316,3,86,94,49321,5,90,102,45618,91,<=0.20,<=0.20,0.20 - 0.39,<=0.20,0.20 - 0.39,<=0.20,<=0.20,<=0.20,100,<=0.20,<=0.20,0.20 - 0.39,<=0.20,0.40 - 0.59,<=0.20,<=0.20,<=0.20,77,53304,23,68588,47,63889,53,49077,117,49490,100,85,102,49057,PS,PS,54,53987,62,48257,10,100,57566,80,PS,PS,14,96,64426,91,100,52431,PS,PS,52,60365,60,50320,19,PS,85,<=0.20,<=0.20,0.60 - 0.79,<=0.20,<=0.20,<=0.20,<=0.20,<=0.20,101,<=0.10,<=0.10,0.60 - 0.69,<=0.10,0.20 - 0.29,<=0.10,<=0.10,<=0.10,3,16,112,63997,90,PS,PS,PS,PS,57,70206,55,59423,22,PS,43799,83343,60801,111527
154095,001890,University of Northern Iowa,Public,1,5208,Finance and Financial Management Services.,3,Bachelor's Degree,141,125,132,19193,20750,129,17779,18770,33,23007,18014,31,22649,19500,97,19314,21000,94,18242,18943,23,21252,PS,21,21618,PS,35,PS,19500,35,PS,15155,10,PS,PS,10,PS,PS,56,20464,21875,55,19141,20390,10,PS,PS,10,PS,PS,76,18256,19750,74,16766,18160,23,20796,PS,21,20162,PS,214,232,220,199,3,110,116,52123,2,96,97,49752,101,<=0.10,<=0.10,0.10 - 0.19,<=0.10,<=0.10,0.40 - 0.49,0.20 - 0.29,<=0.10,97,<=0.20,<=0.20,<=0.20,<=0.20,<=0.20,0.40 - 0.59,0.20 - 0.39,<=0.20,68,50672,78,54174,109,53217,38,53296,99,57498,98,94,47,53108,51,60234,66,57682,32,55513,2,146,52759,127,PS,124,3,125,81172,PS,46,54242,51,74339,65,63230,32,62634,PS,65,110,<=0.10,<=0.10,0.50 - 0.59,<=0.10,<=0.10,0.20 - 0.29,0.10 - 0.19,<=0.10,97,<=0.20,<=0.20,0.40 - 0.59,<=0.20,<=0.20,<=0.20,0.20 - 0.39,<=0.20,1,2,94,71845,91,41,63282,53,84006,65,74069,29,64654,PS,64,43799,83343,60801,111527
154235,001889,Saint Ambrose University,"Private, nonprofit",1,5208,Finance and Financial Management Services.,3,Bachelor's Degree,14,21,15,PS,PS,15,PS,PS,PS,PS,PS,PS,PS,PS,PS,PS,PS,PS,PS,PS,PS,PS,PS,PS,PS,PS,PS,PS,PS,PS,PS,PS,PS,PS,PS,PS,PS,PS,PS,PS,PS,PS,PS,PS,PS,PS,PS,PS,PS,PS,PS,PS,PS,PS,PS,PS,PS,PS,PS,PS,PS,PS,PS,PS,PS,PS,0,18,19,43428,1,16,17,47260,19,PS,PS,PS,PS,PS,PS,PS,PS,15,PS,PS,PS,PS,PS,PS,PS,PS,PS,PS,PS,PS,PS,PS,PS,PS,17,53324,17,17,PS,PS,PS,PS,PS,PS,PS,PS,0,16,56275,PS,PS,PS,1,16,72886,PS,PS,PS,PS,PS,PS,PS,PS,PS,PS,PS,14,PS,PS,PS,PS,PS,PS,PS,PS,15,PS,PS,PS,PS,PS,PS,PS,PS,1,1,PS,PS,PS,PS,PS,PS,PS,PS,PS,PS,PS,PS,PS,43799,83343,60801,111527
154493,001893,Upper Iowa University,"Private, nonprofit",1,5208,Finance and Financial Management Services.,3,Bachelor's Degree,19,13,45,26770,26000,41,20943,17586,PS,PS,PS,PS,PS,PS,23,27028,27000,21,22988,21500,PS,PS,PS,PS,PS,PS,22,26501,21227,20,18795,15350,PS,PS,PS,PS,PS,PS,22,31500,30006,19,25056,19730,PS,PS,PS,PS,PS,PS,23,22246,21500,22,17390,16431,PS,PS,PS,PS,PS,PS,PS,PS,276,186,0,35,39,41533,0,23,23,41193,37,PS,PS,PS,PS,PS,0.20 - 0.39,PS,PS,30,PS,PS,PS,PS,PS,0.40 - 0.59,PS,PS,PS,PS,PS,PS,PS,PS,PS,PS,26,46734,21,20,21,42604,PS,PS,PS,PS,PS,PS,1,31,48860,25,PS,22,0,41,63736,PS,23,51212,PS,PS,PS,PS,PS,PS,PS,20,35,PS,PS,0.40 - 0.59,PS,PS,PS,PS,PS,30,PS,PS,0.40 - 0.59,PS,PS,PS,PS,PS,3,0,30,61823,28,PS,PS,PS,PS,PS,PS,PS,PS,PS,22,43799,83343,60801,111527
154712,010256,Benedictine College,"Private, nonprofit",1,5208,Finance and Financial Management Services.,3,Bachelor's Degree,38,38,44,24649,26959,43,24205,26919,21,41348,41904,20,42857,43780,33,24750,PS,32,25321,PS,PS,PS,PS,PS,PS,PS,11,PS,PS,11,PS,PS,PS,PS,PS,PS,PS,PS,11,PS,PS,11,PS,PS,PS,PS,PS,PS,PS,PS,33,23129,PS,32,23649,PS,PS,PS,PS,PS,PS,PS,498,521,286,285,0,PS,PS,PS,0,13,13,46087,15,PS,PS,PS,PS,PS,PS,PS,PS,14,PS,PS,PS,PS,PS,PS,PS,PS,PS,PS,PS,PS,PS,PS,PS,PS,PS,PS,PS,PS,PS,PS,PS,PS,PS,PS,PS,PS,1,37,58821,34,PS,PS,0,16,72769,PS,PS,PS,PS,PS,PS,PS,PS,PS,PS,PS,25,PS,PS,PS,PS,PS,PS,PS,PS,14,PS,PS,PS,PS,PS,PS,PS,PS,1,0,PS,PS,PS,PS,PS,PS,PS,PS,PS,PS,PS,PS,PS,43799,83343,60801,111527
154721,001904,Bethany College,"Private, nonprofit",1,5208,Finance and Financial Management Services.,3,Bachelor's Degree,14,5,PS,PS,PS,PS,PS,PS,PS,PS,PS,PS,PS,PS,PS,PS,PS,PS,PS,PS,PS,PS,PS,PS,PS,PS,PS,PS,PS,PS,PS,PS,PS,PS,PS,PS,PS,PS,PS,PS,PS,PS,PS,PS,PS,PS,PS,PS,PS,PS,PS,PS,PS,PS,PS,PS,PS,PS,PS,PS,PS,PS,PS,PS,PS,PS,0,PS,PS,PS,PS,PS,PS,PS,14,PS,PS,PS,PS,PS,PS,PS,PS,11,PS,PS,PS,PS,PS,PS,PS,PS,PS,PS,PS,PS,PS,PS,PS,PS,PS,PS,PS,PS,PS,PS,PS,PS,PS,PS,PS,PS,0,PS,PS,PS,PS,PS,0,PS,PS,PS,PS,PS,PS,PS,PS,PS,PS,PS,PS,PS,PS,PS,PS,PS,PS,PS,PS,PS,PS,11,PS,PS,PS,PS,PS,PS,PS,PS,1,1,PS,PS,PS,PS,PS,PS,PS,PS,PS,PS,PS,PS,PS,43799,83343,60801,111527
155061,001915,Fort Hays State University,Public,1,5208,Finance and Financial Management Services.,3,Bachelor's Degree,233,409,20,20790,19520,19,17200,15000,PS,PS,PS,PS,PS,PS,PS,PS,PS,PS,PS,PS,PS,PS,PS,PS,PS,PS,PS,PS,PS,PS,PS,PS,PS,PS,PS,PS,PS,PS,PS,PS,PS,PS,PS,PS,PS,PS,PS,PS,PS,PS,PS,PS,PS,PS,PS,PS,PS,PS,PS,PS,PS,PS,PS,PS,207,159,0,22,24,44719,0,13,14,33993,18,PS,PS,PS,PS,PS,PS,PS,PS,14,PS,PS,PS,PS,PS,PS,PS,PS,PS,PS,PS,PS,PS,PS,PS,PS,PS,PS,PS,PS,PS,PS,PS,PS,PS,PS,PS,PS,2,19,47313,17,PS,16,1,18,64524,PS,PS,PS,PS,PS,PS,PS,PS,PS,PS,PS,20,PS,PS,PS,PS,PS,PS,PS,PS,14,PS,PS,PS,PS,PS,PS,PS,PS,2,0,18,52869,PS,PS,PS,PS,PS,PS,PS,PS,PS,PS,PS,43799,83343,60801,111527
155089,001918,Friends University,"Private, nonprofit",1,5208,Finance and Financial Management Services.,3,Bachelor's Degree,7,6,PS,PS,PS,PS,PS,PS,PS,PS,PS,PS,PS,PS,PS,PS,PS,PS,PS,PS,PS,PS,PS,PS,PS,PS,PS,PS,PS,PS,PS,PS,PS,PS,PS,PS,PS,PS,PS,PS,PS,PS,PS,PS,PS,PS,PS,PS,PS,PS,PS,PS,PS,PS,PS,PS,PS,PS,PS,PS,PS,PS,PS,PS,PS,PS,0,PS,PS,PS,PS,PS,PS,PS,PS,PS,PS,PS,PS,PS,PS,PS,PS,PS,PS,PS,PS,PS,PS,PS,PS,PS,PS,PS,PS,PS,PS,PS,PS,PS,PS,PS,PS,PS,PS,PS,PS,PS,PS,PS,PS,PS,0,PS,PS,PS,PS,PS,0,PS,PS,PS,PS,PS,PS,PS,PS,PS,PS,PS,PS,PS,PS,PS,PS,PS,PS,PS,PS,PS,PS,PS,PS,PS,PS,PS,PS,PS,PS,PS,1,0,PS,PS,PS,PS,PS,PS,PS,PS,PS,PS,PS,PS,PS,43799,83343,60801,111527
155317,001948,University of Kansas,Public,1,5208,Finance and Financial Management Services.,3,Bachelor's Degree,209,206,148,19408,20354,147,18686,20218,77,PS,33486,77,PS,33406,126,PS,20495,126,PS,20327,63,PS,PS,63,PS,PS,22,20382,18711,21,20466,19173,14,PS,PS,14,PS,PS,54,PS,21050,54,PS,20545,26,PS,26855,26,PS,25609,94,17971,19500,93,17705,19500,51,PS,36902,51,PS,36902,398,397,216,214,8,135,141,49456,2,49,54,51273,132,<=0.10,<=0.10,0.10 - 0.19,<=0.10,<=0.10,0.50 - 0.59,0.10 - 0.19,<=0.10,67,<=0.20,<=0.20,<=0.20,<=0.20,<=0.20,0.60 - 0.79,<=0.20,<=0.20,45,53308,89,59865,113,57787,21,58132,61,59887,57,55,28,60709,33,58898,50,61065,PS,PS,3,134,57884,122,PS,71,1,150,86453,PS,26,70807,32,65794,48,70745,PS,PS,PS,20,134,<=0.10,<=0.10,0.40 - 0.49,<=0.10,0.10 - 0.19,0.20 - 0.29,0.10 - 0.19,<=0.10,67,<=0.20,<=0.20,0.60 - 0.79,<=0.20,<=0.20,<=0.20,<=0.20,<=0.20,1,3,56,90997,52,27,87299,29,92415,PS,PS,PS,PS,PS,PS,43799,83343,60801,111527
155335,001939,Newman University,"Private, nonprofit",1,5208,Finance and Financial Management Services.,3,Bachelor's Degree,6,3,PS,PS,PS,PS,PS,PS,PS,PS,PS,PS,PS,PS,PS,PS,PS,PS,PS,PS,PS,PS,PS,PS,PS,PS,PS,PS,PS,PS,PS,PS,PS,PS,PS,PS,PS,PS,PS,PS,PS,PS,PS,PS,PS,PS,PS,PS,PS,PS,PS,PS,PS,PS,PS,PS,PS,PS,PS,PS,PS,PS,PS,PS,PS,PS,1,PS,PS,PS,PS,PS,PS,PS,PS,PS,PS,PS,PS,PS,PS,PS,PS,PS,PS,PS,PS,PS,PS,PS,PS,PS,PS,PS,PS,PS,PS,PS,PS,PS,PS,PS,PS,PS,PS,PS,PS,PS,PS,PS,PS,PS,0,PS,PS,PS,PS,PS,PS,PS,PS,PS,PS,PS,PS,PS,PS,PS,PS,PS,PS,PS,PS,PS,PS,PS,PS,PS,PS,PS,PS,PS,PS,PS,PS,PS,PS,PS,PS,PS,1,PS,PS,PS,PS,PS,PS,PS,PS,PS,PS,PS,PS,PS,PS,43799,83343,60801,111527
155399,001928,Kansas State University,Public,1,5208,Finance and Financial Management Services.,3,Bachelor's Degree,178,173,101,22199,24990,99,21415,23250,38,PS,37004,38,PS,35793,74,22147,25000,72,21605,24113,PS,PS,PS,PS,PS,PS,27,PS,21213,27,PS,19000,PS,PS,PS,PS,PS,PS,42,PS,25902,42,PS,25402,14,PS,PS,14,PS,PS,59,19853,23440,57,19079,21226,24,PS,PS,24,PS,PS,440,426,265,246,3,146,151,48232,1,54,56,46087,130,<=0.10,<=0.10,0.10 - 0.19,<=0.10,0.10 - 0.19,0.40 - 0.49,0.10 - 0.19,<=0.10,74,<=0.20,<=0.20,0.20 - 0.39,<=0.20,<=0.20,0.40 - 0.59,<=0.20,<=0.20,47,52452,59,55958,75,54022,30,56606,57,55167,54,51,22,52132,35,58201,32,50825,25,58089,3,106,54509,93,PS,66,0,121,75705,PS,21,62121,37,66266,34,61551,25,68844,PS,31,102,<=0.10,<=0.10,0.40 - 0.49,<=0.10,0.10 - 0.19,0.20 - 0.29,<=0.10,<=0.10,74,<=0.20,<=0.20,0.60 - 0.79,<=0.20,<=0.20,<=0.20,<=0.20,<=0.20,2,1,56,73166,55,21,68008,35,76710,33,72296,23,73284,PS,31,43799,83343,60801,111527
155511,001933,McPherson College,"Private, nonprofit",1,5208,Finance and Financial Management Services.,3,Bachelor's Degree,1,,PS,PS,PS,PS,PS,PS,PS,PS,PS,PS,PS,PS,PS,PS,PS,PS,PS,PS,PS,PS,PS,PS,PS,PS,PS,PS,PS,PS,PS,PS,PS,PS,PS,PS,PS,PS,PS,PS,PS,PS,PS,PS,PS,PS,PS,PS,PS,PS,PS,PS,PS,PS,PS,PS,PS,PS,PS,PS,PS,PS,PS,PS,PS,PS,0,PS,PS,PS,PS,PS,PS,PS,PS,PS,PS,PS,PS,PS,PS,PS,PS,PS,PS,PS,PS,PS,PS,PS,PS,PS,PS,PS,PS,PS,PS,PS,PS,PS,PS,PS,PS,PS,PS,PS,PS,PS,PS,PS,PS,PS,0,PS,PS,PS,PS,PS,0,PS,PS,PS,PS,PS,PS,PS,PS,PS,PS,PS,PS,PS,PS,PS,PS,PS,PS,PS,PS,PS,PS,PS,PS,PS,PS,PS,PS,PS,PS,PS,0,0,PS,PS,PS,PS,PS,PS,PS,PS,PS,PS,PS,PS,PS,43799,83343,60801,111527
155520,007032,MidAmerica Nazarene University,"Private, nonprofit",1,5208,Finance and Financial Management Services.,3,Bachelor's Degree,,0,,,,,,,,,,,,,,,,,,,,,,,,,,,,,,,,,,,,,,,,,,,,,,,,,,,,,,,,,,,,,,,,,,,,,,,,,,,,,,,,,,,,,,,,,,,,,,,,,,,,,,,,,,,,,,,,,,,,,,PS,PS,,,,,,,,,,,,,,,,,,,,,,,,,,,,,,1,,,,,,,,,,,,,,,PS,PS,PS,PS
155627,001937,Ottawa University-Ottawa,"Private, nonprofit",1,5208,Finance and Financial Management Services.,3,Bachelor's Degree,6,3,PS,PS,PS,PS,PS,PS,PS,PS,PS,PS,PS,PS,PS,PS,PS,PS,PS,PS,PS,PS,PS,PS,PS,PS,PS,PS,PS,PS,PS,PS,PS,PS,PS,PS,PS,PS,PS,PS,PS,PS,PS,PS,PS,PS,PS,PS,PS,PS,PS,PS,PS,PS,PS,PS,PS,PS,PS,PS,PS,PS,PS,PS,PS,PS,0,PS,PS,PS,PS,PS,PS,PS,PS,PS,PS,PS,PS,PS,PS,PS,PS,PS,PS,PS,PS,PS,PS,PS,PS,PS,PS,PS,PS,PS,PS,PS,PS,PS,PS,PS,PS,PS,PS,PS,PS,PS,PS,PS,PS,PS,3,PS,PS,PS,PS,PS,PS,PS,PS,PS,PS,PS,PS,PS,PS,PS,PS,PS,PS,PS,PS,PS,PS,PS,PS,PS,PS,PS,PS,PS,PS,PS,PS,PS,PS,PS,PS,PS,1,PS,PS,PS,PS,PS,PS,PS,PS,PS,PS,PS,PS,PS,PS,43799,83343,60801,111527
155636,001937,Ottawa University-Kansas City,"Private, nonprofit",0,5208,Finance and Financial Management Services.,3,Bachelor's Degree,2,1,PS,PS,PS,PS,PS,PS,PS,PS,PS,PS,PS,PS,PS,PS,PS,PS,PS,PS,PS,PS,PS,PS,PS,PS,PS,PS,PS,PS,PS,PS,PS,PS,PS,PS,PS,PS,PS,PS,PS,PS,PS,PS,PS,PS,PS,PS,PS,PS,PS,PS,PS,PS,PS,PS,PS,PS,PS,PS,PS,PS,PS,PS,PS,PS,0,PS,PS,PS,PS,PS,PS,PS,PS,PS,PS,PS,PS,PS,PS,PS,PS,PS,PS,PS,PS,PS,PS,PS,PS,PS,PS,PS,PS,PS,PS,PS,PS,PS,PS,PS,PS,PS,PS,PS,PS,PS,PS,PS,PS,PS,3,PS,PS,PS,PS,PS,PS,PS,PS,PS,PS,PS,PS,PS,PS,PS,PS,PS,PS,PS,PS,PS,PS,PS,PS,PS,PS,PS,PS,PS,PS,PS,PS,PS,PS,PS,PS,PS,3,PS,PS,PS,PS,PS,PS,PS,PS,PS,PS,PS,PS,PS,PS,43799,83343,60801,111527
155681,001926,Pittsburg State University,Public,1,5208,Finance and Financial Management Services.,3,Bachelor's Degree,24,30,34,21099,21875,33,19814,19500,PS,PS,PS,PS,PS,PS,18,18516,PS,17,16899,PS,PS,PS,PS,PS,PS,PS,16,PS,PS,16,PS,PS,PS,PS,PS,PS,PS,PS,21,PS,PS,21,PS,PS,PS,PS,PS,PS,PS,PS,13,18653,PS,12,18207,PS,PS,PS,PS,PS,PS,PS,PS,PS,232,207,0,36,42,43111,1,29,32,38721,38,PS,PS,PS,PS,PS,0.40 - 0.59,PS,PS,34,PS,PS,PS,PS,PS,0.40 - 0.59,PS,PS,PS,PS,PS,PS,PS,PS,PS,PS,33,45946,31,30,22,44975,PS,PS,21,45039,PS,PS,0,29,50450,27,PS,19,1,32,76033,PS,21,47106,PS,PS,21,57496,PS,PS,PS,PS,30,PS,PS,0.40 - 0.59,PS,PS,PS,PS,PS,34,PS,PS,0.40 - 0.59,PS,PS,PS,PS,PS,1,1,28,63887,28,PS,PS,PS,PS,PS,PS,PS,PS,PS,16,43799,83343,60801,111527
155900,001940,Southwestern College,"Private, nonprofit",1,5208,Finance and Financial Management Services.,3,Bachelor's Degree,0,3,PS,PS,PS,PS,PS,PS,PS,PS,PS,PS,PS,PS,PS,PS,PS,PS,PS,PS,PS,PS,PS,PS,PS,PS,PS,PS,PS,PS,PS,PS,PS,PS,PS,PS,PS,PS,PS,PS,PS,PS,PS,PS,PS,PS,PS,PS,PS,PS,PS,PS,PS,PS,PS,PS,PS,PS,PS,PS,PS,PS,PS,PS,PS,PS,PS,PS,PS,PS,PS,PS,PS,PS,PS,PS,PS,PS,PS,PS,PS,PS,PS,PS,PS,PS,PS,PS,PS,PS,PS,PS,PS,PS,PS,PS,PS,PS,PS,PS,PS,PS,PS,PS,PS,PS,PS,PS,PS,PS,PS,PS,0,PS,PS,PS,PS,PS,0,PS,PS,PS,PS,PS,PS,PS,PS,PS,PS,PS,PS,PS,PS,PS,PS,PS,PS,PS,PS,PS,PS,PS,PS,PS,PS,PS,PS,PS,PS,PS,1,0,PS,PS,PS,PS,PS,PS,PS,PS,PS,PS,PS,PS,PS,43799,83343,60801,111527
155937,001945,Sterling College,"Private, nonprofit",1,5208,Finance and Financial Management Services.,3,Bachelor's Degree,,5,,,,,,,,,,,,,,,,,,,,,,,,,,,,,,,,,,,,,,,,,,,,,,,,,,,,,,,,,,,,,,,,,,,,,,,,,,,,,,,,,,,,,,,,,,,,,,,,,,,,,,,,,,,,,,,,,,,,,,PS,PS,,,,,,,,,,,,,,,,,,,,,,,,,,,,,,1,,,,,,,,,,,,,,,PS,PS,PS,PS
156082,001949,Washburn University,Public,1,5208,Finance and Financial Management Services.,3,Bachelor's Degree,36,39,43,PS,21136,43,PS,21136,PS,PS,PS,PS,PS,PS,30,PS,PS,30,PS,PS,PS,PS,PS,PS,PS,PS,13,PS,PS,13,PS,PS,PS,PS,PS,PS,PS,PS,19,PS,19731,19,PS,19731,PS,PS,PS,PS,PS,PS,24,PS,21943,24,PS,21318,PS,PS,PS,PS,PS,PS,PS,PS,224,224,1,30,30,46551,4,13,14,45128,31,PS,PS,PS,PS,PS,0.20 - 0.39,PS,PS,21,PS,PS,PS,PS,PS,PS,PS,PS,16,45414,19,53890,PS,PS,PS,PS,18,50230,16,PS,PS,PS,PS,PS,PS,PS,PS,PS,0,33,49500,29,PS,28,2,39,76175,PS,PS,PS,PS,PS,PS,PS,PS,PS,PS,16,34,PS,PS,0.20 - 0.39,PS,PS,PS,PS,PS,21,PS,PS,PS,PS,PS,PS,PS,PS,1,2,21,67917,18,PS,PS,PS,PS,PS,PS,PS,PS,PS,16,43799,83343,60801,111527
156125,001950,Wichita State University,Public,1,5208,Finance and Financial Management Services.,3,Bachelor's Degree,70,61,74,26653,26000,71,22665,23250,17,23050,PS,10,31088,PS,49,24756,24750,46,21785,23125,PS,PS,PS,PS,PS,PS,25,PS,30500,25,PS,24256,PS,PS,PS,PS,PS,PS,44,PS,28489,44,PS,25000,PS,PS,PS,PS,PS,PS,30,20906,22750,27,18350,19625,PS,PS,PS,PS,PS,PS,PS,PS,276,246,1,56,66,42878,5,46,57,41789,55,<=0.20,<=0.20,<=0.20,<=0.20,<=0.20,0.40 - 0.59,<=0.20,<=0.20,53,<=0.20,<=0.20,<=0.20,<=0.20,<=0.20,0.40 - 0.59,<=0.20,<=0.20,49,49354,28,47554,52,49589,23,48153,64,44843,61,54,46,44023,18,46979,43,53526,21,39916,3,77,49302,64,PS,66,2,80,64060,PS,44,52516,18,53410,42,57452,21,47282,PS,49,74,<=0.20,<=0.20,0.40 - 0.59,<=0.20,<=0.20,<=0.20,<=0.20,<=0.20,53,<=0.20,<=0.20,0.60 - 0.79,<=0.20,<=0.20,<=0.20,<=0.20,<=0.20,1,4,59,60600,53,42,60110,17,67962,38,68718,21,55254,PS,45,43799,83343,60801,111527
156213,001952,Asbury University,"Private, nonprofit",1,5208,Finance and Financial Management Services.,3,Bachelor's Degree,4,6,PS,PS,PS,PS,PS,PS,PS,PS,PS,PS,PS,PS,PS,PS,PS,PS,PS,PS,PS,PS,PS,PS,PS,PS,PS,PS,PS,PS,PS,PS,PS,PS,PS,PS,PS,PS,PS,PS,PS,PS,PS,PS,PS,PS,PS,PS,PS,PS,PS,PS,PS,PS,PS,PS,PS,PS,PS,PS,PS,PS,PS,PS,PS,PS,PS,PS,PS,PS,,,,,PS,PS,PS,PS,PS,PS,PS,PS,PS,PS,PS,PS,PS,PS,PS,PS,PS,PS,PS,PS,PS,PS,PS,PS,PS,PS,PS,PS,PS,PS,PS,PS,PS,PS,PS,PS,PS,PS,PS,PS,PS,PS,PS,PS,PS,PS,PS,PS,PS,PS,PS,PS,PS,PS,PS,PS,PS,PS,PS,PS,PS,PS,PS,PS,PS,PS,PS,PS,PS,PS,PS,PS,PS,PS,PS,PS,1,PS,PS,PS,PS,PS,PS,PS,PS,PS,PS,PS,PS,PS,PS,PS,PS,PS,PS
156286,001954,Bellarmine University,"Private, nonprofit",1,5208,Finance and Financial Management Services.,3,Bachelor's Degree,15,25,17,PS,PS,17,PS,PS,PS,PS,PS,PS,PS,PS,PS,PS,PS,PS,PS,PS,PS,PS,PS,PS,PS,PS,PS,PS,PS,PS,PS,PS,PS,PS,PS,PS,PS,PS,PS,PS,PS,PS,PS,PS,PS,PS,PS,PS,PS,PS,PS,PS,PS,PS,PS,PS,PS,PS,PS,PS,PS,PS,PS,PS,PS,PS,0,25,27,50891,0,11,12,47260,21,PS,PS,PS,PS,PS,PS,PS,PS,16,PS,PS,PS,PS,PS,PS,PS,PS,PS,PS,PS,PS,PS,PS,PS,PS,PS,PS,PS,PS,PS,PS,PS,PS,PS,PS,PS,PS,0,PS,PS,PS,PS,PS,0,19,84262,PS,PS,PS,PS,PS,PS,PS,PS,PS,PS,PS,15,PS,PS,PS,PS,PS,PS,PS,PS,16,PS,PS,PS,PS,PS,PS,PS,PS,1,0,PS,PS,PS,PS,PS,PS,PS,PS,PS,PS,PS,PS,PS,43799,83343,60801,111527
156620,001963,Eastern Kentucky University,Public,1,5208,Finance and Financial Management Services.,3,Bachelor's Degree,36,24,20,PS,16400,20,PS,15500,PS,PS,PS,PS,PS,PS,PS,PS,PS,PS,PS,PS,PS,PS,PS,PS,PS,PS,PS,PS,PS,PS,PS,PS,PS,PS,PS,PS,PS,PS,PS,PS,PS,PS,PS,PS,PS,PS,PS,PS,PS,PS,PS,PS,PS,PS,PS,PS,PS,PS,PS,PS,PS,PS,PS,PS,174,164,0,16,19,32868,PS,PS,PS,PS,PS,PS,PS,PS,PS,PS,PS,PS,PS,13,PS,PS,PS,PS,PS,PS,PS,PS,PS,PS,PS,PS,PS,PS,PS,PS,PS,PS,PS,PS,PS,PS,PS,PS,PS,PS,PS,PS,0,24,41328,19,PS,20,0,21,63685,PS,PS,PS,PS,PS,PS,PS,PS,PS,PS,PS,19,PS,PS,PS,PS,PS,PS,PS,PS,13,PS,PS,PS,PS,PS,PS,PS,PS,2,2,PS,PS,PS,PS,PS,PS,PS,PS,PS,PS,PS,PS,PS,43799,83343,60801,111527
156745,001964,Georgetown College,"Private, nonprofit",1,5208,Finance and Financial Management Services.,3,Bachelor's Degree,3,9,PS,PS,PS,PS,PS,PS,PS,PS,PS,PS,PS,PS,PS,PS,PS,PS,PS,PS,PS,PS,PS,PS,PS,PS,PS,PS,PS,PS,PS,PS,PS,PS,PS,PS,PS,PS,PS,PS,PS,PS,PS,PS,PS,PS,PS,PS,PS,PS,PS,PS,PS,PS,PS,PS,PS,PS,PS,PS,PS,PS,PS,PS,PS,PS,0,PS,PS,PS,PS,PS,PS,PS,PS,PS,PS,PS,PS,PS,PS,PS,PS,PS,PS,PS,PS,PS,PS,PS,PS,PS,PS,PS,PS,PS,PS,PS,PS,PS,PS,PS,PS,PS,PS,PS,PS,PS,PS,PS,PS,PS,0,PS,PS,PS,PS,PS,PS,PS,PS,PS,PS,PS,PS,PS,PS,PS,PS,PS,PS,PS,PS,PS,PS,PS,PS,PS,PS,PS,PS,PS,PS,PS,PS,PS,PS,PS,PS,PS,1,PS,PS,PS,PS,PS,PS,PS,PS,PS,PS,PS,PS,PS,PS,43799,83343,60801,111527
157085,001989,University of Kentucky,Public,1,5208,Finance and Financial Management Services.,3,Bachelor's Degree,297,327,198,PS,22375,198,PS,20750,57,45853,32004,55,46941,32004,145,PS,22667,145,PS,21400,42,42461,PS,40,43787,PS,53,PS,19500,53,PS,19500,15,PS,PS,15,PS,PS,62,PS,25500,62,PS,22833,13,29578,PS,11,33215,PS,136,PS,19500,136,PS,19500,44,PS,PS,44,PS,PS,381,381,237,220,7,167,182,50819,1,130,139,51773,144,<=0.10,<=0.10,0.10 - 0.19,<=0.10,0.10 - 0.19,0.40 - 0.49,0.10 - 0.19,<=0.10,129,<=0.10,<=0.10,0.10 - 0.19,<=0.10,0.10 - 0.19,0.40 - 0.49,0.10 - 0.19,<=0.10,69,57629,116,58720,134,58403,50,57071,142,59109,134,128,63,59720,79,59367,109,59845,33,56819,6,183,58422,164,PS,89,4,217,84087,PS,58,72416,75,69629,100,68247,34,77956,PS,68,179,<=0.10,<=0.10,0.40 - 0.49,<=0.10,0.10 - 0.19,0.20 - 0.29,0.10 - 0.19,<=0.10,129,<=0.10,<=0.10,0.40 - 0.49,<=0.10,<=0.10,0.10 - 0.19,0.20 - 0.29,<=0.10,1,4,136,80396,124,59,83121,77,80255,104,79931,32,81302,PS,69,43799,83343,60801,111527
157289,001999,University of Louisville,Public,1,5208,Finance and Financial Management Services.,3,Bachelor's Degree,69,83,95,20288,22500,92,18630,20884,15,40107,PS,13,40695,PS,73,20590,21910,72,18516,19377,PS,PS,PS,PS,PS,PS,22,19287,24750,20,19038,23417,PS,PS,PS,PS,PS,PS,54,21339,22500,52,19072,17750,PS,PS,PS,PS,PS,PS,41,18904,22334,40,18054,21705,PS,PS,PS,PS,PS,PS,PS,PS,239,221,1,75,79,48340,3,55,58,45500,66,<=0.20,<=0.20,<=0.20,<=0.20,<=0.20,0.20 - 0.39,<=0.20,<=0.20,51,<=0.20,<=0.20,<=0.20,<=0.20,<=0.20,0.40 - 0.59,<=0.20,<=0.20,63,47491,35,58120,79,51873,19,57782,63,47718,56,51,40,45051,24,59950,43,45217,20,54415,6,98,52167,84,PS,78,4,90,75089,PS,36,62888,25,65105,40,62824,21,69101,PS,48,81,<=0.20,<=0.20,0.40 - 0.59,<=0.20,<=0.20,<=0.20,<=0.20,<=0.20,51,<=0.20,<=0.20,0.40 - 0.59,<=0.20,<=0.20,0.20 - 0.39,<=0.20,<=0.20,1,3,69,73986,62,43,67044,26,81214,47,72277,22,78334,16,51,43799,83343,60801,111527
157386,001976,Morehead State University,Public,1,5208,Finance and Financial Management Services.,3,Bachelor's Degree,9,7,14,PS,PS,14,PS,PS,PS,PS,PS,PS,PS,PS,PS,PS,PS,PS,PS,PS,PS,PS,PS,PS,PS,PS,PS,PS,PS,PS,PS,PS,PS,PS,PS,PS,PS,PS,PS,PS,PS,PS,PS,PS,PS,PS,PS,PS,PS,PS,PS,PS,PS,PS,PS,PS,PS,PS,PS,PS,PS,PS,PS,PS,PS,PS,0,PS,PS,PS,0,18,19,34526,16,PS,PS,PS,PS,PS,PS,PS,PS,18,PS,PS,PS,PS,PS,PS,PS,PS,PS,PS,PS,PS,PS,PS,PS,PS,18,40456,18,17,PS,PS,PS,PS,PS,PS,PS,PS,0,18,41360,PS,PS,PS,0,PS,PS,PS,PS,PS,PS,PS,PS,PS,PS,PS,PS,16,13,PS,PS,PS,PS,PS,PS,PS,PS,18,PS,PS,PS,PS,PS,PS,PS,PS,1,2,17,53768,17,PS,PS,PS,PS,PS,PS,PS,PS,PS,PS,43799,83343,60801,111527
157401,001977,Murray State University,Public,1,5208,Finance and Financial Management Services.,3,Bachelor's Degree,41,59,39,PS,21500,39,PS,20500,PS,PS,PS,PS,PS,PS,PS,PS,PS,PS,PS,PS,PS,PS,PS,PS,PS,PS,PS,PS,PS,PS,PS,PS,PS,PS,PS,PS,PS,PS,13,PS,PS,13,PS,PS,PS,PS,PS,PS,PS,PS,26,PS,PS,26,PS,PS,PS,PS,PS,PS,PS,PS,PS,PS,228,217,0,PS,PS,PS,0,22,23,36221,19,PS,PS,PS,PS,PS,PS,PS,PS,24,PS,PS,PS,PS,PS,PS,PS,PS,PS,PS,PS,PS,PS,PS,PS,PS,22,38208,23,22,16,37619,PS,PS,PS,PS,PS,PS,1,38,43320,34,PS,19,1,37,56263,PS,PS,PS,PS,PS,PS,PS,PS,PS,PS,PS,36,PS,PS,0.60 - 0.79,PS,PS,PS,PS,PS,24,PS,PS,0.40 - 0.59,PS,PS,PS,PS,PS,2,0,25,56973,22,PS,PS,PS,PS,PS,PS,PS,PS,PS,PS,43799,83343,60801,111527
157447,009275,Northern Kentucky University,Public,1,5208,Finance and Financial Management Services.,3,Bachelor's Degree,1,0,PS,22951,25287,PS,21321,21237,PS,21736,11703,PS,24121,15912,PS,PS,23604,PS,PS,19137,PS,25620,PS,PS,PS,PS,PS,23945,25661,PS,23234,22875,PS,16687,PS,PS,PS,PS,PS,25064,25661,PS,23220,21500,PS,14729,PS,PS,PS,PS,PS,21240,23604,PS,19792,19500,PS,27127,PS,PS,PS,PS,139,189,268,225,1,72,76,46191,0,44,46,42682,57,<=0.20,<=0.20,0.20 - 0.39,<=0.20,0.20 - 0.39,0.20 - 0.39,<=0.20,<=0.20,57,<=0.20,<=0.20,0.20 - 0.39,<=0.20,<=0.20,0.20 - 0.39,<=0.20,<=0.20,40,46928,43,54608,51,44585,30,54282,44,52614,38,34,28,52141,16,55524,35,55314,PS,PS,0,82,50457,65,PS,44,4,80,68409,PS,27,64613,16,59586,36,63153,PS,PS,PS,17,71,<=0.20,<=0.20,0.40 - 0.59,<=0.20,<=0.20,<=0.20,<=0.20,<=0.20,57,<=0.20,<=0.20,0.60 - 0.79,<=0.20,<=0.20,<=0.20,<=0.20,<=0.20,1,2,49,69586,45,30,67869,19,80008,PS,PS,PS,PS,PS,23,43799,83343,60801,111527
157809,002001,Thomas More University,"Private, nonprofit",1,5208,Finance and Financial Management Services.,3,Bachelor's Degree,,0,,,,,,,,,,,,,,,,,,,,,,,,,,,,,,,,,,,,,,,,,,,,,,,,,,,,,,,,,,,,,,,,,,,,,,,,,,,,,,,,,,,,,,,,,,,,,,,,,,,,,,,,,,,,,,,,,,,,,,PS,PS,,,,,,,,,,,,,,,,,,,,,,,,,,,,,,1,,,,,,,,,,,,,,,PS,PS,PS,PS
157951,002002,Western Kentucky University,Public,1,5208,Finance and Financial Management Services.,3,Bachelor's Degree,78,66,38,19339,19500,36,18656,19500,15,PS,PS,15,PS,PS,24,18751,PS,22,18774,PS,PS,PS,PS,PS,PS,PS,14,PS,PS,14,PS,PS,PS,PS,PS,PS,PS,PS,15,17496,PS,14,17942,PS,PS,PS,PS,PS,PS,PS,23,20540,PS,22,19110,PS,PS,PS,PS,PS,PS,PS,PS,PS,207,207,0,50,55,39676,3,51,59,41193,45,PS,PS,PS,PS,0.20 - 0.39,0.20 - 0.39,PS,PS,60,<=0.20,<=0.20,<=0.20,<=0.20,0.20 - 0.39,0.20 - 0.39,<=0.20,<=0.20,20,46263,21,41971,PS,PS,PS,PS,60,46903,53,50,42,41748,16,59236,39,54461,20,40198,2,43,44355,32,PS,31,3,56,70313,PS,41,50435,16,66054,39,63833,17,44598,PS,34,40,PS,PS,0.40 - 0.59,PS,PS,0.20 - 0.39,PS,PS,60,<=0.20,<=0.20,0.40 - 0.59,<=0.20,<=0.20,0.20 - 0.39,<=0.20,<=0.20,1,2,58,66693,51,43,61328,17,71713,41,71136,18,55279,PS,36,43799,83343,60801,111527
159391,002010,Louisiana State University and Agricultural & Mechanical College,Public,1,5208,Finance and Financial Management Services.,3,Bachelor's Degree,148,133,89,PS,19500,89,PS,18500,29,32908,24000,28,32992,23839,60,PS,17500,60,PS,16600,15,PS,PS,15,PS,PS,29,PS,21500,29,PS,21500,14,30304,PS,13,31361,PS,33,PS,17500,33,PS,17500,10,PS,PS,10,PS,PS,56,PS,21000,56,PS,19500,19,35831,PS,18,36124,PS,285,283,207,196,3,95,108,47725,3,61,66,57318,91,<=0.20,<=0.20,<=0.20,<=0.20,<=0.20,0.40 - 0.59,<=0.20,<=0.20,69,<=0.20,<=0.20,<=0.20,<=0.20,<=0.20,0.40 - 0.59,<=0.20,<=0.20,42,52857,53,53371,60,53798,34,55800,75,64026,64,56,31,51498,44,73596,54,64609,21,61171,6,94,54408,74,PS,55,0,119,95302,PS,32,58730,45,83059,56,74809,21,66056,PS,34,83,<=0.20,<=0.20,0.40 - 0.59,<=0.20,<=0.20,<=0.20,<=0.20,<=0.20,69,<=0.20,<=0.20,0.40 - 0.59,<=0.20,<=0.20,0.20 - 0.39,0.20 - 0.39,<=0.20,1,3,78,87385,73,33,83611,45,93629,58,90470,20,77871,PS,33,43799,83343,60801,111527
159416,002013,Louisiana State University-Shreveport,Public,1,5208,Finance and Financial Management Services.,3,Bachelor's Degree,37,37,13,29402,PS,12,21854,PS,PS,PS,PS,PS,PS,PS,PS,PS,PS,PS,PS,PS,PS,PS,PS,PS,PS,PS,PS,PS,PS,PS,PS,PS,PS,PS,PS,PS,PS,PS,PS,PS,PS,PS,PS,PS,PS,PS,PS,PS,PS,PS,PS,PS,PS,PS,PS,PS,PS,PS,PS,PS,PS,PS,PS,PS,PS,PS,2,PS,PS,PS,PS,PS,PS,PS,PS,PS,PS,PS,PS,PS,PS,PS,PS,PS,PS,PS,PS,PS,PS,PS,PS,PS,PS,PS,PS,PS,PS,PS,PS,PS,PS,PS,PS,PS,PS,PS,PS,PS,PS,PS,PS,PS,1,PS,PS,PS,PS,PS,1,PS,PS,PS,PS,PS,PS,PS,PS,PS,PS,PS,PS,PS,10,PS,PS,PS,PS,PS,PS,PS,PS,PS,PS,PS,PS,PS,PS,PS,PS,PS,3,1,PS,PS,PS,PS,PS,PS,PS,PS,PS,PS,PS,PS,PS,43799,83343,60801,111527
159647,002008,Louisiana Tech University,Public,1,5208,Finance and Financial Management Services.,3,Bachelor's Degree,63,44,34,PS,17500,34,PS,17500,12,26289,PS,10,29385,PS,PS,PS,PS,PS,PS,PS,PS,PS,PS,PS,PS,PS,PS,PS,PS,PS,PS,PS,PS,PS,PS,PS,PS,PS,13,PS,PS,13,PS,PS,PS,PS,PS,PS,PS,PS,21,PS,PS,21,PS,PS,PS,PS,PS,PS,PS,PS,PS,PS,186,186,1,33,38,35660,0,18,19,39009,33,PS,PS,PS,PS,PS,0.40 - 0.59,PS,PS,25,PS,PS,PS,PS,PS,PS,PS,PS,PS,PS,PS,PS,PS,PS,PS,PS,21,50089,18,18,PS,PS,PS,PS,PS,PS,PS,PS,1,29,42018,20,PS,17,0,40,67216,PS,PS,PS,PS,PS,PS,PS,PS,PS,PS,PS,33,PS,PS,0.60 - 0.79,PS,PS,PS,PS,PS,25,PS,PS,PS,PS,PS,PS,PS,PS,1,0,19,77825,18,PS,PS,PS,PS,PS,PS,PS,PS,PS,PS,43799,83343,60801,111527
159656,002016,Loyola University New Orleans,"Private, nonprofit",1,5208,Finance and Financial Management Services.,3,Bachelor's Degree,29,33,13,PS,PS,13,PS,PS,PS,PS,PS,PS,PS,PS,PS,PS,PS,PS,PS,PS,PS,PS,PS,PS,PS,PS,PS,PS,PS,PS,PS,PS,PS,PS,PS,PS,PS,PS,PS,PS,PS,PS,PS,PS,PS,PS,PS,PS,PS,PS,PS,PS,PS,PS,PS,PS,PS,PS,PS,PS,PS,PS,PS,PS,PS,PS,2,16,18,40937,1,13,14,40485,22,PS,PS,PS,PS,PS,0.40 - 0.59,PS,PS,17,PS,PS,PS,PS,PS,PS,PS,PS,PS,PS,PS,PS,PS,PS,PS,PS,PS,PS,PS,PS,PS,PS,PS,PS,PS,PS,PS,PS,2,PS,PS,PS,PS,PS,0,PS,PS,PS,PS,PS,PS,PS,PS,PS,PS,PS,PS,PS,13,PS,PS,PS,PS,PS,PS,PS,PS,17,PS,PS,PS,PS,PS,PS,PS,PS,1,1,PS,PS,PS,PS,PS,PS,PS,PS,PS,PS,PS,PS,PS,43799,83343,60801,111527
159717,002017,McNeese State University,Public,1,5208,Finance and Financial Management Services.,3,Bachelor's Degree,18,16,21,24854,27860,20,24930,27680,PS,PS,PS,PS,PS,PS,PS,PS,PS,PS,PS,PS,PS,PS,PS,PS,PS,PS,PS,PS,PS,PS,PS,PS,PS,PS,PS,PS,PS,PS,PS,PS,PS,PS,PS,PS,PS,PS,PS,PS,PS,PS,PS,PS,PS,PS,PS,PS,PS,PS,PS,PS,PS,PS,PS,PS,295,293,1,18,22,36133,1,18,20,41565,18,PS,PS,PS,PS,PS,PS,PS,PS,18,PS,PS,PS,PS,PS,PS,PS,PS,PS,PS,PS,PS,PS,PS,PS,PS,20,40786,19,17,PS,PS,PS,PS,PS,PS,PS,PS,1,27,49216,20,PS,21,0,23,62705,PS,PS,PS,PS,PS,PS,PS,PS,PS,PS,17,21,PS,PS,PS,PS,PS,PS,PS,PS,18,PS,PS,PS,PS,PS,PS,PS,PS,1,0,19,45936,PS,PS,PS,PS,PS,PS,PS,PS,PS,PS,16,43799,83343,60801,111527
159939,002015,University of New Orleans,Public,1,5208,Finance and Financial Management Services.,3,Bachelor's Degree,29,29,29,27148,27469,27,19428,18243,PS,PS,PS,PS,PS,PS,PS,PS,PS,PS,PS,PS,PS,PS,PS,PS,PS,PS,PS,PS,PS,PS,PS,PS,PS,PS,PS,PS,PS,PS,PS,PS,PS,PS,PS,PS,PS,PS,PS,PS,PS,PS,PS,PS,PS,PS,PS,PS,PS,PS,PS,PS,PS,PS,PS,PS,291,193,4,35,42,35194,3,19,21,35060,27,PS,PS,PS,PS,PS,0.40 - 0.59,PS,PS,30,PS,PS,PS,PS,PS,0.40 - 0.59,PS,PS,PS,PS,PS,PS,PS,PS,PS,PS,28,35801,26,19,PS,PS,PS,PS,PS,PS,PS,PS,3,35,34989,19,PS,28,3,39,54153,PS,17,38841,PS,PS,PS,PS,PS,PS,PS,20,31,PS,PS,0.40 - 0.59,PS,PS,PS,PS,PS,30,PS,PS,0.60 - 0.79,PS,PS,PS,PS,PS,1,4,26,52811,23,PS,PS,PS,PS,PS,PS,PS,PS,PS,20,43799,83343,60801,111527
159966,002005,Nicholls State University,Public,1,5208,Finance and Financial Management Services.,3,Bachelor's Degree,29,23,PS,PS,PS,PS,PS,PS,PS,PS,PS,PS,PS,PS,PS,PS,PS,PS,PS,PS,PS,PS,PS,PS,PS,PS,PS,PS,PS,PS,PS,PS,PS,PS,PS,PS,PS,PS,PS,PS,PS,PS,PS,PS,PS,PS,PS,PS,PS,PS,PS,PS,PS,PS,PS,PS,PS,PS,PS,PS,PS,PS,PS,PS,PS,PS,0,PS,PS,PS,PS,PS,PS,PS,PS,PS,PS,PS,PS,PS,PS,PS,PS,PS,PS,PS,PS,PS,PS,PS,PS,PS,PS,PS,PS,PS,PS,PS,PS,PS,PS,PS,PS,PS,PS,PS,PS,PS,PS,PS,PS,PS,0,PS,PS,PS,PS,PS,0,PS,PS,PS,PS,PS,PS,PS,PS,PS,PS,PS,PS,PS,PS,PS,PS,PS,PS,PS,PS,PS,PS,PS,PS,PS,PS,PS,PS,PS,PS,PS,1,0,PS,PS,PS,PS,PS,PS,PS,PS,PS,PS,PS,PS,PS,43799,83343,60801,111527
159993,002020,University of Louisiana at Monroe,Public,1,5208,Finance and Financial Management Services.,3,Bachelor's Degree,13,10,PS,PS,PS,PS,PS,PS,PS,PS,PS,PS,PS,PS,PS,PS,PS,PS,PS,PS,PS,PS,PS,PS,PS,PS,PS,PS,PS,PS,PS,PS,PS,PS,PS,PS,PS,PS,PS,PS,PS,PS,PS,PS,PS,PS,PS,PS,PS,PS,PS,PS,PS,PS,PS,PS,PS,PS,PS,PS,PS,PS,PS,PS,PS,PS,0,PS,PS,PS,0,8,13,32925,PS,PS,PS,PS,PS,PS,PS,PS,PS,PS,PS,PS,PS,PS,PS,PS,PS,PS,PS,PS,PS,PS,PS,PS,PS,PS,PS,PS,PS,PS,PS,PS,PS,PS,PS,PS,PS,PS,0,PS,PS,PS,PS,PS,1,PS,PS,PS,PS,PS,PS,PS,PS,PS,PS,PS,PS,PS,12,PS,PS,PS,PS,PS,PS,PS,PS,PS,PS,PS,PS,PS,PS,PS,PS,PS,1,2,PS,PS,PS,PS,PS,PS,PS,PS,PS,PS,PS,PS,PS,43799,83343,60801,111527
160612,002024,Southeastern Louisiana University,Public,1,5208,Finance and Financial Management Services.,3,Bachelor's Degree,25,27,29,17486,15438,27,15751,15438,PS,PS,PS,PS,PS,PS,18,20716,PS,16,19123,PS,PS,PS,PS,PS,PS,PS,11,PS,PS,11,PS,PS,PS,PS,PS,PS,PS,PS,15,16160,PS,14,14197,PS,PS,PS,PS,PS,PS,PS,14,18906,PS,13,17424,PS,PS,PS,PS,PS,PS,PS,PS,PS,164,164,2,32,38,40871,1,19,20,39585,25,PS,PS,PS,PS,PS,PS,PS,PS,19,PS,PS,PS,PS,PS,PS,PS,PS,PS,PS,PS,PS,PS,PS,PS,PS,PS,PS,PS,PS,PS,PS,PS,PS,PS,PS,PS,PS,1,22,40704,16,PS,22,1,31,62917,PS,16,62554,PS,PS,18,68477,PS,PS,PS,17,21,PS,PS,PS,PS,PS,PS,PS,PS,19,PS,PS,PS,PS,PS,PS,PS,PS,1,3,24,72607,20,PS,PS,PS,PS,PS,PS,PS,PS,PS,16,43799,83343,60801,111527
160621,002025,Southern University and A & M College,Public,1,5208,Finance and Financial Management Services.,3,Bachelor's Degree,16,14,16,PS,PS,16,PS,PS,PS,PS,PS,PS,PS,PS,PS,PS,PS,PS,PS,PS,PS,PS,PS,PS,PS,PS,PS,PS,PS,PS,PS,PS,PS,PS,PS,PS,PS,PS,PS,PS,PS,PS,PS,PS,PS,PS,PS,PS,PS,PS,PS,PS,PS,PS,PS,PS,PS,PS,PS,PS,PS,PS,PS,PS,PS,PS,0,PS,PS,PS,PS,PS,PS,PS,10,PS,PS,PS,PS,PS,PS,PS,PS,PS,PS,PS,PS,PS,PS,PS,PS,PS,PS,PS,PS,PS,PS,PS,PS,PS,PS,PS,PS,PS,PS,PS,PS,PS,PS,PS,PS,PS,2,PS,PS,PS,PS,PS,0,PS,PS,PS,PS,PS,PS,PS,PS,PS,PS,PS,PS,PS,21,PS,PS,PS,PS,PS,PS,PS,PS,PS,PS,PS,PS,PS,PS,PS,PS,PS,1,0,PS,PS,PS,PS,PS,PS,PS,PS,PS,PS,PS,PS,PS,43799,83343,60801,111527
160658,002031,University of Louisiana at Lafayette,Public,1,5208,Finance and Financial Management Services.,3,Bachelor's Degree,66,70,83,PS,26400,83,PS,25126,15,PS,PS,15,PS,PS,37,PS,25794,37,PS,24250,PS,PS,PS,PS,PS,PS,46,PS,27000,46,PS,25563,PS,PS,PS,PS,PS,PS,57,PS,26950,57,PS,25794,PS,PS,PS,PS,PS,PS,26,PS,25125,26,PS,22500,PS,PS,PS,PS,PS,PS,PS,PS,280,266,5,58,66,34697,5,58,66,36103,73,<=0.20,<=0.20,0.20 - 0.39,<=0.20,0.20 - 0.39,0.20 - 0.39,<=0.20,<=0.20,70,<=0.20,<=0.20,0.20 - 0.39,<=0.20,<=0.20,0.20 - 0.39,<=0.20,<=0.20,54,39197,21,44214,37,43396,38,38985,68,40178,61,56,49,40041,19,38410,31,43341,36,38845,5,75,40495,55,PS,63,3,69,59315,PS,51,46366,PS,PS,31,49235,35,43037,PS,48,82,<=0.20,<=0.20,0.60 - 0.79,<=0.20,<=0.20,<=0.20,<=0.20,<=0.20,70,<=0.20,<=0.20,0.40 - 0.59,<=0.20,<=0.20,<=0.20,<=0.20,<=0.20,1,2,66,50908,56,PS,PS,PS,PS,30,60153,37,46325,PS,43,43799,83343,60801,111527
160755,002029,Tulane University of Louisiana,"Private, nonprofit",1,5208,Finance and Financial Management Services.,3,Bachelor's Degree,249,288,123,20341,21500,122,19845,21250,33,PS,38730,33,PS,38730,79,PS,21000,79,PS,21000,18,PS,PS,18,PS,PS,44,19669,22270,43,19103,21500,15,PS,PS,15,PS,PS,40,PS,23000,40,PS,21250,11,PS,PS,11,PS,PS,83,20286,21000,82,20174,21250,22,PS,PS,22,PS,PS,461,461,228,225,7,93,99,64364,2,67,70,64281,103,<=0.10,<=0.10,<=0.10,<=0.10,0.10 - 0.19,0.40 - 0.49,0.20 - 0.29,<=0.10,72,<=0.20,<=0.20,<=0.20,<=0.20,<=0.20,0.40 - 0.59,0.20 - 0.39,<=0.20,38,74359,92,80107,80,70010,50,89935,90,76254,63,59,20,64513,70,82909,62,73388,27,86015,4,129,77806,117,17,16,3,100,129850,PS,20,63134,71,94132,64,84241,26,95066,26,PS,86,<=0.20,<=0.20,0.40 - 0.59,<=0.20,<=0.20,0.20 - 0.39,0.20 - 0.39,<=0.20,72,<=0.20,<=0.20,0.40 - 0.59,<=0.20,<=0.20,<=0.20,0.20 - 0.39,<=0.20,1,4,87,109495,78,18,63797,69,119722,60,106898,27,120339,24,PS,43799,83343,60801,111527
161217,006760,University of Maine at Augusta,Public,1,5208,Finance and Financial Management Services.,3,Bachelor's Degree,,,PS,PS,PS,PS,PS,PS,PS,PS,PS,PS,PS,PS,PS,PS,PS,PS,PS,PS,PS,PS,PS,PS,PS,PS,PS,PS,PS,PS,PS,PS,PS,PS,PS,PS,PS,PS,PS,PS,PS,PS,PS,PS,PS,PS,PS,PS,PS,PS,PS,PS,PS,PS,PS,PS,PS,PS,PS,PS,PS,PS,PS,PS,PS,PS,0,PS,PS,PS,PS,PS,PS,PS,PS,PS,PS,PS,PS,PS,PS,PS,PS,PS,PS,PS,PS,PS,PS,PS,PS,PS,PS,PS,PS,PS,PS,PS,PS,PS,PS,PS,PS,PS,PS,PS,PS,PS,PS,PS,PS,PS,PS,PS,PS,PS,PS,PS,0,PS,PS,PS,PS,PS,PS,PS,PS,PS,PS,PS,PS,PS,PS,PS,PS,PS,PS,PS,PS,PS,PS,PS,PS,PS,PS,PS,PS,PS,PS,PS,0,0,PS,PS,PS,PS,PS,PS,PS,PS,PS,PS,PS,PS,PS,43799,83343,60801,111527
161253,002053,University of Maine,Public,1,5208,Finance and Financial Management Services.,3,Bachelor's Degree,77,91,73,22336,24520,72,21582,23425,16,34548,PS,14,36324,PS,54,20838,23363,53,20177,21789,PS,PS,PS,PS,PS,PS,19,PS,25469,19,PS,25469,PS,PS,PS,PS,PS,PS,30,PS,24760,30,PS,24060,PS,PS,PS,PS,PS,PS,43,20498,24000,42,20276,22519,PS,PS,PS,PS,PS,PS,PS,PS,260,248,2,76,79,40267,4,39,43,42309,89,<=0.20,<=0.20,<=0.20,<=0.20,<=0.20,0.40 - 0.59,<=0.20,<=0.20,55,<=0.20,<=0.20,<=0.20,<=0.20,<=0.20,0.40 - 0.59,<=0.20,<=0.20,31,52557,43,51481,56,51289,18,53367,47,51092,44,42,27,48862,21,50802,36,52391,PS,PS,3,74,52876,63,PS,40,1,102,75004,PS,25,49489,22,62022,35,60759,PS,PS,PS,29,73,<=0.20,<=0.20,0.40 - 0.59,<=0.20,<=0.20,0.20 - 0.39,<=0.20,<=0.20,55,<=0.20,<=0.20,0.40 - 0.59,<=0.20,<=0.20,<=0.20,0.20 - 0.39,<=0.20,1,1,42,66565,38,22,61499,20,71563,PS,PS,PS,PS,PS,22,43799,83343,60801,111527
161518,002051,Saint Joseph's College of Maine,"Private, nonprofit",1,5208,Finance and Financial Management Services.,3,Bachelor's Degree,6,2,PS,PS,PS,PS,PS,PS,PS,PS,PS,PS,PS,PS,PS,PS,PS,PS,PS,PS,PS,PS,PS,PS,PS,PS,PS,PS,PS,PS,PS,PS,PS,PS,PS,PS,PS,PS,PS,PS,PS,PS,PS,PS,PS,PS,PS,PS,PS,PS,PS,PS,PS,PS,PS,PS,PS,PS,PS,PS,PS,PS,PS,PS,PS,PS,0,PS,PS,PS,PS,PS,PS,PS,13,PS,PS,PS,PS,PS,PS,PS,PS,PS,PS,PS,PS,PS,PS,PS,PS,PS,PS,PS,PS,PS,PS,PS,PS,PS,PS,PS,PS,PS,PS,PS,PS,PS,PS,PS,PS,PS,0,PS,PS,PS,PS,PS,0,PS,PS,PS,PS,PS,PS,PS,PS,PS,PS,PS,PS,PS,11,PS,PS,PS,PS,PS,PS,PS,PS,PS,PS,PS,PS,PS,PS,PS,PS,PS,1,0,PS,PS,PS,PS,PS,PS,PS,PS,PS,PS,PS,PS,PS,43799,83343,60801,111527
161554,002054,University of Southern Maine,Public,1,5208,Finance and Financial Management Services.,3,Bachelor's Degree,16,16,31,22413,20500,27,18547,16000,PS,PS,PS,PS,PS,PS,PS,PS,PS,PS,PS,PS,PS,PS,PS,PS,PS,PS,PS,PS,PS,PS,PS,PS,PS,PS,PS,PS,PS,PS,20,23602,PS,PS,PS,PS,PS,PS,PS,PS,PS,PS,11,20252,PS,PS,PS,PS,PS,PS,PS,PS,PS,PS,PS,PS,217,170,0,29,31,46378,0,15,17,54869,19,PS,PS,PS,PS,PS,PS,PS,PS,16,PS,PS,PS,PS,PS,PS,PS,PS,PS,PS,PS,PS,PS,PS,PS,PS,PS,PS,PS,PS,PS,PS,PS,PS,PS,PS,PS,PS,1,30,47393,23,PS,22,0,28,73068,PS,PS,PS,PS,PS,PS,PS,PS,PS,PS,PS,23,PS,PS,0.40 - 0.59,PS,PS,PS,PS,PS,16,PS,PS,PS,PS,PS,PS,PS,PS,1,1,PS,PS,PS,PS,PS,PS,PS,PS,PS,PS,PS,PS,PS,43799,83343,60801,111527
161563,002052,Thomas College,"Private, nonprofit",1,5208,Finance and Financial Management Services.,3,Bachelor's Degree,4,5,PS,PS,PS,PS,PS,PS,PS,PS,PS,PS,PS,PS,PS,PS,PS,PS,PS,PS,PS,PS,PS,PS,PS,PS,PS,PS,PS,PS,PS,PS,PS,PS,PS,PS,PS,PS,PS,PS,PS,PS,PS,PS,PS,PS,PS,PS,PS,PS,PS,PS,PS,PS,PS,PS,PS,PS,PS,PS,PS,PS,PS,PS,PS,PS,0,PS,PS,PS,PS,PS,PS,PS,PS,PS,PS,PS,PS,PS,PS,PS,PS,10,PS,PS,PS,PS,PS,PS,PS,PS,PS,PS,PS,PS,PS,PS,PS,PS,PS,PS,PS,PS,PS,PS,PS,PS,PS,PS,PS,PS,0,PS,PS,PS,PS,PS,0,PS,PS,PS,PS,PS,PS,PS,PS,PS,PS,PS,PS,PS,PS,PS,PS,PS,PS,PS,PS,PS,PS,10,PS,PS,PS,PS,PS,PS,PS,PS,1,0,PS,PS,PS,PS,PS,PS,PS,PS,PS,PS,PS,PS,PS,43799,83343,60801,111527
162760,002076,Hood College,"Private, nonprofit",1,5208,Finance and Financial Management Services.,3,Bachelor's Degree,0,1,,,,,,,,,,,,,,,,,,,,,,,,,,,,,,,,,,,,,,,,,,,,,,,,,,,,,,,,,,,,,,,,,,,,,,,,,,,,,,,,,,,,,,,,,,,,,,,,,,,,,,,,,,,,,,,,,,,,,,PS,PS,,,,,,,,,,,,,,,,,,,,,,,,,,,,,,1,,,,,,,,,,,,,,,PS,PS,PS,PS
163046,002078,Loyola University Maryland,"Private, nonprofit",1,5208,Finance and Financial Management Services.,3,Bachelor's Degree,1,8,,,,,,,,,,,,,,,,,,,,,,,,,,,,,,,,,,,,,,,,,,,,,,,,,,,,,,,,,,,,,,,,,,,,,,,,,,,,,,,,,,,,,,,,,,,,,,,,,,,,,,,,,,,,,,,,,,,,,,PS,PS,,,,,,,,,,,,,,,,,,,,,,,,,,,,,,1,,,,,,,,,,,,,,,PS,PS,PS,PS
163204,011644,University of Maryland Global Campus,Public,1,5208,Finance and Financial Management Services.,3,Bachelor's Degree,161,165,120,25177,20150,90,20471,18308,19,19693,12000,PS,PS,PS,63,24377,20000,45,18368,14062,PS,PS,PS,PS,PS,PS,57,26061,21125,45,22574,20725,PS,PS,PS,PS,PS,PS,87,24894,20000,68,19827,18000,PS,PS,PS,PS,PS,PS,33,25922,21125,22,22464,18683,PS,PS,PS,PS,PS,PS,143,PS,214,194,6,96,103,57557,5,63,70,54192,70,<=0.20,<=0.20,0.20 - 0.39,<=0.20,0.20 - 0.39,0.20 - 0.39,<=0.20,<=0.20,60,<=0.20,<=0.20,0.20 - 0.39,<=0.20,0.20 - 0.39,0.20 - 0.39,<=0.20,<=0.20,80,57215,26,68836,56,61955,50,60407,78,57981,68,64,65,58053,PS,PS,43,59050,34,54663,11,106,61003,87,PS,59,11,117,78512,PS,56,66153,PS,PS,37,70134,31,64663,PS,44,80,<=0.20,<=0.20,0.40 - 0.59,<=0.20,<=0.20,<=0.20,<=0.20,<=0.20,60,<=0.20,<=0.20,0.60 - 0.79,<=0.20,<=0.20,<=0.20,<=0.20,<=0.20,3,8,72,81378,66,PS,PS,PS,PS,41,85146,31,73141,PS,38,43799,83343,60801,111527
163286,002103,University of Maryland-College Park,Public,1,5208,Finance and Financial Management Services.,3,Bachelor's Degree,376,415,199,18376,19500,196,18014,19500,40,68342,59565,39,67458,53466,150,18016,19500,147,17583,18500,29,70643,PS,28,69494,PS,49,PS,22500,49,PS,21500,11,PS,PS,11,PS,PS,61,19660,21500,59,19492,19500,16,71877,PS,15,73529,PS,138,17808,19500,137,17378,19000,24,PS,PS,24,PS,PS,708,636,207,207,6,215,225,66615,9,195,197,68079,202,<=0.05,<=0.05,0.05 - 0.09,<=0.05,0.05 - 0.09,0.50 - 0.54,0.25 - 0.29,<=0.05,181,<=0.10,<=0.10,<=0.10,<=0.10,<=0.10,0.40 - 0.49,0.30 - 0.39,<=0.10,73,73253,135,76131,156,75696,51,76054,196,81443,182,179,98,82528,98,81404,142,81196,53,81682,5,208,75689,196,PS,108,8,208,110648,PS,96,95114,94,95679,134,95184,56,95500,PS,74,177,<=0.10,<=0.10,0.40 - 0.49,<=0.10,<=0.10,0.20 - 0.29,0.10 - 0.19,<=0.10,181,<=0.10,<=0.10,0.30 - 0.39,<=0.10,<=0.10,0.10 - 0.19,0.40 - 0.49,<=0.10,1,8,183,116598,177,92,115779,90,116862,127,117670,54,113881,PS,68,43799,83343,60801,111527
163338,002106,University of Maryland Eastern Shore,Public,1,5208,Finance and Financial Management Services.,3,Bachelor's Degree,1,3,PS,PS,PS,PS,PS,PS,PS,PS,PS,PS,PS,PS,PS,PS,PS,PS,PS,PS,PS,PS,PS,PS,PS,PS,PS,PS,PS,PS,PS,PS,PS,PS,PS,PS,PS,PS,PS,PS,PS,PS,PS,PS,PS,PS,PS,PS,PS,PS,PS,PS,PS,PS,PS,PS,PS,PS,PS,PS,PS,PS,PS,PS,PS,PS,0,PS,PS,PS,PS,PS,PS,PS,PS,PS,PS,PS,PS,PS,PS,PS,PS,PS,PS,PS,PS,PS,PS,PS,PS,PS,PS,PS,PS,PS,PS,PS,PS,PS,PS,PS,PS,PS,PS,PS,PS,PS,PS,PS,PS,PS,2,PS,PS,PS,PS,PS,0,PS,PS,PS,PS,PS,PS,PS,PS,PS,PS,PS,PS,PS,PS,PS,PS,PS,PS,PS,PS,PS,PS,PS,PS,PS,PS,PS,PS,PS,PS,PS,1,0,PS,PS,PS,PS,PS,PS,PS,PS,PS,PS,PS,PS,PS,43799,83343,60801,111527
163453,002083,Morgan State University,Public,1,5208,Finance and Financial Management Services.,3,Bachelor's Degree,21,12,24,PS,30000,24,PS,25875,PS,PS,PS,PS,PS,PS,11,PS,PS,11,PS,PS,PS,PS,PS,PS,PS,PS,13,PS,PS,13,PS,PS,PS,PS,PS,PS,PS,PS,PS,PS,PS,PS,PS,PS,PS,PS,PS,PS,PS,PS,PS,PS,PS,PS,PS,PS,PS,PS,PS,PS,PS,PS,PS,PS,318,274,1,18,22,41560,1,24,27,46087,30,PS,PS,PS,PS,PS,PS,PS,PS,30,PS,PS,PS,PS,0.40 - 0.59,PS,PS,PS,PS,PS,PS,PS,PS,PS,PS,PS,28,46590,24,21,24,51310,PS,PS,18,43959,PS,PS,0,PS,PS,PS,PS,PS,1,PS,PS,PS,26,58895,PS,PS,20,54624,PS,PS,PS,23,21,PS,PS,PS,PS,PS,PS,PS,PS,30,PS,PS,PS,PS,PS,PS,PS,PS,1,2,27,67828,22,PS,PS,PS,PS,PS,PS,PS,PS,PS,21,43799,83343,60801,111527
163851,002091,Salisbury University,Public,1,5208,Finance and Financial Management Services.,3,Bachelor's Degree,57,44,66,20580,22125,65,20404,22000,22,PS,40672,22,PS,40672,54,PS,PS,54,PS,PS,PS,PS,PS,PS,PS,PS,12,20429,PS,11,21786,PS,PS,PS,PS,PS,PS,PS,16,24285,PS,15,25304,PS,PS,PS,PS,PS,PS,PS,50,PS,PS,50,PS,PS,PS,PS,PS,PS,PS,PS,484,484,235,233,0,68,70,50666,0,52,53,58221,63,<=0.20,<=0.20,<=0.20,<=0.20,<=0.20,0.40 - 0.59,0.20 - 0.39,<=0.20,57,<=0.20,<=0.20,0.20 - 0.39,<=0.20,<=0.20,0.40 - 0.59,0.20 - 0.39,<=0.20,21,56564,50,57100,PS,PS,PS,PS,55,63215,50,49,PS,PS,39,64742,44,65945,PS,PS,2,71,54776,58,PS,50,2,58,80478,PS,PS,PS,38,79766,43,81672,PS,PS,PS,36,59,<=0.20,<=0.20,0.60 - 0.79,<=0.20,<=0.20,<=0.20,<=0.20,<=0.20,57,<=0.20,<=0.20,0.40 - 0.59,<=0.20,<=0.20,<=0.20,0.20 - 0.39,<=0.20,1,4,54,82449,54,PS,PS,PS,PS,PS,PS,PS,PS,PS,37,43799,83343,60801,111527
164562,002118,Assumption University,"Private, nonprofit",1,5208,Finance and Financial Management Services.,3,Bachelor's Degree,4,15,PS,PS,PS,PS,PS,PS,PS,PS,PS,PS,PS,PS,PS,PS,PS,PS,PS,PS,PS,PS,PS,PS,PS,PS,PS,PS,PS,PS,PS,PS,PS,PS,PS,PS,PS,PS,PS,PS,PS,PS,PS,PS,PS,PS,PS,PS,PS,PS,PS,PS,PS,PS,PS,PS,PS,PS,PS,PS,PS,PS,PS,PS,PS,PS,PS,PS,PS,PS,PS,PS,PS,PS,PS,PS,PS,PS,PS,PS,PS,PS,PS,PS,PS,PS,PS,PS,PS,PS,PS,PS,PS,PS,PS,PS,PS,PS,PS,PS,PS,PS,PS,PS,PS,PS,PS,PS,PS,PS,PS,PS,PS,PS,PS,PS,PS,PS,0,PS,PS,PS,PS,PS,PS,PS,PS,PS,PS,PS,PS,PS,PS,PS,PS,PS,PS,PS,PS,PS,PS,PS,PS,PS,PS,PS,PS,PS,PS,PS,1,0,PS,PS,PS,PS,PS,PS,PS,PS,PS,PS,PS,PS,PS,PS,PS,PS,PS
164739,002124,Bentley University,"Private, nonprofit",1,5208,Finance and Financial Management Services.,3,Bachelor's Degree,244,256,278,22258,26000,276,21782,25000,35,PS,67436,35,PS,67436,204,22318,26000,202,21842,25625,PS,PS,PS,PS,PS,PS,74,PS,25000,74,PS,22750,PS,PS,PS,PS,PS,PS,78,24064,26000,77,23134,25045,13,PS,PS,13,PS,PS,200,21554,25000,199,21259,25000,22,PS,PS,22,PS,PS,802,802,276,265,3,226,233,63442,9,176,183,64253,207,<=0.05,<=0.05,<=0.05,<=0.05,0.05 - 0.09,0.55 - 0.59,0.20 - 0.24,<=0.05,185,<=0.10,<=0.10,<=0.10,<=0.10,<=0.10,0.50 - 0.59,0.20 - 0.29,<=0.10,65,68796,207,72548,198,70506,74,74007,188,79263,177,169,56,75606,128,79734,143,77064,44,83084,8,272,72309,251,PS,170,11,255,113795,PS,54,83984,127,93970,136,90815,45,96218,PS,102,214,<=0.05,<=0.05,0.45 - 0.49,<=0.05,0.05 - 0.09,0.30 - 0.34,0.10 - 0.14,<=0.05,185,<=0.10,<=0.10,0.30 - 0.39,<=0.10,<=0.10,0.20 - 0.29,0.30 - 0.39,<=0.10,1,6,182,110594,173,60,103069,123,112631,138,109499,44,112536,PS,98,43799,83343,60801,111527
164924,002128,Boston College,"Private, nonprofit",1,5208,Finance and Financial Management Services.,3,Bachelor's Degree,325,384,241,PS,18000,241,PS,18000,44,88686,77795,43,86655,77257,182,PS,18000,182,PS,18000,PS,PS,PS,PS,PS,PS,59,PS,18582,59,PS,18000,PS,PS,PS,PS,PS,PS,66,PS,18000,66,PS,18000,PS,PS,PS,PS,PS,PS,175,PS,18000,175,PS,17747,PS,PS,PS,PS,PS,PS,925,919,191,191,6,262,267,74320,3,201,207,75518,241,<=0.05,<=0.05,<=0.05,<=0.05,<=0.05,0.50 - 0.54,0.35 - 0.39,<=0.05,198,<=0.10,<=0.10,<=0.10,<=0.10,<=0.10,0.40 - 0.49,0.40 - 0.49,<=0.10,66,78583,196,84666,198,81669,65,86969,208,94626,200,199,60,95712,147,92933,164,99422,44,81119,3,262,82495,243,PS,118,9,250,147746,PS,55,108770,147,110389,162,115485,40,98657,PS,63,225,<=0.05,<=0.05,0.35 - 0.39,<=0.05,<=0.05,0.30 - 0.34,0.20 - 0.24,<=0.05,198,<=0.10,<=0.10,0.20 - 0.29,<=0.10,<=0.10,0.10 - 0.19,0.50 - 0.59,<=0.10,1,9,197,135373,189,55,128632,142,136258,157,137639,40,125566,PS,60,43799,83343,60801,111527
165167,021829,Cambridge College,"Private, nonprofit",1,5208,Finance and Financial Management Services.,3,Bachelor's Degree,4,3,PS,PS,PS,PS,PS,PS,PS,PS,PS,PS,PS,PS,PS,PS,PS,PS,PS,PS,PS,PS,PS,PS,PS,PS,PS,PS,PS,PS,PS,PS,PS,PS,PS,PS,PS,PS,PS,PS,PS,PS,PS,PS,PS,PS,PS,PS,PS,PS,PS,PS,PS,PS,PS,PS,PS,PS,PS,PS,PS,PS,PS,PS,PS,PS,,,,,,,,,,,,,,,,,,,,,,,,,,,PS,PS,PS,PS,PS,PS,PS,PS,,,,,,,,,,,,,PS,PS,PS,PS,PS,PS,PS,PS,PS,PS,PS,PS,PS,PS,PS,PS,PS,PS,PS,PS,PS,PS,PS,PS,PS,PS,PS,PS,PS,PS,PS,PS,PS,PS,PS,PS,PS,PS,3,PS,PS,PS,PS,PS,PS,PS,PS,PS,PS,PS,PS,PS,PS,PS,PS,PS,PS
165644,002145,Eastern Nazarene College,"Private, nonprofit",1,5208,Finance and Financial Management Services.,3,Bachelor's Degree,2,3,PS,PS,PS,PS,PS,PS,PS,PS,PS,PS,PS,PS,PS,PS,PS,PS,PS,PS,PS,PS,PS,PS,PS,PS,PS,PS,PS,PS,PS,PS,PS,PS,PS,PS,PS,PS,PS,PS,PS,PS,PS,PS,PS,PS,PS,PS,PS,PS,PS,PS,PS,PS,PS,PS,PS,PS,PS,PS,PS,PS,PS,PS,PS,PS,0,PS,PS,PS,PS,PS,PS,PS,PS,PS,PS,PS,PS,PS,PS,PS,PS,PS,PS,PS,PS,PS,PS,PS,PS,PS,PS,PS,PS,PS,PS,PS,PS,PS,PS,PS,PS,PS,PS,PS,PS,PS,PS,PS,PS,PS,0,PS,PS,PS,PS,PS,0,PS,PS,PS,PS,PS,PS,PS,PS,PS,PS,PS,PS,PS,PS,PS,PS,PS,PS,PS,PS,PS,PS,PS,PS,PS,PS,PS,PS,PS,PS,PS,1,0,PS,PS,PS,PS,PS,PS,PS,PS,PS,PS,PS,PS,PS,43799,83343,60801,111527
165671,002147,Emmanuel College,"Private, nonprofit",1,5208,Finance and Financial Management Services.,3,Bachelor's Degree,10,7,PS,PS,PS,PS,PS,PS,PS,PS,PS,PS,PS,PS,PS,PS,PS,PS,PS,PS,PS,PS,PS,PS,PS,PS,PS,PS,PS,PS,PS,PS,PS,PS,PS,PS,PS,PS,PS,PS,PS,PS,PS,PS,PS,PS,PS,PS,PS,PS,PS,PS,PS,PS,PS,PS,PS,PS,PS,PS,PS,PS,PS,PS,PS,PS,0,PS,PS,PS,PS,PS,PS,PS,PS,PS,PS,PS,PS,PS,PS,PS,PS,PS,PS,PS,PS,PS,PS,PS,PS,PS,PS,PS,PS,PS,PS,PS,PS,PS,PS,PS,PS,PS,PS,PS,PS,PS,PS,PS,PS,PS,0,PS,PS,PS,PS,PS,PS,PS,PS,PS,PS,PS,PS,PS,PS,PS,PS,PS,PS,PS,PS,PS,PS,PS,PS,PS,PS,PS,PS,PS,PS,PS,PS,PS,PS,PS,PS,PS,1,PS,PS,PS,PS,PS,PS,PS,PS,PS,PS,PS,PS,PS,PS,43799,83343,60801,111527
165699,002148,Endicott College,"Private, nonprofit",1,5208,Finance and Financial Management Services.,3,Bachelor's Degree,21,35,37,PS,27000,37,PS,27000,10,61077,PS,PS,PS,PS,PS,PS,PS,PS,PS,PS,PS,PS,PS,PS,PS,PS,PS,PS,PS,PS,PS,PS,PS,PS,PS,PS,PS,PS,12,PS,PS,12,PS,PS,PS,PS,PS,PS,PS,PS,25,PS,PS,25,PS,PS,PS,PS,PS,PS,PS,PS,PS,PS,286,286,0,23,26,51407,PS,PS,PS,PS,26,PS,PS,PS,PS,PS,0.60 - 0.79,PS,PS,10,PS,PS,PS,PS,PS,PS,PS,PS,PS,PS,PS,PS,PS,PS,PS,PS,PS,PS,PS,PS,PS,PS,PS,PS,PS,PS,PS,PS,0,39,62878,32,PS,28,0,38,98139,PS,PS,PS,PS,PS,PS,PS,PS,PS,PS,PS,35,PS,PS,0.60 - 0.79,PS,PS,PS,PS,PS,10,PS,PS,PS,PS,PS,PS,PS,PS,1,0,PS,PS,PS,PS,PS,PS,PS,PS,PS,PS,PS,PS,PS,43799,83343,60801,111527
165802,002150,Fisher College,"Private, nonprofit",1,5208,Finance and Financial Management Services.,3,Bachelor's Degree,2,5,PS,PS,PS,PS,PS,PS,PS,PS,PS,PS,PS,PS,PS,PS,PS,PS,PS,PS,PS,PS,PS,PS,PS,PS,PS,PS,PS,PS,PS,PS,PS,PS,PS,PS,PS,PS,PS,PS,PS,PS,PS,PS,PS,PS,PS,PS,PS,PS,PS,PS,PS,PS,PS,PS,PS,PS,PS,PS,PS,PS,PS,PS,PS,PS,0,PS,PS,PS,PS,PS,PS,PS,PS,PS,PS,PS,PS,PS,PS,PS,PS,PS,PS,PS,PS,PS,PS,PS,PS,PS,PS,PS,PS,PS,PS,PS,PS,PS,PS,PS,PS,PS,PS,PS,PS,PS,PS,PS,PS,PS,0,PS,PS,PS,PS,PS,PS,PS,PS,PS,PS,PS,PS,PS,PS,PS,PS,PS,PS,PS,PS,PS,PS,PS,PS,PS,PS,PS,PS,PS,PS,PS,PS,PS,PS,PS,PS,PS,3,PS,PS,PS,PS,PS,PS,PS,PS,PS,PS,PS,PS,PS,PS,43799,83343,60801,111527
165866,002185,Framingham State University,Public,1,5208,Finance and Financial Management Services.,3,Bachelor's Degree,20,19,24,26184,27000,22,24388,26000,PS,PS,PS,PS,PS,PS,PS,PS,PS,PS,PS,PS,PS,PS,PS,PS,PS,PS,PS,PS,PS,PS,PS,PS,PS,PS,PS,PS,PS,PS,14,PS,PS,PS,PS,PS,PS,PS,PS,PS,PS,PS,10,24175,PS,PS,PS,PS,PS,PS,PS,PS,PS,PS,PS,PS,286,276,1,28,29,45036,0,14,16,43426,33,PS,PS,PS,PS,PS,0.40 - 0.59,PS,PS,15,PS,PS,PS,PS,PS,PS,PS,PS,PS,PS,PS,PS,PS,PS,PS,PS,PS,PS,PS,PS,PS,PS,PS,PS,PS,PS,PS,PS,0,22,52512,19,PS,21,2,23,63582,PS,PS,PS,PS,PS,PS,PS,PS,PS,PS,PS,12,PS,PS,PS,PS,PS,PS,PS,PS,15,PS,PS,PS,PS,PS,PS,PS,PS,1,2,PS,PS,PS,PS,PS,PS,PS,PS,PS,PS,PS,PS,PS,43799,83343,60801,111527
165936,002153,Gordon College,"Private, nonprofit",1,5208,Finance and Financial Management Services.,3,Bachelor's Degree,19,13,PS,PS,PS,PS,PS,PS,PS,PS,PS,PS,PS,PS,PS,PS,PS,PS,PS,PS,PS,PS,PS,PS,PS,PS,PS,PS,PS,PS,PS,PS,PS,PS,PS,PS,PS,PS,PS,PS,PS,PS,PS,PS,PS,PS,PS,PS,PS,PS,PS,PS,PS,PS,PS,PS,PS,PS,PS,PS,PS,PS,PS,PS,PS,PS,0,24,25,57391,0,15,16,48745,16,PS,PS,PS,PS,PS,PS,PS,PS,18,PS,PS,PS,PS,PS,PS,PS,PS,PS,PS,PS,PS,PS,PS,PS,PS,PS,PS,PS,PS,PS,PS,PS,PS,PS,PS,PS,PS,0,PS,PS,PS,PS,PS,0,20,83184,PS,PS,PS,PS,PS,PS,PS,PS,PS,PS,PS,19,PS,PS,PS,PS,PS,PS,PS,PS,18,PS,PS,PS,PS,PS,PS,PS,PS,2,0,16,95138,PS,PS,PS,PS,PS,PS,PS,PS,PS,PS,PS,43799,83343,60801,111527
166391,002158,Lasell University,"Private, nonprofit",1,5208,Finance and Financial Management Services.,3,Bachelor's Degree,4,13,28,PS,26500,28,PS,26000,11,PS,PS,11,PS,PS,PS,PS,PS,PS,PS,PS,PS,PS,PS,PS,PS,PS,PS,PS,PS,PS,PS,PS,PS,PS,PS,PS,PS,PS,16,PS,PS,16,PS,PS,PS,PS,PS,PS,PS,PS,12,PS,PS,12,PS,PS,PS,PS,PS,PS,PS,PS,PS,PS,281,276,0,PS,PS,PS,PS,PS,PS,PS,13,PS,PS,PS,PS,PS,PS,PS,PS,14,PS,PS,PS,PS,PS,PS,PS,PS,PS,PS,PS,PS,PS,PS,PS,PS,PS,PS,PS,PS,PS,PS,PS,PS,PS,PS,PS,PS,1,20,44481,PS,PS,PS,0,23,70304,PS,PS,PS,PS,PS,PS,PS,PS,PS,PS,PS,21,PS,PS,PS,PS,PS,PS,PS,PS,14,PS,PS,PS,PS,PS,PS,PS,PS,1,0,PS,PS,PS,PS,PS,PS,PS,PS,PS,PS,PS,PS,PS,43799,83343,60801,111527
166629,002221,University of Massachusetts-Amherst,Public,1,5208,Finance and Financial Management Services.,3,Bachelor's Degree,289,343,167,21817,23250,162,20140,20500,22,39824,23250,17,42106,PS,133,21113,22550,129,19425,19620,PS,PS,PS,PS,PS,PS,34,24572,24964,33,22938,23250,PS,PS,PS,PS,PS,PS,71,24398,24596,70,21661,20216,PS,PS,PS,PS,PS,PS,96,19908,21500,92,18984,20604,PS,PS,PS,PS,PS,PS,276,PS,246,217,9,258,277,57890,6,160,172,57469,256,<=0.05,<=0.05,<=0.05,<=0.05,0.05 - 0.09,0.60 - 0.64,0.20 - 0.24,<=0.05,155,<=0.10,<=0.10,<=0.10,<=0.10,<=0.10,0.50 - 0.59,0.20 - 0.29,<=0.10,67,65282,138,69619,168,68128,37,72079,175,71050,168,164,59,65635,116,73784,131,72449,44,66296,14,205,68920,185,PS,153,6,200,96995,148,57,72096,108,91557,126,85326,40,77665,PS,119,168,<=0.10,<=0.10,0.40 - 0.49,<=0.10,<=0.10,0.20 - 0.29,0.10 - 0.19,<=0.10,155,<=0.10,<=0.10,0.50 - 0.59,<=0.10,<=0.10,0.10 - 0.19,0.30 - 0.39,<=0.10,2,7,164,98716,160,55,80838,110,107236,123,102694,42,92721,PS,114,43799,83343,60801,111527
166683,002178,Massachusetts Institute of Technology,"Private, nonprofit",1,5208,Finance and Financial Management Services.,3,Bachelor's Degree,,,PS,PS,PS,PS,PS,PS,PS,PS,PS,PS,PS,PS,PS,PS,PS,PS,PS,PS,PS,PS,PS,PS,PS,PS,PS,PS,PS,PS,PS,PS,PS,PS,PS,PS,PS,PS,PS,PS,PS,PS,PS,PS,PS,PS,PS,PS,PS,PS,PS,PS,PS,PS,PS,PS,PS,PS,PS,PS,PS,PS,PS,PS,PS,PS,0,PS,PS,PS,PS,PS,PS,PS,PS,PS,PS,PS,PS,PS,PS,PS,PS,PS,PS,PS,PS,PS,PS,PS,PS,PS,PS,PS,PS,PS,PS,PS,PS,PS,PS,PS,PS,PS,PS,PS,PS,PS,PS,PS,PS,PS,0,PS,PS,PS,PS,PS,PS,PS,PS,PS,PS,PS,PS,PS,PS,PS,PS,PS,PS,PS,PS,PS,PS,PS,PS,PS,PS,PS,PS,PS,PS,PS,PS,PS,PS,PS,PS,PS,0,PS,PS,PS,PS,PS,PS,PS,PS,PS,PS,PS,PS,PS,PS,43799,83343,60801,111527
166850,002120,Merrimack College,"Private, nonprofit",1,5208,Finance and Financial Management Services.,3,Bachelor's Degree,74,64,PS,PS,PS,PS,PS,PS,PS,PS,PS,PS,PS,PS,PS,PS,PS,PS,PS,PS,PS,PS,PS,PS,PS,PS,PS,PS,PS,PS,PS,PS,PS,PS,PS,PS,PS,PS,PS,PS,PS,PS,PS,PS,PS,PS,PS,PS,PS,PS,PS,PS,PS,PS,PS,PS,PS,PS,PS,PS,PS,PS,PS,PS,PS,PS,PS,PS,PS,PS,PS,PS,PS,PS,PS,PS,PS,PS,PS,PS,PS,PS,PS,PS,PS,PS,PS,PS,PS,PS,PS,PS,PS,PS,PS,PS,PS,PS,PS,PS,PS,PS,PS,PS,PS,PS,PS,PS,PS,PS,PS,PS,PS,PS,PS,PS,PS,PS,PS,PS,PS,PS,PS,PS,PS,PS,PS,PS,PS,PS,PS,PS,PS,PS,PS,PS,PS,PS,PS,PS,PS,PS,PS,PS,PS,PS,PS,PS,PS,PS,1,PS,PS,PS,PS,PS,PS,PS,PS,PS,PS,PS,PS,PS,PS,PS,PS,PS,PS
167260,002197,Nichols College,"Private, nonprofit",1,5208,Finance and Financial Management Services.,3,Bachelor's Degree,20,16,35,PS,27000,35,PS,25522,12,PS,PS,12,PS,PS,24,PS,PS,24,PS,PS,PS,PS,PS,PS,PS,PS,11,PS,PS,11,PS,PS,PS,PS,PS,PS,PS,PS,11,PS,PS,11,PS,PS,PS,PS,PS,PS,PS,PS,24,PS,PS,24,PS,PS,PS,PS,PS,PS,PS,PS,PS,PS,286,271,0,22,25,52425,0,34,36,50717,36,PS,PS,PS,PS,PS,0.40 - 0.59,PS,PS,38,PS,PS,PS,PS,PS,0.40 - 0.59,PS,PS,PS,PS,PS,PS,PS,PS,PS,PS,33,55404,32,28,16,56908,PS,PS,22,49859,PS,PS,0,29,49581,27,PS,PS,1,26,81485,PS,PS,PS,16,60530,21,54362,PS,PS,PS,17,24,PS,PS,0.40 - 0.59,PS,PS,PS,PS,PS,38,PS,PS,0.40 - 0.59,PS,PS,PS,PS,PS,1,2,26,77546,24,PS,PS,PS,PS,PS,PS,PS,PS,PS,PS,43799,83343,60801,111527
167358,002199,Northeastern University,"Private, nonprofit",1,5208,Finance and Financial Management Services.,3,Bachelor's Degree,0,0,23,PS,38115,23,PS,24375,PS,PS,PS,PS,PS,PS,PS,PS,PS,PS,PS,PS,PS,PS,PS,PS,PS,PS,PS,PS,PS,PS,PS,PS,PS,PS,PS,PS,PS,PS,PS,PS,PS,PS,PS,PS,PS,PS,PS,PS,PS,PS,PS,PS,PS,PS,PS,PS,PS,PS,PS,PS,PS,PS,PS,PS,404,258,6,33,37,52540,1,28,29,53358,47,PS,PS,PS,PS,0.20 - 0.39,0.20 - 0.39,PS,PS,35,PS,PS,PS,PS,PS,0.20 - 0.39,PS,PS,PS,PS,PS,PS,PS,PS,PS,PS,26,61750,26,24,21,64605,PS,PS,PS,PS,PS,PS,3,PS,PS,PS,PS,PS,3,43,83023,PS,22,74535,PS,PS,PS,PS,PS,PS,PS,17,33,PS,PS,0.40 - 0.59,PS,PS,PS,PS,PS,35,PS,PS,0.60 - 0.79,PS,PS,PS,PS,PS,1,1,30,88905,27,PS,PS,PS,PS,PS,PS,PS,PS,PS,18,43799,83343,60801,111527
167729,002188,Salem State University,Public,1,5208,Finance and Financial Management Services.,3,Bachelor's Degree,25,18,PS,PS,PS,PS,PS,PS,PS,PS,PS,PS,PS,PS,PS,PS,PS,PS,PS,PS,PS,PS,PS,PS,PS,PS,PS,PS,PS,PS,PS,PS,PS,PS,PS,PS,PS,PS,PS,PS,PS,PS,PS,PS,PS,PS,PS,PS,PS,PS,PS,PS,PS,PS,PS,PS,PS,PS,PS,PS,PS,PS,PS,PS,PS,PS,PS,PS,PS,PS,PS,PS,PS,PS,PS,PS,PS,PS,PS,PS,PS,PS,PS,PS,PS,PS,PS,PS,PS,PS,PS,PS,PS,PS,PS,PS,PS,PS,PS,PS,PS,PS,PS,PS,PS,PS,PS,PS,PS,PS,PS,PS,PS,PS,PS,PS,PS,PS,PS,PS,PS,PS,PS,PS,PS,PS,PS,PS,PS,PS,PS,PS,PS,PS,PS,PS,PS,PS,PS,PS,PS,PS,PS,PS,PS,PS,PS,PS,PS,PS,1,PS,PS,PS,PS,PS,PS,PS,PS,PS,PS,PS,PS,PS,PS,PS,PS,PS,PS
167783,002208,Simmons University,"Private, nonprofit",1,5208,Finance and Financial Management Services.,3,Bachelor's Degree,3,3,PS,PS,PS,PS,PS,PS,PS,PS,PS,PS,PS,PS,PS,PS,PS,PS,PS,PS,PS,PS,PS,PS,PS,PS,PS,PS,PS,PS,PS,PS,PS,PS,PS,PS,PS,PS,PS,PS,PS,PS,PS,PS,PS,PS,PS,PS,PS,PS,PS,PS,PS,PS,PS,PS,PS,PS,PS,PS,PS,PS,PS,PS,PS,PS,0,PS,PS,PS,0,11,11,71643,16,PS,PS,PS,PS,PS,PS,PS,PS,14,PS,PS,PS,PS,PS,PS,PS,PS,PS,PS,PS,PS,PS,PS,PS,PS,PS,PS,PS,PS,PS,PS,PS,PS,PS,PS,PS,PS,0,PS,PS,PS,PS,PS,0,PS,PS,PS,PS,PS,PS,PS,PS,PS,PS,PS,PS,PS,PS,PS,PS,PS,PS,PS,PS,PS,PS,14,PS,PS,PS,PS,PS,PS,PS,PS,2,0,PS,PS,PS,PS,PS,PS,PS,PS,PS,PS,PS,PS,PS,PS,PS,PS,PS
167899,002211,Springfield College,"Private, nonprofit",1,5208,Finance and Financial Management Services.,3,Bachelor's Degree,4,10,PS,PS,PS,PS,PS,PS,PS,PS,PS,PS,PS,PS,PS,PS,PS,PS,PS,PS,PS,PS,PS,PS,PS,PS,PS,PS,PS,PS,PS,PS,PS,PS,PS,PS,PS,PS,PS,PS,PS,PS,PS,PS,PS,PS,PS,PS,PS,PS,PS,PS,PS,PS,PS,PS,PS,PS,PS,PS,PS,PS,PS,PS,PS,PS,2,PS,PS,PS,PS,PS,PS,PS,PS,PS,PS,PS,PS,PS,PS,PS,PS,PS,PS,PS,PS,PS,PS,PS,PS,PS,PS,PS,PS,PS,PS,PS,PS,PS,PS,PS,PS,PS,PS,PS,PS,PS,PS,PS,PS,PS,0,PS,PS,PS,PS,PS,0,PS,PS,PS,PS,PS,PS,PS,PS,PS,PS,PS,PS,PS,11,PS,PS,PS,PS,PS,PS,PS,PS,PS,PS,PS,PS,PS,PS,PS,PS,PS,1,0,PS,PS,PS,PS,PS,PS,PS,PS,PS,PS,PS,PS,PS,43799,83343,60801,111527
167987,002210,University of Massachusetts-Dartmouth,Public,1,5208,Finance and Financial Management Services.,3,Bachelor's Degree,57,54,80,25517,26674,77,23535,25092,28,35025,19595,27,31281,18826,64,24865,PS,61,22595,PS,PS,PS,PS,PS,PS,PS,16,PS,PS,16,PS,PS,PS,PS,PS,PS,PS,PS,53,26770,27000,51,24158,26000,17,25630,PS,16,22191,PS,27,23058,25000,26,22313,23973,11,PS,PS,11,PS,PS,233,224,283,266,4,55,60,43847,2,31,35,42235,52,<=0.20,<=0.20,<=0.20,<=0.20,<=0.20,0.40 - 0.59,<=0.20,<=0.20,31,PS,PS,PS,PS,PS,0.40 - 0.59,PS,PS,48,50592,34,59873,66,53257,17,54984,36,57975,34,33,PS,PS,22,60245,30,60095,PS,PS,2,83,54166,63,PS,75,4,77,64107,PS,PS,PS,19,61620,24,63082,PS,PS,PS,23,74,<=0.20,<=0.20,0.40 - 0.59,<=0.20,<=0.20,0.20 - 0.39,<=0.20,<=0.20,31,PS,PS,0.60 - 0.79,PS,PS,PS,PS,PS,2,2,35,69363,34,PS,PS,PS,PS,PS,PS,PS,PS,PS,28,43799,83343,60801,111527
167996,002217,Stonehill College,"Private, nonprofit",1,5208,Finance and Financial Management Services.,3,Bachelor's Degree,45,45,51,PS,26000,51,PS,26000,17,PS,PS,17,PS,PS,PS,PS,PS,PS,PS,PS,PS,PS,PS,PS,PS,PS,PS,PS,PS,PS,PS,PS,PS,PS,PS,PS,PS,PS,13,PS,PS,13,PS,PS,PS,PS,PS,PS,PS,PS,38,PS,PS,38,PS,PS,PS,PS,PS,PS,PS,PS,PS,PS,276,276,0,52,52,57848,0,36,37,60523,38,PS,PS,PS,PS,PS,0.60 - 0.79,PS,PS,37,PS,PS,PS,PS,PS,0.40 - 0.59,PS,PS,PS,PS,PS,PS,PS,PS,PS,PS,39,73365,36,33,PS,PS,27,67794,32,69849,PS,PS,3,51,58832,38,PS,35,2,51,93693,PS,PS,PS,25,81219,31,94601,PS,PS,PS,26,52,<=0.20,<=0.20,0.20 - 0.39,<=0.20,<=0.20,0.40 - 0.59,<=0.20,<=0.20,37,PS,PS,PS,PS,PS,0.20 - 0.39,0.20 - 0.39,PS,1,2,38,108355,36,PS,PS,PS,PS,PS,PS,PS,PS,PS,25,43799,83343,60801,111527
168005,002218,Suffolk University,"Private, nonprofit",1,5208,Finance and Financial Management Services.,3,Bachelor's Degree,114,84,116,26119,27000,114,24939,27000,24,56040,44724,23,54485,44134,79,25545,27000,77,24326,27000,PS,PS,PS,PS,PS,PS,37,PS,27000,37,PS,27000,PS,PS,PS,PS,PS,PS,70,PS,27000,70,PS,27000,13,53353,PS,12,50151,PS,46,22894,27000,44,22609,27000,11,PS,PS,11,PS,PS,532,525,286,286,0,81,90,49040,3,84,90,52941,104,<=0.10,<=0.10,<=0.10,<=0.10,0.10 - 0.19,0.50 - 0.59,<=0.10,<=0.10,94,<=0.20,<=0.20,<=0.20,<=0.20,<=0.20,0.40 - 0.59,0.20 - 0.39,<=0.20,64,55141,45,57208,71,59605,38,51511,90,67609,81,79,53,68997,34,63806,57,65543,32,70685,9,109,55914,91,PS,85,3,108,90090,PS,55,79620,33,79872,55,76028,33,80168,PS,69,100,<=0.20,<=0.20,0.40 - 0.59,<=0.20,<=0.20,<=0.20,<=0.20,<=0.20,94,<=0.20,<=0.20,0.40 - 0.59,<=0.20,<=0.20,<=0.20,0.20 - 0.39,<=0.20,1,1,92,93638,85,58,93899,34,92348,57,94660,35,92017,PS,66,43799,83343,60801,111527
168254,002226,Western New England University,"Private, nonprofit",1,5208,Finance and Financial Management Services.,3,Bachelor's Degree,29,32,22,21617,21375,21,20985,23250,PS,PS,PS,PS,PS,PS,PS,PS,PS,PS,PS,PS,PS,PS,PS,PS,PS,PS,PS,PS,PS,PS,PS,PS,PS,PS,PS,PS,PS,PS,10,PS,PS,10,PS,PS,PS,PS,PS,PS,PS,PS,12,18791,PS,11,19250,PS,PS,PS,PS,PS,PS,PS,PS,PS,227,246,0,PS,PS,PS,PS,PS,PS,PS,PS,PS,PS,PS,PS,PS,PS,PS,PS,PS,PS,PS,PS,PS,PS,PS,PS,PS,PS,PS,PS,PS,PS,PS,PS,PS,PS,PS,PS,PS,PS,PS,PS,PS,PS,PS,PS,PS,0,22,54474,16,PS,PS,1,PS,PS,PS,PS,PS,PS,PS,PS,PS,PS,PS,PS,PS,27,PS,PS,0.40 - 0.59,PS,PS,PS,PS,PS,PS,PS,PS,PS,PS,PS,PS,PS,PS,1,1,PS,PS,PS,PS,PS,PS,PS,PS,PS,PS,PS,PS,PS,43799,83343,60801,111527
168263,002189,Westfield State University,Public,1,5208,Finance and Financial Management Services.,3,Bachelor's Degree,3,16,,,,,,,,,,,,,,,,,,,,,,,,,,,,,,,,,,,,,,,,,,,,,,,,,,,,,,,,,,,,,,,,,,,,,,,,,,,,,,,,,,,,,,,,,,,,,,,,,,,,,,,,,,,,,,,,,,,,,,PS,PS,,,,,,,,,,,,,,,,,,,,,,,,,,,,,,2,,,,,,,,,,,,,,,PS,PS,PS,PS
168528,002234,Adrian College,"Private, nonprofit",1,5208,Finance and Financial Management Services.,3,Bachelor's Degree,6,15,PS,PS,PS,PS,PS,PS,PS,PS,PS,PS,PS,PS,PS,PS,PS,PS,PS,PS,PS,PS,PS,PS,PS,PS,PS,PS,PS,PS,PS,PS,PS,PS,PS,PS,PS,PS,PS,PS,PS,PS,PS,PS,PS,PS,PS,PS,PS,PS,PS,PS,PS,PS,PS,PS,PS,PS,PS,PS,PS,PS,PS,PS,PS,PS,0,PS,PS,PS,PS,PS,PS,PS,PS,PS,PS,PS,PS,PS,PS,PS,PS,PS,PS,PS,PS,PS,PS,PS,PS,PS,PS,PS,PS,PS,PS,PS,PS,PS,PS,PS,PS,PS,PS,PS,PS,PS,PS,PS,PS,PS,0,PS,PS,PS,PS,PS,PS,PS,PS,PS,PS,PS,PS,PS,PS,PS,PS,PS,PS,PS,PS,PS,PS,PS,PS,PS,PS,PS,PS,PS,PS,PS,PS,PS,PS,PS,PS,PS,1,PS,PS,PS,PS,PS,PS,PS,PS,PS,PS,PS,PS,PS,PS,43799,83343,60801,111527
168546,002235,Albion College,"Private, nonprofit",1,5208,Finance and Financial Management Services.,3,Bachelor's Degree,22,16,PS,PS,24979,PS,PS,24979,PS,PS,PS,PS,PS,PS,PS,PS,PS,PS,PS,PS,PS,PS,PS,PS,PS,PS,PS,PS,PS,PS,PS,PS,PS,PS,PS,PS,PS,PS,PS,PS,PS,PS,PS,PS,PS,PS,PS,PS,PS,PS,PS,PS,PS,PS,PS,PS,PS,PS,PS,PS,PS,PS,PS,PS,265,265,0,19,20,47603,PS,PS,PS,PS,14,PS,PS,PS,PS,PS,PS,PS,PS,10,PS,PS,PS,PS,PS,PS,PS,PS,PS,PS,PS,PS,PS,PS,PS,PS,PS,PS,PS,PS,PS,PS,PS,PS,PS,PS,PS,PS,0,24,59926,22,PS,19,1,26,81887,PS,PS,PS,PS,PS,PS,PS,PS,PS,PS,PS,27,PS,PS,0.40 - 0.59,PS,PS,PS,PS,PS,10,PS,PS,PS,PS,PS,PS,PS,PS,1,0,PS,PS,PS,PS,PS,PS,PS,PS,PS,PS,PS,PS,PS,43799,83343,60801,111527
168591,002236,Alma College,"Private, nonprofit",1,5208,Finance and Financial Management Services.,3,Bachelor's Degree,11,4,PS,PS,PS,PS,PS,PS,PS,PS,PS,PS,PS,PS,PS,PS,PS,PS,PS,PS,PS,PS,PS,PS,PS,PS,PS,PS,PS,PS,PS,PS,PS,PS,PS,PS,PS,PS,PS,PS,PS,PS,PS,PS,PS,PS,PS,PS,PS,PS,PS,PS,PS,PS,PS,PS,PS,PS,PS,PS,PS,PS,PS,PS,PS,PS,0,PS,PS,PS,PS,PS,PS,PS,PS,PS,PS,PS,PS,PS,PS,PS,PS,PS,PS,PS,PS,PS,PS,PS,PS,PS,PS,PS,PS,PS,PS,PS,PS,PS,PS,PS,PS,PS,PS,PS,PS,PS,PS,PS,PS,PS,1,PS,PS,PS,PS,PS,0,PS,PS,PS,PS,PS,PS,PS,PS,PS,PS,PS,PS,PS,PS,PS,PS,PS,PS,PS,PS,PS,PS,PS,PS,PS,PS,PS,PS,PS,PS,PS,1,0,PS,PS,PS,PS,PS,PS,PS,PS,PS,PS,PS,PS,PS,43799,83343,60801,111527
168740,002238,Andrews University,"Private, nonprofit",1,5208,Finance and Financial Management Services.,3,Bachelor's Degree,3,6,PS,PS,PS,PS,PS,PS,PS,PS,PS,PS,PS,PS,PS,PS,PS,PS,PS,PS,PS,PS,PS,PS,PS,PS,PS,PS,PS,PS,PS,PS,PS,PS,PS,PS,PS,PS,PS,PS,PS,PS,PS,PS,PS,PS,PS,PS,PS,PS,PS,PS,PS,PS,PS,PS,PS,PS,PS,PS,PS,PS,PS,PS,PS,PS,1,PS,PS,PS,PS,PS,PS,PS,PS,PS,PS,PS,PS,PS,PS,PS,PS,PS,PS,PS,PS,PS,PS,PS,PS,PS,PS,PS,PS,PS,PS,PS,PS,PS,PS,PS,PS,PS,PS,PS,PS,PS,PS,PS,PS,PS,0,PS,PS,PS,PS,PS,0,PS,PS,PS,PS,PS,PS,PS,PS,PS,PS,PS,PS,PS,PS,PS,PS,PS,PS,PS,PS,PS,PS,PS,PS,PS,PS,PS,PS,PS,PS,PS,1,0,PS,PS,PS,PS,PS,PS,PS,PS,PS,PS,PS,PS,PS,PS,PS,PS,PS
168847,004673,Baker College,"Private, nonprofit",1,5208,Finance and Financial Management Services.,3,Bachelor's Degree,8,9,PS,34255,31822,PS,29796,28514,PS,PS,PS,PS,PS,PS,PS,PS,PS,PS,PS,PS,PS,PS,PS,PS,PS,PS,PS,PS,PS,PS,PS,PS,PS,PS,PS,PS,PS,PS,PS,PS,PS,PS,PS,PS,PS,PS,PS,PS,PS,PS,PS,PS,PS,PS,PS,PS,PS,PS,PS,PS,PS,PS,PS,PS,337,302,4,18,22,39395,2,16,17,46673,26,PS,PS,PS,PS,0.40 - 0.59,PS,PS,PS,17,PS,PS,PS,PS,PS,PS,PS,PS,PS,PS,PS,PS,PS,PS,PS,PS,20,47733,18,16,19,45533,PS,PS,PS,PS,PS,PS,0,21,51325,17,PS,17,2,19,71345,PS,18,58344,PS,PS,PS,PS,PS,PS,PS,PS,16,PS,PS,PS,PS,PS,PS,PS,PS,17,PS,PS,PS,PS,PS,PS,PS,PS,3,3,18,67718,17,PS,PS,PS,PS,PS,PS,PS,PS,PS,PS,43799,83343,60801,111527
169080,002241,Calvin University,"Private, nonprofit",1,5208,Finance and Financial Management Services.,3,Bachelor's Degree,24,24,PS,PS,PS,PS,PS,PS,PS,PS,PS,PS,PS,PS,PS,PS,PS,PS,PS,PS,PS,PS,PS,PS,PS,PS,PS,PS,PS,PS,PS,PS,PS,PS,PS,PS,PS,PS,PS,PS,PS,PS,PS,PS,PS,PS,PS,PS,PS,PS,PS,PS,PS,PS,PS,PS,PS,PS,PS,PS,PS,PS,PS,PS,PS,PS,PS,PS,PS,PS,,,,,PS,PS,PS,PS,PS,PS,PS,PS,PS,PS,PS,PS,PS,PS,PS,PS,PS,PS,PS,PS,PS,PS,PS,PS,PS,PS,PS,PS,PS,PS,PS,PS,PS,PS,PS,PS,PS,PS,0,PS,PS,PS,PS,PS,PS,PS,PS,PS,PS,PS,PS,PS,PS,PS,PS,PS,PS,PS,PS,PS,PS,PS,PS,PS,PS,PS,PS,PS,PS,PS,PS,PS,PS,PS,PS,PS,1,PS,PS,PS,PS,PS,PS,PS,PS,PS,PS,PS,PS,PS,PS,PS,PS,PS,PS
169248,002243,Central Michigan University,Public,1,5208,Finance and Financial Management Services.,3,Bachelor's Degree,77,64,147,PS,26672,147,PS,25500,77,28570,27504,75,28164,27665,112,PS,27000,112,PS,25710,58,30140,27787,57,29524,PS,35,PS,25231,35,PS,24250,19,23779,11934,18,23857,PS,62,PS,27000,62,PS,27000,28,19039,12906,27,19152,13112,85,PS,25751,85,PS,23373,49,34017,34422,48,33232,34451,327,329,283,270,6,106,116,50594,1,129,135,46538,98,<=0.20,<=0.20,<=0.20,<=0.20,0.20 - 0.39,0.40 - 0.59,<=0.20,<=0.20,132,<=0.10,<=0.10,<=0.10,<=0.10,0.20 - 0.29,0.40 - 0.49,0.10 - 0.19,<=0.10,68,57678,92,61221,123,59402,37,62443,132,56835,131,130,65,53476,67,59513,102,57661,30,52625,3,160,60023,143,PS,136,5,150,79906,PS,61,58419,65,71058,96,66912,30,59976,PS,97,141,<=0.10,<=0.10,0.40 - 0.49,<=0.10,0.10 - 0.19,0.10 - 0.19,0.10 - 0.19,<=0.10,132,<=0.10,<=0.10,0.30 - 0.39,<=0.10,0.10 - 0.19,0.20 - 0.29,0.20 - 0.29,<=0.10,1,3,130,77035,127,63,69298,68,85500,101,78953,31,66351,PS,99,43799,83343,60801,111527
169363,003842,Concordia University Ann Arbor,"Private, nonprofit",0,5208,Finance and Financial Management Services.,3,Bachelor's Degree,2,3,23,PS,27000,23,PS,25260,PS,PS,PS,PS,PS,PS,PS,PS,PS,PS,PS,PS,PS,PS,PS,PS,PS,PS,PS,PS,PS,PS,PS,PS,PS,PS,PS,PS,PS,PS,12,PS,PS,12,PS,PS,PS,PS,PS,PS,PS,PS,11,PS,PS,11,PS,PS,PS,PS,PS,PS,PS,PS,PS,PS,286,268,2,28,29,51257,0,14,14,49631,22,PS,PS,PS,PS,PS,PS,PS,PS,20,PS,PS,PS,PS,PS,PS,PS,PS,PS,PS,PS,PS,PS,PS,PS,PS,PS,PS,PS,PS,PS,PS,PS,PS,PS,PS,PS,PS,0,24,51235,22,PS,21,1,30,63594,PS,PS,PS,PS,PS,PS,PS,PS,PS,PS,PS,31,PS,PS,0.40 - 0.59,PS,PS,PS,PS,PS,20,PS,PS,PS,PS,PS,PS,PS,PS,1,0,PS,PS,PS,PS,PS,PS,PS,PS,PS,PS,PS,PS,PS,43799,83343,60801,111527
169479,002249,Davenport University,"Private, nonprofit",1,5208,Finance and Financial Management Services.,3,Bachelor's Degree,30,27,36,PS,30567,36,PS,25072,10,30068,PS,PS,PS,PS,PS,PS,PS,PS,PS,PS,PS,PS,PS,PS,PS,PS,PS,PS,PS,PS,PS,PS,PS,PS,PS,PS,PS,PS,18,PS,PS,18,PS,PS,PS,PS,PS,PS,PS,PS,18,PS,PS,18,PS,PS,PS,PS,PS,PS,PS,PS,PS,PS,324,266,1,42,46,48726,0,26,30,43798,40,PS,PS,PS,PS,PS,0.20 - 0.39,PS,PS,30,PS,PS,PS,PS,0.40 - 0.59,PS,PS,PS,18,47811,17,50789,PS,PS,PS,PS,33,51905,31,27,24,43322,PS,PS,19,49812,PS,PS,1,36,46861,31,PS,34,1,41,74898,PS,23,46059,PS,PS,19,49743,16,53435,PS,32,37,PS,PS,0.40 - 0.59,PS,PS,PS,PS,PS,29,PS,PS,0.40 - 0.59,PS,PS,PS,PS,PS,3,0,37,57608,30,PS,PS,PS,PS,21,60609,16,52364,PS,32,43799,83343,60801,111527
169798,002259,Eastern Michigan University,Public,1,5208,Finance and Financial Management Services.,3,Bachelor's Degree,41,48,52,25731,25847,51,22242,21500,16,19077,PS,14,18380,PS,38,25484,PS,37,21725,PS,PS,PS,PS,PS,PS,PS,14,PS,PS,14,PS,PS,PS,PS,PS,PS,PS,PS,33,PS,27000,33,PS,PS,PS,PS,PS,PS,PS,PS,19,23382,24500,18,23250,PS,PS,PS,PS,PS,PS,PS,PS,PS,274,228,4,52,60,43194,0,40,40,50856,54,<=0.20,<=0.20,0.20 - 0.39,<=0.20,<=0.20,0.20 - 0.39,<=0.20,<=0.20,45,PS,PS,0.20 - 0.39,PS,PS,0.20 - 0.39,PS,PS,38,53462,17,54040,PS,PS,PS,PS,42,51996,40,38,24,48019,17,63746,26,51763,PS,PS,1,55,53843,49,PS,41,2,53,74066,PS,20,59181,PS,PS,21,67656,PS,PS,PS,32,56,<=0.20,<=0.20,0.60 - 0.79,<=0.20,<=0.20,<=0.20,<=0.20,<=0.20,45,PS,PS,0.40 - 0.59,PS,PS,PS,PS,PS,1,1,42,77007,37,PS,PS,PS,PS,PS,PS,PS,PS,PS,38,43799,83343,60801,111527
169910,002260,Ferris State University,Public,1,5208,Finance and Financial Management Services.,3,Bachelor's Degree,11,12,14,23980,PS,13,23543,PS,PS,PS,PS,PS,PS,PS,PS,PS,PS,PS,PS,PS,PS,PS,PS,PS,PS,PS,PS,PS,PS,PS,PS,PS,PS,PS,PS,PS,PS,PS,PS,PS,PS,PS,PS,PS,PS,PS,PS,PS,PS,PS,PS,PS,PS,PS,PS,PS,PS,PS,PS,PS,PS,PS,PS,PS,PS,PS,0,17,17,49323,0,12,12,48041,15,PS,PS,PS,PS,PS,PS,PS,PS,16,PS,PS,PS,PS,PS,PS,PS,PS,PS,PS,PS,PS,PS,PS,PS,PS,PS,PS,PS,PS,PS,PS,PS,PS,PS,PS,PS,PS,0,PS,PS,PS,PS,PS,0,17,75797,PS,PS,PS,PS,PS,PS,PS,PS,PS,PS,PS,15,PS,PS,PS,PS,PS,PS,PS,PS,16,PS,PS,PS,PS,PS,PS,PS,PS,1,1,PS,PS,PS,PS,PS,PS,PS,PS,PS,PS,PS,PS,PS,43799,83343,60801,111527
170037,002266,Cornerstone University,"Private, nonprofit",1,5208,Finance and Financial Management Services.,3,Bachelor's Degree,13,12,PS,PS,PS,PS,PS,PS,PS,PS,PS,PS,PS,PS,PS,PS,PS,PS,PS,PS,PS,PS,PS,PS,PS,PS,PS,PS,PS,PS,PS,PS,PS,PS,PS,PS,PS,PS,PS,PS,PS,PS,PS,PS,PS,PS,PS,PS,PS,PS,PS,PS,PS,PS,PS,PS,PS,PS,PS,PS,PS,PS,PS,PS,PS,PS,0,PS,PS,PS,PS,PS,PS,PS,PS,PS,PS,PS,PS,PS,PS,PS,PS,PS,PS,PS,PS,PS,PS,PS,PS,PS,PS,PS,PS,PS,PS,PS,PS,PS,PS,PS,PS,PS,PS,PS,PS,PS,PS,PS,PS,PS,0,PS,PS,PS,PS,PS,1,PS,PS,PS,PS,PS,PS,PS,PS,PS,PS,PS,PS,PS,PS,PS,PS,PS,PS,PS,PS,PS,PS,PS,PS,PS,PS,PS,PS,PS,PS,PS,1,1,PS,PS,PS,PS,PS,PS,PS,PS,PS,PS,PS,PS,PS,43799,83343,60801,111527
170082,002268,Grand Valley State University,Public,1,5208,Finance and Financial Management Services.,3,Bachelor's Degree,260,239,318,22007,24199,313,20765,21500,131,31458,29605,128,30629,28629,226,21740,23250,221,20575,21250,89,32555,30066,88,31329,29086,92,PS,25236,92,PS,24199,42,29134,27149,40,29090,26490,129,24646,26000,126,22921,22639,52,21940,19106,51,20504,13948,189,20205,22500,187,19312,20500,79,37723,38359,77,37336,38359,352,340,257,228,5,254,266,47558,4,182,197,49370,262,<=0.05,<=0.05,0.10 - 0.14,0.05 - 0.09,0.10 - 0.14,0.50 - 0.54,0.15 - 0.19,<=0.05,220,<=0.05,<=0.05,0.15 - 0.19,<=0.05,0.10 - 0.14,0.40 - 0.44,0.20 - 0.24,<=0.05,135,49940,184,53956,229,53481,89,52235,205,58328,186,176,118,54151,86,61286,153,60480,51,54684,6,318,52872,267,PS,272,13,285,71348,PS,107,64355,85,67967,145,68826,47,64531,16,157,274,<=0.05,<=0.05,0.55 - 0.59,<=0.05,0.05 - 0.09,0.20 - 0.24,0.15 - 0.19,<=0.05,220,<=0.05,<=0.05,0.45 - 0.49,<=0.05,<=0.05,0.15 - 0.19,0.30 - 0.34,<=0.05,1,12,198,74838,190,112,71506,86,78329,148,77485,50,70686,21,161,43799,83343,60801,111527
170286,002272,Hillsdale College,"Private, nonprofit",1,5208,Finance and Financial Management Services.,3,Bachelor's Degree,25,20,PS,PS,PS,PS,PS,PS,PS,PS,PS,PS,PS,PS,PS,PS,PS,PS,PS,PS,PS,PS,PS,PS,PS,PS,PS,PS,PS,PS,PS,PS,PS,PS,PS,PS,PS,PS,PS,PS,PS,PS,PS,PS,PS,PS,PS,PS,PS,PS,PS,PS,PS,PS,PS,PS,PS,PS,PS,PS,PS,PS,PS,PS,PS,PS,PS,PS,PS,PS,PS,PS,PS,PS,PS,PS,PS,PS,PS,PS,PS,PS,PS,PS,PS,PS,PS,PS,PS,PS,PS,PS,PS,PS,PS,PS,PS,PS,PS,PS,PS,PS,PS,PS,PS,PS,PS,PS,PS,PS,PS,PS,PS,PS,PS,PS,PS,PS,PS,PS,PS,PS,PS,PS,PS,PS,PS,PS,PS,PS,PS,PS,PS,PS,PS,PS,PS,PS,PS,PS,PS,PS,PS,PS,PS,PS,PS,PS,PS,PS,1,PS,PS,PS,PS,PS,PS,PS,PS,PS,PS,PS,PS,PS,PS,PS,PS,PS,PS
170639,002293,Lake Superior State University,Public,1,5208,Finance and Financial Management Services.,3,Bachelor's Degree,4,7,PS,PS,PS,PS,PS,PS,PS,PS,PS,PS,PS,PS,PS,PS,PS,PS,PS,PS,PS,PS,PS,PS,PS,PS,PS,PS,PS,PS,PS,PS,PS,PS,PS,PS,PS,PS,PS,PS,PS,PS,PS,PS,PS,PS,PS,PS,PS,PS,PS,PS,PS,PS,PS,PS,PS,PS,PS,PS,PS,PS,PS,PS,PS,PS,0,PS,PS,PS,PS,PS,PS,PS,PS,PS,PS,PS,PS,PS,PS,PS,PS,PS,PS,PS,PS,PS,PS,PS,PS,PS,PS,PS,PS,PS,PS,PS,PS,PS,PS,PS,PS,PS,PS,PS,PS,PS,PS,PS,PS,PS,0,PS,PS,PS,PS,PS,0,PS,PS,PS,PS,PS,PS,PS,PS,PS,PS,PS,PS,PS,PS,PS,PS,PS,PS,PS,PS,PS,PS,PS,PS,PS,PS,PS,PS,PS,PS,PS,1,0,PS,PS,PS,PS,PS,PS,PS,PS,PS,PS,PS,PS,PS,43799,83343,60801,111527
170675,002279,Lawrence Technological University,"Private, nonprofit",1,5208,Finance and Financial Management Services.,3,Bachelor's Degree,3,4,PS,PS,PS,PS,PS,PS,PS,PS,PS,PS,PS,PS,PS,PS,PS,PS,PS,PS,PS,PS,PS,PS,PS,PS,PS,PS,PS,PS,PS,PS,PS,PS,PS,PS,PS,PS,PS,PS,PS,PS,PS,PS,PS,PS,PS,PS,PS,PS,PS,PS,PS,PS,PS,PS,PS,PS,PS,PS,PS,PS,PS,PS,PS,PS,PS,PS,PS,PS,PS,PS,PS,PS,PS,PS,PS,PS,PS,PS,PS,PS,PS,PS,PS,PS,PS,PS,PS,PS,PS,PS,PS,PS,PS,PS,PS,PS,PS,PS,PS,PS,PS,PS,PS,PS,PS,PS,PS,PS,PS,PS,0,PS,PS,PS,PS,PS,PS,PS,PS,PS,PS,PS,PS,PS,PS,PS,PS,PS,PS,PS,PS,PS,PS,PS,PS,PS,PS,PS,PS,PS,PS,PS,PS,PS,PS,PS,PS,PS,1,PS,PS,PS,PS,PS,PS,PS,PS,PS,PS,PS,PS,PS,PS,43799,83343,60801,111527
171100,002290,Michigan State University,Public,1,5208,Finance and Financial Management Services.,3,Bachelor's Degree,361,350,270,21886,23250,267,21427,22500,113,59385,57628,111,59251,56786,210,21853,23250,209,21343,23239,90,PS,64587,90,PS,58858,60,22004,21750,58,21730,21125,23,45171,38891,21,47503,41630,91,24057,25250,89,23807,25500,28,PS,39012,28,PS,39012,179,20783,22250,178,20237,21375,85,61760,67697,83,61638,59511,685,675,246,239,6,249,260,61907,3,184,199,60219,191,<=0.10,<=0.10,<=0.10,<=0.10,<=0.10,0.50 - 0.59,0.20 - 0.29,<=0.10,193,<=0.10,<=0.10,<=0.10,<=0.10,<=0.10,0.40 - 0.49,0.20 - 0.29,<=0.10,101,62990,252,69550,266,67643,86,69603,202,66016,182,173,83,63728,119,68918,159,64540,43,70264,4,352,68103,318,PS,199,9,313,102017,175,75,73925,121,81796,150,76357,45,85090,PS,109,239,<=0.05,<=0.05,0.50 - 0.54,<=0.05,<=0.05,0.25 - 0.29,0.10 - 0.14,<=0.05,193,<=0.10,<=0.10,0.30 - 0.39,<=0.10,<=0.10,0.20 - 0.29,0.30 - 0.39,<=0.10,1,10,194,99263,184,73,97246,120,100033,151,96810,43,102517,18,116,43799,83343,60801,111527
171128,002292,Michigan Technological University,Public,1,5208,Finance and Financial Management Services.,3,Bachelor's Degree,13,15,17,PS,PS,17,PS,PS,PS,PS,PS,PS,PS,PS,PS,PS,PS,PS,PS,PS,PS,PS,PS,PS,PS,PS,PS,PS,PS,PS,PS,PS,PS,PS,PS,PS,PS,PS,PS,PS,PS,PS,PS,PS,PS,PS,PS,PS,PS,PS,PS,PS,PS,PS,PS,PS,PS,PS,PS,PS,PS,PS,PS,PS,PS,PS,0,16,18,43585,1,9,11,42774,17,PS,PS,PS,PS,PS,PS,PS,PS,16,PS,PS,PS,PS,PS,PS,PS,PS,PS,PS,PS,PS,PS,PS,PS,PS,PS,PS,PS,PS,PS,PS,PS,PS,PS,PS,PS,PS,0,PS,PS,PS,PS,PS,1,PS,PS,PS,PS,PS,PS,PS,PS,PS,PS,PS,PS,PS,20,PS,PS,PS,PS,PS,PS,PS,PS,16,PS,PS,PS,PS,PS,PS,PS,PS,1,2,PS,PS,PS,PS,PS,PS,PS,PS,PS,PS,PS,PS,PS,43799,83343,60801,111527
171137,002326,University of Michigan-Dearborn,Public,1,5208,Finance and Financial Management Services.,3,Bachelor's Degree,66,79,80,PS,22150,80,PS,18875,17,17130,PS,16,18106,PS,57,PS,23625,57,PS,20875,PS,PS,PS,PS,PS,PS,23,PS,19000,23,PS,18750,PS,PS,PS,PS,PS,PS,57,PS,23625,57,PS,21390,PS,PS,PS,PS,PS,PS,23,PS,17500,23,PS,15312,PS,PS,PS,PS,PS,PS,PS,PS,235,200,3,59,66,55150,4,64,74,54252,70,<=0.20,<=0.20,<=0.20,<=0.20,0.20 - 0.39,0.20 - 0.39,<=0.20,<=0.20,83,<=0.20,<=0.20,<=0.20,<=0.20,<=0.20,0.20 - 0.39,<=0.20,<=0.20,57,56888,26,59261,59,59530,23,53994,78,63865,72,61,55,63113,23,64837,50,67222,28,51940,5,83,58438,69,PS,67,3,71,85068,PS,55,71552,22,69029,50,73319,27,53513,PS,69,75,<=0.20,<=0.20,0.40 - 0.59,<=0.20,<=0.20,<=0.20,<=0.20,<=0.20,83,<=0.20,<=0.20,0.60 - 0.79,<=0.20,<=0.20,<=0.20,0.20 - 0.39,<=0.20,1,5,77,84575,68,55,79937,23,95253,53,93865,25,69880,PS,72,43799,83343,60801,111527
171146,002327,University of Michigan-Flint,Public,1,5208,Finance and Financial Management Services.,3,Bachelor's Degree,34,31,29,27802,25930,26,26282,25311,PS,PS,PS,PS,PS,PS,PS,PS,PS,PS,PS,PS,PS,PS,PS,PS,PS,PS,PS,PS,PS,PS,PS,PS,PS,PS,PS,PS,PS,PS,PS,PS,PS,PS,PS,PS,PS,PS,PS,PS,PS,PS,PS,PS,PS,PS,PS,PS,PS,PS,PS,PS,PS,PS,PS,PS,275,268,0,29,31,47683,1,22,23,46087,33,PS,PS,PS,PS,PS,0.40 - 0.59,PS,PS,33,PS,PS,PS,PS,PS,0.20 - 0.39,PS,PS,PS,PS,PS,PS,PS,PS,PS,PS,24,52328,23,24,17,51330,PS,PS,PS,PS,PS,PS,4,28,49650,22,PS,25,1,31,68826,PS,18,65458,PS,PS,PS,PS,PS,PS,PS,24,29,PS,PS,PS,PS,PS,PS,PS,PS,33,PS,PS,0.40 - 0.59,PS,PS,PS,PS,PS,3,1,25,76488,24,PS,PS,PS,PS,PS,PS,PS,PS,PS,26,43799,83343,60801,111527
171456,002301,Northern Michigan University,Public,1,5208,Finance and Financial Management Services.,3,Bachelor's Degree,16,25,22,18579,19219,21,19077,20651,PS,PS,PS,PS,PS,PS,PS,PS,PS,PS,PS,PS,PS,PS,PS,PS,PS,PS,PS,PS,PS,PS,PS,PS,PS,PS,PS,PS,PS,PS,PS,PS,PS,PS,PS,PS,PS,PS,PS,PS,PS,PS,PS,PS,PS,PS,PS,PS,PS,PS,PS,PS,PS,PS,PS,PS,204,219,1,22,23,44975,0,20,21,46087,27,PS,PS,PS,PS,PS,0.40 - 0.59,PS,PS,19,PS,PS,PS,PS,PS,PS,PS,PS,PS,PS,PS,PS,PS,PS,PS,PS,19,51392,20,19,PS,PS,PS,PS,PS,PS,PS,PS,2,19,57281,17,PS,PS,0,24,63730,PS,PS,PS,PS,PS,PS,PS,PS,PS,PS,PS,23,PS,PS,0.40 - 0.59,PS,PS,PS,PS,PS,19,PS,PS,PS,PS,PS,PS,PS,PS,1,0,22,68536,20,PS,PS,PS,PS,PS,PS,PS,PS,PS,PS,43799,83343,60801,111527
171492,004072,Northwood University,"Private, nonprofit",1,5208,Finance and Financial Management Services.,3,Bachelor's Degree,44,57,59,22742,23250,58,21084,19500,18,35924,PS,17,36103,PS,47,PS,PS,47,PS,PS,PS,PS,PS,PS,PS,PS,12,27615,PS,11,25362,PS,PS,PS,PS,PS,PS,PS,31,24472,23250,30,23107,21125,PS,PS,PS,PS,PS,PS,28,PS,22640,28,PS,19500,PS,PS,PS,PS,PS,PS,PS,PS,246,207,2,51,54,46230,1,39,43,48823,51,<=0.20,<=0.20,<=0.20,<=0.20,0.20 - 0.39,0.40 - 0.59,<=0.20,<=0.20,52,<=0.20,<=0.20,<=0.20,<=0.20,<=0.20,0.40 - 0.59,<=0.20,<=0.20,25,56396,20,60594,PS,PS,PS,PS,51,57193,47,44,32,57589,19,54165,38,59067,PS,PS,4,46,56940,41,PS,40,1,43,67477,PS,28,71999,20,64312,37,68867,PS,PS,PS,35,49,PS,PS,0.40 - 0.59,PS,<=0.20,PS,PS,PS,52,<=0.20,<=0.20,0.20 - 0.39,<=0.20,<=0.20,0.20 - 0.39,0.20 - 0.39,<=0.20,2,1,50,82036,49,31,86794,19,77688,PS,PS,PS,PS,PS,39,43799,83343,60801,111527
171571,002307,Oakland University,Public,1,5208,Finance and Financial Management Services.,3,Bachelor's Degree,111,96,118,23659,23944,113,22356,22423,31,24692,17876,28,21126,12965,80,23338,22461,75,22514,22259,PS,PS,PS,PS,PS,PS,38,PS,25000,38,PS,23944,PS,PS,PS,PS,PS,PS,67,24956,24657,64,23521,23944,13,16597,PS,12,11641,PS,51,21955,22423,49,20835,22259,18,30538,PS,16,28240,PS,213,154,254,238,3,129,140,48900,4,75,79,59982,85,<=0.20,<=0.20,0.20 - 0.39,<=0.20,<=0.20,0.20 - 0.39,<=0.20,<=0.20,78,<=0.20,<=0.20,0.20 - 0.39,<=0.20,<=0.20,0.20 - 0.39,0.20 - 0.39,<=0.20,79,59868,70,64761,105,62561,44,61522,77,68895,73,69,49,66290,29,72211,62,71107,16,52905,2,150,61804,132,PS,143,5,161,79127,PS,45,74625,27,84694,60,82233,PS,PS,PS,62,111,<=0.10,<=0.10,0.50 - 0.59,<=0.10,<=0.10,0.10 - 0.19,0.10 - 0.19,<=0.10,78,<=0.20,<=0.20,0.40 - 0.59,<=0.20,<=0.20,<=0.20,0.20 - 0.39,<=0.20,1,5,75,91917,69,46,85169,29,99750,PS,PS,PS,PS,PS,64,43799,83343,60801,111527
171599,002308,The University of Olivet,"Private, nonprofit",1,5208,Finance and Financial Management Services.,3,Bachelor's Degree,3,3,PS,PS,PS,PS,PS,PS,PS,PS,PS,PS,PS,PS,PS,PS,PS,PS,PS,PS,PS,PS,PS,PS,PS,PS,PS,PS,PS,PS,PS,PS,PS,PS,PS,PS,PS,PS,PS,PS,PS,PS,PS,PS,PS,PS,PS,PS,PS,PS,PS,PS,PS,PS,PS,PS,PS,PS,PS,PS,PS,PS,PS,PS,PS,PS,1,PS,PS,PS,PS,PS,PS,PS,12,PS,PS,PS,PS,PS,PS,PS,PS,PS,PS,PS,PS,PS,PS,PS,PS,PS,PS,PS,PS,PS,PS,PS,PS,PS,PS,PS,PS,PS,PS,PS,PS,PS,PS,PS,PS,PS,0,PS,PS,PS,PS,PS,0,PS,PS,PS,PS,PS,PS,PS,PS,PS,PS,PS,PS,PS,PS,PS,PS,PS,PS,PS,PS,PS,PS,PS,PS,PS,PS,PS,PS,PS,PS,PS,1,0,PS,PS,PS,PS,PS,PS,PS,PS,PS,PS,PS,PS,PS,43799,83343,60801,111527
172051,002314,Saginaw Valley State University,Public,1,5208,Finance and Financial Management Services.,3,Bachelor's Degree,40,33,31,PS,21250,31,PS,18300,PS,PS,PS,PS,PS,PS,19,PS,PS,19,PS,PS,PS,PS,PS,PS,PS,PS,12,PS,PS,12,PS,PS,PS,PS,PS,PS,PS,PS,15,PS,PS,15,PS,PS,PS,PS,PS,PS,PS,PS,16,PS,PS,16,PS,PS,PS,PS,PS,PS,PS,PS,PS,PS,225,194,1,23,26,36038,0,23,23,48432,32,PS,PS,PS,PS,PS,0.40 - 0.59,PS,PS,22,PS,PS,PS,PS,PS,PS,PS,PS,PS,PS,PS,PS,PS,PS,PS,PS,22,52465,19,18,PS,PS,PS,PS,PS,PS,PS,PS,1,31,46284,30,PS,30,1,26,65610,PS,PS,PS,PS,PS,PS,PS,PS,PS,PS,22,27,PS,PS,PS,PS,PS,PS,PS,PS,22,PS,PS,PS,PS,PS,PS,PS,PS,1,1,22,75671,22,PS,PS,PS,PS,PS,PS,PS,PS,PS,21,43799,83343,60801,111527
172334,002318,Spring Arbor University,"Private, nonprofit",1,5208,Finance and Financial Management Services.,3,Bachelor's Degree,8,16,11,PS,PS,11,PS,PS,PS,PS,PS,PS,PS,PS,PS,PS,PS,PS,PS,PS,PS,PS,PS,PS,PS,PS,PS,PS,PS,PS,PS,PS,PS,PS,PS,PS,PS,PS,PS,PS,PS,PS,PS,PS,PS,PS,PS,PS,PS,PS,PS,PS,PS,PS,PS,PS,PS,PS,PS,PS,PS,PS,PS,PS,PS,PS,0,PS,PS,PS,PS,PS,PS,PS,PS,PS,PS,PS,PS,PS,PS,PS,PS,11,PS,PS,PS,PS,PS,PS,PS,PS,PS,PS,PS,PS,PS,PS,PS,PS,PS,PS,PS,PS,PS,PS,PS,PS,PS,PS,PS,PS,1,PS,PS,PS,PS,PS,0,PS,PS,PS,PS,PS,PS,PS,PS,PS,PS,PS,PS,PS,PS,PS,PS,PS,PS,PS,PS,PS,PS,11,PS,PS,PS,PS,PS,PS,PS,PS,1,0,PS,PS,PS,PS,PS,PS,PS,PS,PS,PS,PS,PS,PS,43799,83343,60801,111527
172608,004071,Walsh College,"Private, nonprofit",1,5208,Finance and Financial Management Services.,3,Bachelor's Degree,35,31,50,18262,14012,44,14367,13284,PS,PS,PS,PS,PS,PS,30,16304,13175,25,14061,13569,PS,PS,PS,PS,PS,PS,20,21198,15203,19,14770,12800,PS,PS,PS,PS,PS,PS,37,17655,PS,34,13363,PS,PS,PS,PS,PS,PS,PS,13,19989,PS,10,17784,PS,PS,PS,PS,PS,PS,PS,PS,PS,149,141,3,66,67,51587,2,47,54,46673,53,<=0.20,<=0.20,0.20 - 0.39,<=0.20,0.20 - 0.39,0.40 - 0.59,<=0.20,<=0.20,53,<=0.20,<=0.20,0.20 - 0.39,<=0.20,<=0.20,0.20 - 0.39,<=0.20,<=0.20,PS,PS,PS,PS,34,58854,20,56025,61,59679,55,51,48,54879,PS,PS,42,62351,21,50372,3,54,58735,48,PS,51,4,75,76597,PS,45,60283,PS,PS,39,63859,PS,PS,PS,55,45,PS,PS,0.20 - 0.39,PS,PS,0.20 - 0.39,PS,PS,53,<=0.20,<=0.20,0.40 - 0.59,<=0.20,<=0.20,<=0.20,<=0.20,<=0.20,3,5,60,72848,51,PS,PS,PS,PS,40,82843,20,64826,PS,57,43799,83343,60801,111527
172644,002329,Wayne State University,Public,1,5208,Finance and Financial Management Services.,3,Bachelor's Degree,168,155,150,22533,21500,144,19759,18507,23,25402,20182,19,25693,21247,112,21879,21000,107,19924,18750,PS,PS,PS,PS,PS,PS,38,24459,21500,37,19283,17956,PS,PS,PS,PS,PS,PS,95,24064,21500,91,20776,20000,10,15930,PS,PS,PS,PS,55,19888,20793,53,18014,16750,13,PS,PS,PS,PS,PS,240,253,228,196,0,88,96,52667,4,65,68,51690,83,<=0.20,<=0.20,0.20 - 0.39,<=0.20,0.20 - 0.39,<=0.20,<=0.20,<=0.20,71,<=0.20,<=0.20,<=0.20,<=0.20,0.20 - 0.39,0.20 - 0.39,<=0.20,<=0.20,100,55762,53,57958,115,57635,39,50745,72,55884,64,62,59,51840,PS,PS,46,60554,25,52121,8,152,56804,130,PS,138,9,139,74703,PS,57,59381,PS,PS,46,62694,23,65577,PS,57,107,<=0.10,<=0.10,0.60 - 0.69,<=0.10,0.10 - 0.19,0.10 - 0.19,<=0.10,<=0.10,71,<=0.20,<=0.20,0.40 - 0.59,<=0.20,0.20 - 0.39,<=0.20,<=0.20,<=0.20,1,8,72,73338,63,PS,PS,PS,PS,49,73512,23,65568,PS,58,43799,83343,60801,111527
172699,002330,Western Michigan University,Public,1,5208,Finance and Financial Management Services.,3,Bachelor's Degree,194,237,136,24942,26031,135,22721,25000,28,31569,19536,26,30765,17206,109,25099,26000,108,22869,24199,PS,PS,PS,PS,PS,PS,27,PS,26556,27,PS,26000,PS,PS,PS,PS,PS,PS,68,28180,26879,67,24882,25000,18,26815,PS,PS,PS,PS,68,PS,25625,68,PS,22000,10,40126,PS,PS,PS,PS,232,205,276,265,3,126,141,44347,2,81,90,46087,123,<=0.10,<=0.10,0.10 - 0.19,<=0.10,0.20 - 0.29,0.40 - 0.49,0.10 - 0.19,<=0.10,103,<=0.10,<=0.10,0.20 - 0.29,<=0.10,0.10 - 0.19,0.30 - 0.39,0.10 - 0.19,<=0.10,66,43192,85,57454,125,50075,28,52409,90,52426,85,82,56,51811,33,56950,69,52014,21,47662,4,152,50787,125,PS,112,3,150,72353,PS,51,60392,33,69821,64,64906,20,56713,PS,63,123,<=0.10,<=0.10,0.50 - 0.59,<=0.10,0.10 - 0.19,0.10 - 0.19,0.10 - 0.19,<=0.10,103,<=0.10,<=0.10,0.50 - 0.59,<=0.10,<=0.10,0.10 - 0.19,0.10 - 0.19,<=0.10,2,4,85,70882,75,50,66794,35,72542,66,72305,19,67103,PS,62,43799,83343,60801,111527
173045,002334,Augsburg University,"Private, nonprofit",1,5208,Finance and Financial Management Services.,3,Bachelor's Degree,26,28,47,27189,27000,43,26025,27000,PS,PS,PS,PS,PS,PS,33,27558,PS,29,27790,PS,PS,PS,PS,PS,PS,PS,14,PS,PS,14,PS,PS,PS,PS,PS,PS,PS,PS,33,29603,PS,30,27379,PS,PS,PS,PS,PS,PS,PS,14,21496,PS,13,22899,PS,PS,PS,PS,PS,PS,PS,PS,PS,286,286,1,34,35,48192,0,54,55,47729,48,PS,PS,PS,PS,PS,0.40 - 0.59,PS,PS,58,<=0.20,<=0.20,<=0.20,<=0.20,<=0.20,0.40 - 0.59,<=0.20,<=0.20,PS,PS,PS,PS,PS,PS,PS,PS,48,59306,48,48,37,59177,PS,PS,29,63021,19,52378,3,43,63598,43,PS,41,2,45,79809,PS,38,64071,PS,PS,30,66342,18,53471,PS,45,37,PS,PS,0.60 - 0.79,PS,PS,PS,PS,PS,58,<=0.20,<=0.20,0.40 - 0.59,<=0.20,<=0.20,<=0.20,<=0.20,<=0.20,1,0,52,73381,52,PS,PS,PS,PS,30,83617,22,69565,PS,47,43799,83343,60801,111527
173160,009058,Bethel University,"Private, nonprofit",1,5208,Finance and Financial Management Services.,3,Bachelor's Degree,1,2,PS,PS,PS,PS,PS,PS,PS,PS,PS,PS,PS,PS,PS,PS,PS,PS,PS,PS,PS,PS,PS,PS,PS,PS,PS,PS,PS,PS,PS,PS,PS,PS,PS,PS,PS,PS,PS,PS,PS,PS,PS,PS,PS,PS,PS,PS,PS,PS,PS,PS,PS,PS,PS,PS,PS,PS,PS,PS,PS,PS,PS,PS,PS,PS,PS,PS,PS,PS,,,,,PS,PS,PS,PS,PS,PS,PS,PS,PS,PS,PS,PS,PS,PS,PS,PS,PS,PS,PS,PS,PS,PS,PS,PS,PS,PS,PS,PS,PS,PS,PS,PS,PS,PS,PS,PS,PS,PS,1,PS,PS,PS,PS,PS,PS,PS,PS,PS,PS,PS,PS,PS,PS,PS,PS,PS,PS,PS,PS,PS,PS,PS,PS,PS,PS,PS,PS,PS,PS,PS,PS,PS,PS,PS,PS,PS,3,PS,PS,PS,PS,PS,PS,PS,PS,PS,PS,PS,PS,PS,PS,PS,PS,PS,PS
173300,002346,Concordia College at Moorhead,"Private, nonprofit",1,5208,Finance and Financial Management Services.,3,Bachelor's Degree,13,16,16,PS,PS,16,PS,PS,PS,PS,PS,PS,PS,PS,PS,PS,PS,PS,PS,PS,PS,PS,PS,PS,PS,PS,PS,PS,PS,PS,PS,PS,PS,PS,PS,PS,PS,PS,PS,PS,PS,PS,PS,PS,PS,PS,PS,PS,PS,PS,PS,PS,PS,PS,PS,PS,PS,PS,PS,PS,PS,PS,PS,PS,PS,PS,0,PS,PS,PS,PS,PS,PS,PS,PS,PS,PS,PS,PS,PS,PS,PS,PS,PS,PS,PS,PS,PS,PS,PS,PS,PS,PS,PS,PS,PS,PS,PS,PS,PS,PS,PS,PS,PS,PS,PS,PS,PS,PS,PS,PS,PS,0,16,59104,PS,PS,PS,0,PS,PS,PS,PS,PS,PS,PS,PS,PS,PS,PS,PS,PS,13,PS,PS,PS,PS,PS,PS,PS,PS,PS,PS,PS,PS,PS,PS,PS,PS,PS,1,0,PS,PS,PS,PS,PS,PS,PS,PS,PS,PS,PS,PS,PS,43799,83343,60801,111527
173328,002347,Concordia University-Saint Paul,"Private, nonprofit",1,5208,Finance and Financial Management Services.,3,Bachelor's Degree,6,9,PS,PS,PS,PS,PS,PS,PS,PS,PS,PS,PS,PS,PS,PS,PS,PS,PS,PS,PS,PS,PS,PS,PS,PS,PS,PS,PS,PS,PS,PS,PS,PS,PS,PS,PS,PS,PS,PS,PS,PS,PS,PS,PS,PS,PS,PS,PS,PS,PS,PS,PS,PS,PS,PS,PS,PS,PS,PS,PS,PS,PS,PS,PS,PS,2,PS,PS,PS,PS,PS,PS,PS,PS,PS,PS,PS,PS,PS,PS,PS,PS,PS,PS,PS,PS,PS,PS,PS,PS,PS,PS,PS,PS,PS,PS,PS,PS,PS,PS,PS,PS,PS,PS,PS,PS,PS,PS,PS,PS,PS,0,PS,PS,PS,PS,PS,0,PS,PS,PS,PS,PS,PS,PS,PS,PS,PS,PS,PS,PS,11,PS,PS,PS,PS,PS,PS,PS,PS,PS,PS,PS,PS,PS,PS,PS,PS,PS,1,0,PS,PS,PS,PS,PS,PS,PS,PS,PS,PS,PS,PS,PS,43799,83343,60801,111527
173665,002354,Hamline University,"Private, nonprofit",1,5208,Finance and Financial Management Services.,3,Bachelor's Degree,18,11,PS,PS,PS,PS,PS,PS,PS,PS,PS,PS,PS,PS,PS,PS,PS,PS,PS,PS,PS,PS,PS,PS,PS,PS,PS,PS,PS,PS,PS,PS,PS,PS,PS,PS,PS,PS,PS,PS,PS,PS,PS,PS,PS,PS,PS,PS,PS,PS,PS,PS,PS,PS,PS,PS,PS,PS,PS,PS,PS,PS,PS,PS,PS,PS,0,PS,PS,PS,0,15,16,44942,PS,PS,PS,PS,PS,PS,PS,PS,PS,14,PS,PS,PS,PS,PS,PS,PS,PS,PS,PS,PS,PS,PS,PS,PS,PS,PS,PS,PS,PS,PS,PS,PS,PS,PS,PS,PS,PS,PS,PS,PS,PS,PS,PS,0,PS,PS,PS,PS,PS,PS,PS,PS,PS,PS,PS,PS,PS,PS,PS,PS,PS,PS,PS,PS,PS,PS,14,PS,PS,PS,PS,PS,PS,PS,PS,1,1,PS,PS,PS,PS,PS,PS,PS,PS,PS,PS,PS,PS,PS,PS,PS,PS,PS
173920,002360,Minnesota State University-Mankato,Public,1,5208,Finance and Financial Management Services.,3,Bachelor's Degree,104,94,96,22048,24233,95,20017,21492,17,17194,PS,16,14149,PS,63,22294,24939,62,20561,22168,PS,PS,PS,PS,PS,PS,33,PS,23642,33,PS,20003,PS,PS,PS,PS,PS,PS,35,PS,24850,35,PS,22150,PS,PS,PS,PS,PS,PS,61,21392,23642,60,19320,19751,PS,PS,PS,PS,PS,PS,PS,PS,257,228,1,109,112,49390,0,89,93,51083,105,<=0.10,<=0.10,0.10 - 0.19,<=0.10,0.10 - 0.19,0.40 - 0.49,0.10 - 0.19,<=0.10,86,<=0.20,<=0.20,<=0.20,<=0.20,<=0.20,0.40 - 0.59,<=0.20,<=0.20,36,49643,61,51973,65,49040,32,56362,92,58122,91,89,44,54890,48,60171,75,58401,19,57373,1,97,51248,82,PS,82,1,99,74852,PS,44,62741,51,71840,78,70004,17,62187,PS,76,90,<=0.20,<=0.20,0.40 - 0.59,<=0.20,<=0.20,<=0.20,<=0.20,<=0.20,86,<=0.20,<=0.20,0.40 - 0.59,<=0.20,<=0.20,<=0.20,<=0.20,<=0.20,1,3,92,79469,86,40,65848,52,82524,76,80176,16,68954,PS,75,43799,83343,60801,111527
174020,010374,Metropolitan State University,Public,1,5208,Finance and Financial Management Services.,3,Bachelor's Degree,53,47,65,31513,31000,54,21762,18750,PS,PS,PS,PS,PS,PS,38,31159,31000,31,22881,20420,PS,PS,PS,PS,PS,PS,27,32011,31070,23,20255,16150,PS,PS,PS,PS,PS,PS,50,33028,PS,43,22288,PS,PS,PS,PS,PS,PS,PS,15,26463,PS,11,19707,PS,PS,PS,PS,PS,PS,PS,PS,PS,329,199,2,56,60,51049,0,58,62,45891,47,PS,PS,0.20 - 0.39,PS,PS,0.20 - 0.39,PS,PS,41,PS,PS,PS,PS,0.20 - 0.39,0.20 - 0.39,PS,PS,PS,PS,PS,PS,37,48129,25,56974,61,50274,55,50,47,48060,PS,PS,42,49955,18,51011,4,63,51544,49,PS,58,3,68,74237,PS,48,56503,PS,PS,42,57323,18,58744,PS,57,48,PS,PS,0.40 - 0.59,PS,PS,0.20 - 0.39,PS,PS,41,PS,PS,0.40 - 0.59,PS,PS,PS,PS,PS,3,5,57,62374,50,PS,PS,PS,PS,40,61223,17,63450,PS,55,43799,83343,60801,111527
174066,003969,University of Minnesota-Twin Cities,Public,1,5208,Finance and Financial Management Services.,3,Bachelor's Degree,328,339,270,20110,21500,266,19546,20500,71,40181,34574,70,39394,31582,207,20244,21500,205,19530,20500,54,39996,PS,53,39211,PS,63,19668,20500,61,19600,20500,17,PS,PS,17,PS,PS,78,21430,21260,77,20173,20682,20,PS,21383,20,PS,16399,192,19573,21500,189,19290,20500,51,46627,45000,50,47211,45115,411,376,228,217,1,231,235,62103,3,141,144,64659,184,<=0.10,<=0.10,0.10 - 0.19,<=0.10,<=0.10,0.50 - 0.59,0.20 - 0.29,<=0.10,146,<=0.10,<=0.10,<=0.10,<=0.10,<=0.10,0.40 - 0.49,0.40 - 0.49,<=0.10,94,69230,191,68738,212,68541,72,70890,153,76219,146,141,48,71867,105,77371,121,75993,31,77190,4,285,69094,272,PS,220,3,281,98279,PS,45,79415,101,91250,117,84737,30,91114,PS,91,260,<=0.05,<=0.05,0.45 - 0.49,<=0.05,0.05 - 0.09,0.20 - 0.24,0.15 - 0.19,<=0.05,146,<=0.10,<=0.10,0.20 - 0.29,<=0.10,<=0.10,0.20 - 0.29,0.50 - 0.59,<=0.10,3,6,140,102887,135,44,98858,97,104409,111,101886,29,105179,PS,87,43799,83343,60801,111527
174075,004069,University of Minnesota-Crookston,Public,1,5208,Finance and Financial Management Services.,3,Bachelor's Degree,36,23,27,24017,24808,24,16939,12750,PS,PS,PS,PS,PS,PS,13,17955,PS,11,13572,PS,PS,PS,PS,PS,PS,PS,14,29646,PS,13,19787,PS,PS,PS,PS,PS,PS,PS,PS,PS,PS,PS,PS,PS,PS,PS,PS,PS,PS,PS,PS,PS,PS,PS,PS,PS,PS,PS,PS,PS,PS,PS,PS,PS,263,135,0,27,31,47260,0,11,11,48849,24,PS,PS,PS,PS,PS,0.40 - 0.59,PS,PS,19,PS,PS,PS,PS,PS,PS,PS,PS,PS,PS,PS,PS,PS,PS,PS,PS,PS,PS,PS,PS,PS,PS,PS,PS,PS,PS,PS,PS,3,26,48276,21,PS,PS,0,29,69866,PS,PS,PS,PS,PS,PS,PS,PS,PS,PS,PS,23,PS,PS,0.40 - 0.59,PS,PS,PS,PS,PS,19,PS,PS,PS,PS,PS,PS,PS,PS,3,0,PS,PS,PS,PS,PS,PS,PS,PS,PS,PS,PS,PS,PS,43799,83343,60801,111527
174233,002388,University of Minnesota-Duluth,Public,1,5208,Finance and Financial Management Services.,3,Bachelor's Degree,117,108,165,20969,23750,160,20429,21800,33,34803,31248,31,36533,32062,131,20945,23750,127,20359,21500,PS,PS,PS,PS,PS,PS,34,21063,23875,33,20695,23250,PS,PS,PS,PS,PS,PS,44,20128,19975,43,18582,17750,PS,PS,PS,PS,PS,PS,121,21275,25000,117,21107,23745,PS,PS,PS,PS,PS,PS,372,381,252,231,0,113,120,47744,0,88,90,53244,97,<=0.20,<=0.20,0.20 - 0.39,<=0.20,<=0.20,0.40 - 0.59,<=0.20,<=0.20,94,<=0.20,<=0.20,<=0.20,<=0.20,<=0.20,0.40 - 0.59,0.20 - 0.39,<=0.20,51,52257,118,52013,134,51674,35,52979,88,62864,87,83,38,58053,50,63385,65,63901,23,60791,0,169,51953,148,PS,136,2,169,73979,PS,37,68801,47,74330,61,70502,23,71900,PS,70,143,<=0.10,<=0.10,0.50 - 0.59,<=0.10,<=0.10,0.20 - 0.29,0.10 - 0.19,<=0.10,94,<=0.20,<=0.20,0.20 - 0.39,<=0.20,<=0.20,0.20 - 0.39,0.20 - 0.39,<=0.20,1,0,87,81046,81,39,79795,48,81159,65,81884,21,78955,PS,70,43799,83343,60801,111527
174358,002367,Minnesota State University Moorhead,Public,1,5208,Finance and Financial Management Services.,3,Bachelor's Degree,29,25,29,23576,22300,28,20594,18099,PS,PS,PS,PS,PS,PS,18,25155,PS,17,22431,PS,PS,PS,PS,PS,PS,PS,11,PS,PS,11,PS,PS,PS,PS,PS,PS,PS,PS,16,26162,PS,15,24295,PS,PS,PS,PS,PS,PS,PS,13,PS,PS,13,PS,PS,PS,PS,PS,PS,PS,PS,PS,PS,236,192,0,21,23,39482,1,17,19,43240,26,PS,PS,PS,PS,PS,0.40 - 0.59,PS,PS,19,PS,PS,PS,PS,PS,PS,PS,PS,PS,PS,PS,PS,PS,PS,PS,PS,19,43309,19,16,PS,PS,PS,PS,PS,PS,PS,PS,0,30,48121,28,PS,PS,1,30,67054,PS,PS,PS,PS,PS,PS,PS,PS,PS,PS,PS,22,PS,PS,PS,PS,PS,PS,PS,PS,19,PS,PS,PS,PS,PS,PS,PS,PS,1,0,20,57924,PS,PS,PS,PS,PS,PS,PS,PS,PS,PS,PS,43799,83343,60801,111527
174491,002371,University of Northwestern-St Paul,"Private, nonprofit",1,5208,Finance and Financial Management Services.,3,Bachelor's Degree,10,6,11,PS,PS,11,PS,PS,PS,PS,PS,PS,PS,PS,PS,PS,PS,PS,PS,PS,PS,PS,PS,PS,PS,PS,PS,PS,PS,PS,PS,PS,PS,PS,PS,PS,PS,PS,PS,PS,PS,PS,PS,PS,PS,PS,PS,PS,PS,PS,PS,PS,PS,PS,PS,PS,PS,PS,PS,PS,PS,PS,PS,PS,PS,PS,0,PS,PS,PS,PS,PS,PS,PS,PS,PS,PS,PS,PS,PS,PS,PS,PS,PS,PS,PS,PS,PS,PS,PS,PS,PS,PS,PS,PS,PS,PS,PS,PS,PS,PS,PS,PS,PS,PS,PS,PS,PS,PS,PS,PS,PS,0,PS,PS,PS,PS,PS,0,PS,PS,PS,PS,PS,PS,PS,PS,PS,PS,PS,PS,PS,11,PS,PS,PS,PS,PS,PS,PS,PS,PS,PS,PS,PS,PS,PS,PS,PS,PS,1,0,PS,PS,PS,PS,PS,PS,PS,PS,PS,PS,PS,PS,PS,43799,83343,60801,111527
174783,002377,Saint Cloud State University,Public,1,5208,Finance and Financial Management Services.,3,Bachelor's Degree,94,73,93,24277,24250,92,22223,22250,PS,PS,PS,PS,PS,PS,66,PS,24250,66,PS,23136,PS,PS,PS,PS,PS,PS,27,21775,21050,26,21169,18750,PS,PS,PS,PS,PS,PS,43,PS,25000,43,PS,22000,PS,PS,PS,PS,PS,PS,50,22386,24053,49,20753,22500,PS,PS,PS,PS,PS,PS,PS,PS,257,236,1,96,107,42839,2,107,113,43957,105,<=0.10,<=0.10,0.10 - 0.19,<=0.10,0.10 - 0.19,0.50 - 0.59,0.10 - 0.19,<=0.10,105,<=0.10,<=0.10,0.20 - 0.29,<=0.10,0.10 - 0.19,0.30 - 0.39,0.20 - 0.29,<=0.10,40,47295,40,54977,56,54951,26,50812,111,53857,107,104,74,50735,37,63010,78,54235,33,47527,2,81,52502,71,PS,77,3,96,70259,PS,73,55599,38,74623,78,62682,31,53072,PS,97,80,<=0.20,<=0.20,0.40 - 0.59,<=0.20,<=0.20,<=0.20,<=0.20,<=0.20,105,<=0.10,<=0.10,0.50 - 0.59,<=0.10,<=0.10,0.10 - 0.19,0.20 - 0.29,<=0.10,3,2,112,68815,106,74,62327,38,84121,79,71181,PS,PS,PS,98,43799,83343,60801,111527
174817,002380,Saint Mary's University of Minnesota,"Private, nonprofit",1,5208,Finance and Financial Management Services.,3,Bachelor's Degree,16,16,23,PS,27000,23,PS,27000,PS,PS,PS,PS,PS,PS,PS,PS,PS,PS,PS,PS,PS,PS,PS,PS,PS,PS,PS,PS,PS,PS,PS,PS,PS,PS,PS,PS,PS,PS,11,PS,PS,11,PS,PS,PS,PS,PS,PS,PS,PS,12,PS,PS,12,PS,PS,PS,PS,PS,PS,PS,PS,PS,PS,286,286,0,23,25,54558,0,14,14,50856,21,PS,PS,PS,PS,PS,0.40 - 0.59,PS,PS,18,PS,PS,PS,PS,PS,PS,PS,PS,PS,PS,PS,PS,PS,PS,PS,PS,PS,PS,PS,PS,PS,PS,PS,PS,PS,PS,PS,PS,2,20,58451,17,PS,PS,0,21,74642,PS,PS,PS,PS,PS,PS,PS,PS,PS,PS,PS,22,PS,PS,PS,PS,PS,PS,PS,PS,18,PS,PS,PS,PS,PS,PS,PS,PS,1,0,PS,PS,PS,PS,PS,PS,PS,PS,PS,PS,PS,PS,PS,43799,83343,60801,111527
174899,002343,The College of Saint Scholastica,"Private, nonprofit",1,5208,Finance and Financial Management Services.,3,Bachelor's Degree,15,11,22,PS,23000,22,PS,20000,PS,PS,PS,PS,PS,PS,PS,PS,PS,PS,PS,PS,PS,PS,PS,PS,PS,PS,PS,PS,PS,PS,PS,PS,PS,PS,PS,PS,PS,PS,PS,PS,PS,PS,PS,PS,PS,PS,PS,PS,PS,PS,PS,PS,PS,PS,PS,PS,PS,PS,PS,PS,PS,PS,PS,PS,244,212,0,PS,PS,PS,1,13,13,50856,11,PS,PS,PS,PS,PS,PS,PS,PS,15,PS,PS,PS,PS,PS,PS,PS,PS,PS,PS,PS,PS,PS,PS,PS,PS,PS,PS,PS,PS,PS,PS,PS,PS,PS,PS,PS,PS,0,20,52677,18,PS,19,1,21,66210,PS,PS,PS,PS,PS,PS,PS,PS,PS,PS,PS,19,PS,PS,PS,PS,PS,PS,PS,PS,15,PS,PS,PS,PS,PS,PS,PS,PS,1,1,PS,PS,PS,PS,PS,PS,PS,PS,PS,PS,PS,PS,PS,43799,83343,60801,111527
174914,002345,University of St Thomas,"Private, nonprofit",1,5208,Finance and Financial Management Services.,3,Bachelor's Degree,175,154,148,21485,26250,147,21144,25485,20,48402,45089,19,49787,48642,122,PS,26250,122,PS,25250,PS,PS,PS,PS,PS,PS,26,20876,26189,25,21215,25485,PS,PS,PS,PS,PS,PS,41,PS,27000,41,PS,27000,PS,PS,PS,PS,PS,PS,107,20574,25485,106,20561,23875,PS,PS,PS,PS,PS,PS,536,578,278,270,1,113,117,58218,1,129,130,58293,141,<=0.10,<=0.10,<=0.10,<=0.10,<=0.10,0.60 - 0.69,0.20 - 0.29,<=0.10,121,<=0.10,<=0.10,<=0.10,<=0.10,<=0.10,0.60 - 0.69,0.20 - 0.29,<=0.10,40,65058,119,66136,129,65618,28,67408,126,69411,125,122,34,67315,92,69879,102,69912,25,67578,4,157,66006,150,PS,136,0,133,93720,PS,35,80458,92,81177,104,81612,25,76153,PS,103,124,<=0.10,<=0.10,0.40 - 0.49,<=0.10,<=0.10,0.10 - 0.19,0.20 - 0.29,<=0.10,121,<=0.10,<=0.10,0.40 - 0.49,<=0.10,<=0.10,0.20 - 0.29,0.20 - 0.29,<=0.10,1,0,125,94691,117,33,90905,92,96096,101,95665,24,86918,PS,102,43799,83343,60801,111527
175014,008694,Rasmussen University-Minnesota,"Private, for-profit",1,5208,Finance and Financial Management Services.,3,Bachelor's Degree,0,0,45,32694,31000,39,24916,24433,PS,PS,PS,PS,PS,PS,PS,29989,29933,PS,23491,PS,PS,PS,PS,PS,PS,PS,PS,34670,34956,PS,25907,PS,PS,PS,PS,PS,PS,PS,29,34058,PS,26,24755,PS,PS,PS,PS,PS,PS,PS,16,30220,PS,13,25236,PS,PS,PS,PS,PS,PS,PS,PS,PS,329,259,2,35,38,48056,0,34,35,52107,42,PS,PS,0.20 - 0.39,PS,PS,0.20 - 0.39,PS,PS,46,PS,PS,PS,PS,0.20 - 0.39,0.20 - 0.39,PS,PS,PS,PS,PS,PS,17,49180,22,46593,35,59028,33,31,26,59525,PS,PS,PS,PS,24,58429,4,39,47744,33,PS,PS,0,45,70838,PS,27,61943,PS,PS,PS,PS,23,60842,PS,PS,39,PS,PS,0.60 - 0.79,PS,PS,PS,PS,PS,46,PS,PS,0.40 - 0.59,PS,PS,PS,PS,PS,2,0,32,64173,30,PS,PS,PS,PS,PS,PS,PS,PS,PS,PS,43799,83343,60801,111527
175078,002375,Southwest Minnesota State University,Public,1,5208,Finance and Financial Management Services.,3,Bachelor's Degree,11,11,24,22170,22900,23,21245,21500,PS,PS,PS,PS,PS,PS,13,PS,PS,13,PS,PS,PS,PS,PS,PS,PS,PS,11,19452,PS,10,21172,PS,PS,PS,PS,PS,PS,PS,14,25063,PS,13,24783,PS,PS,PS,PS,PS,PS,PS,10,PS,PS,10,PS,PS,PS,PS,PS,PS,PS,PS,PS,PS,243,228,1,20,20,41644,0,23,23,43798,18,PS,PS,PS,PS,PS,PS,PS,PS,19,PS,PS,PS,PS,PS,PS,PS,PS,PS,PS,PS,PS,PS,PS,PS,PS,23,46844,23,23,PS,PS,PS,PS,PS,PS,PS,PS,1,23,47734,20,PS,17,1,21,59824,PS,17,57891,PS,PS,PS,PS,PS,PS,PS,23,28,PS,PS,0.40 - 0.59,PS,PS,PS,PS,PS,19,PS,PS,PS,PS,PS,PS,PS,PS,1,2,24,62403,22,PS,PS,PS,PS,PS,PS,PS,PS,PS,22,43799,83343,60801,111527
175272,002394,Winona State University,Public,1,5208,Finance and Financial Management Services.,3,Bachelor's Degree,33,25,36,PS,23167,36,PS,20410,PS,PS,PS,PS,PS,PS,25,PS,PS,25,PS,PS,PS,PS,PS,PS,PS,PS,11,PS,PS,11,PS,PS,PS,PS,PS,PS,PS,PS,14,PS,PS,14,PS,PS,PS,PS,PS,PS,PS,PS,22,PS,PS,22,PS,PS,PS,PS,PS,PS,PS,PS,PS,PS,246,216,0,43,44,49428,0,16,16,51392,35,PS,PS,PS,PS,PS,0.40 - 0.59,PS,PS,23,PS,PS,PS,PS,PS,PS,PS,PS,PS,PS,PS,PS,PS,PS,PS,PS,PS,PS,PS,PS,PS,PS,PS,PS,PS,PS,PS,PS,0,35,52188,32,PS,22,0,37,75807,PS,PS,PS,PS,PS,PS,PS,PS,PS,PS,PS,34,PS,PS,0.60 - 0.79,PS,PS,PS,PS,PS,23,PS,PS,0.40 - 0.59,PS,PS,PS,PS,PS,1,0,17,79334,16,PS,PS,PS,PS,PS,PS,PS,PS,PS,PS,43799,83343,60801,111527
175616,002403,Delta State University,Public,1,5208,Finance and Financial Management Services.,3,Bachelor's Degree,4,3,PS,PS,PS,PS,PS,PS,PS,PS,PS,PS,PS,PS,PS,PS,PS,PS,PS,PS,PS,PS,PS,PS,PS,PS,PS,PS,PS,PS,PS,PS,PS,PS,PS,PS,PS,PS,PS,PS,PS,PS,PS,PS,PS,PS,PS,PS,PS,PS,PS,PS,PS,PS,PS,PS,PS,PS,PS,PS,PS,PS,PS,PS,PS,PS,0,PS,PS,PS,PS,PS,PS,PS,PS,PS,PS,PS,PS,PS,PS,PS,PS,PS,PS,PS,PS,PS,PS,PS,PS,PS,PS,PS,PS,PS,PS,PS,PS,PS,PS,PS,PS,PS,PS,PS,PS,PS,PS,PS,PS,PS,0,PS,PS,PS,PS,PS,PS,PS,PS,PS,PS,PS,PS,PS,PS,PS,PS,PS,PS,PS,PS,PS,PS,PS,PS,PS,PS,PS,PS,PS,PS,PS,PS,PS,PS,PS,PS,PS,1,PS,PS,PS,PS,PS,PS,PS,PS,PS,PS,PS,PS,PS,PS,PS,PS,PS,PS
175856,002410,Jackson State University,Public,1,5208,Finance and Financial Management Services.,3,Bachelor's Degree,20,7,21,PS,26000,21,PS,26000,PS,PS,PS,PS,PS,PS,PS,PS,PS,PS,PS,PS,PS,PS,PS,PS,PS,PS,PS,PS,PS,PS,PS,PS,PS,PS,PS,PS,PS,PS,PS,PS,PS,PS,PS,PS,PS,PS,PS,PS,PS,PS,PS,PS,PS,PS,PS,PS,PS,PS,PS,PS,PS,PS,PS,PS,276,276,0,PS,PS,PS,PS,PS,PS,PS,13,PS,PS,PS,PS,PS,PS,PS,PS,10,PS,PS,PS,PS,PS,PS,PS,PS,PS,PS,PS,PS,PS,PS,PS,PS,PS,PS,PS,PS,PS,PS,PS,PS,PS,PS,PS,PS,1,19,33932,PS,PS,PS,1,19,37959,PS,PS,PS,PS,PS,PS,PS,PS,PS,PS,PS,27,PS,PS,PS,PS,PS,PS,PS,PS,10,PS,PS,PS,PS,PS,PS,PS,PS,1,1,16,63386,PS,PS,PS,PS,PS,PS,PS,PS,PS,PS,PS,43799,83343,60801,111527
176017,002440,University of Mississippi,Public,1,5208,Finance and Financial Management Services.,3,Bachelor's Degree,171,192,168,21747,24487,166,21315,24000,61,PS,55712,61,PS,55062,120,20914,23500,118,20654,23125,42,PS,59046,42,PS,59046,48,PS,26000,48,PS,25250,19,PS,49094,19,PS,41477,49,PS,25000,49,PS,25000,17,PS,PS,17,PS,PS,119,20130,24474,117,19949,23750,44,PS,PS,44,PS,PS,662,655,260,254,4,76,84,48765,3,51,54,42682,113,<=0.10,<=0.10,<=0.10,<=0.10,0.10 - 0.19,0.50 - 0.59,0.10 - 0.19,<=0.10,70,<=0.20,<=0.20,<=0.20,<=0.20,<=0.20,0.20 - 0.39,<=0.20,<=0.20,56,49445,107,53561,112,52583,51,52386,61,54406,58,54,28,55136,32,53711,32,55289,30,47910,8,163,52550,142,PS,29,1,79,80488,PS,28,57589,35,64517,34,63026,30,62779,PS,23,90,<=0.20,<=0.20,>=0.80,<=0.20,<=0.20,<=0.20,<=0.20,<=0.20,70,<=0.20,<=0.20,0.60 - 0.79,<=0.20,<=0.20,<=0.20,0.20 - 0.39,<=0.20,1,1,62,69335,59,26,65472,35,75406,33,69656,29,69505,PS,21,43799,83343,60801,111527
176053,002415,Mississippi Christian University,"Private, nonprofit",1,5208,Finance and Financial Management Services.,3,Bachelor's Degree,17,16,10,PS,PS,10,PS,PS,PS,PS,PS,PS,PS,PS,PS,PS,PS,PS,PS,PS,PS,PS,PS,PS,PS,PS,PS,PS,PS,PS,PS,PS,PS,PS,PS,PS,PS,PS,PS,PS,PS,PS,PS,PS,PS,PS,PS,PS,PS,PS,PS,PS,PS,PS,PS,PS,PS,PS,PS,PS,PS,PS,PS,PS,PS,PS,0,18,19,42645,PS,PS,PS,PS,11,PS,PS,PS,PS,PS,PS,PS,PS,PS,PS,PS,PS,PS,PS,PS,PS,PS,PS,PS,PS,PS,PS,PS,PS,PS,PS,PS,PS,PS,PS,PS,PS,PS,PS,PS,PS,PS,0,PS,PS,PS,PS,PS,1,PS,PS,PS,PS,PS,PS,PS,PS,PS,PS,PS,PS,PS,15,PS,PS,PS,PS,PS,PS,PS,PS,PS,PS,PS,PS,PS,PS,PS,PS,PS,1,1,PS,PS,PS,PS,PS,PS,PS,PS,PS,PS,PS,PS,PS,43799,83343,60801,111527
176080,002423,Mississippi State University,Public,1,5208,Finance and Financial Management Services.,3,Bachelor's Degree,114,106,89,20726,22500,88,20489,22000,18,PS,PS,18,PS,PS,65,19605,20000,64,19431,20000,PS,PS,PS,PS,PS,PS,24,PS,25688,24,PS,24658,PS,PS,PS,PS,PS,PS,31,PS,23995,31,PS,23159,PS,PS,PS,PS,PS,PS,58,19178,21000,57,19207,20500,PS,PS,PS,PS,PS,PS,PS,PS,239,233,1,78,83,40559,2,43,47,44356,69,<=0.20,<=0.20,<=0.20,<=0.20,0.20 - 0.39,0.20 - 0.39,<=0.20,<=0.20,47,PS,PS,0.20 - 0.39,PS,PS,0.20 - 0.39,PS,PS,28,47540,50,51434,53,54641,25,42571,49,51820,45,42,26,46344,23,58088,33,55382,PS,PS,4,78,50217,66,PS,40,3,80,70367,PS,26,53603,21,66995,31,65982,16,45933,PS,23,75,<=0.20,<=0.20,0.40 - 0.59,<=0.20,<=0.20,<=0.20,<=0.20,<=0.20,47,PS,PS,0.40 - 0.59,PS,PS,PS,PS,PS,1,4,47,69553,43,26,48659,21,82551,PS,PS,PS,PS,PS,23,43799,83343,60801,111527
176372,002441,University of Southern Mississippi,Public,1,5208,Finance and Financial Management Services.,3,Bachelor's Degree,28,28,16,PS,PS,16,PS,PS,PS,PS,PS,PS,PS,PS,PS,PS,PS,PS,PS,PS,PS,PS,PS,PS,PS,PS,PS,PS,PS,PS,PS,PS,PS,PS,PS,PS,PS,PS,PS,PS,PS,PS,PS,PS,PS,PS,PS,PS,PS,PS,PS,PS,PS,PS,PS,PS,PS,PS,PS,PS,PS,PS,PS,PS,PS,PS,0,PS,16,39129,1,21,21,38829,22,PS,PS,PS,PS,PS,PS,PS,PS,24,PS,PS,PS,PS,0.40 - 0.59,PS,PS,PS,PS,PS,PS,PS,PS,PS,PS,PS,20,50674,20,16,16,53762,PS,PS,16,54754,PS,PS,1,16,39444,PS,PS,PS,2,32,55959,PS,PS,PS,PS,PS,17,63290,PS,PS,PS,PS,PS,PS,PS,PS,PS,PS,PS,PS,PS,24,PS,PS,PS,PS,PS,PS,PS,PS,1,2,23,64962,21,PS,PS,PS,PS,PS,PS,PS,PS,PS,PS,43799,83343,60801,111527
176628,002449,Avila University,"Private, nonprofit",1,5208,Finance and Financial Management Services.,3,Bachelor's Degree,5,3,PS,PS,PS,PS,PS,PS,PS,PS,PS,PS,PS,PS,PS,PS,PS,PS,PS,PS,PS,PS,PS,PS,PS,PS,PS,PS,PS,PS,PS,PS,PS,PS,PS,PS,PS,PS,PS,PS,PS,PS,PS,PS,PS,PS,PS,PS,PS,PS,PS,PS,PS,PS,PS,PS,PS,PS,PS,PS,PS,PS,PS,PS,PS,PS,1,PS,PS,PS,PS,PS,PS,PS,PS,PS,PS,PS,PS,PS,PS,PS,PS,PS,PS,PS,PS,PS,PS,PS,PS,PS,PS,PS,PS,PS,PS,PS,PS,PS,PS,PS,PS,PS,PS,PS,PS,PS,PS,PS,PS,PS,0,PS,PS,PS,PS,PS,0,PS,PS,PS,PS,PS,PS,PS,PS,PS,PS,PS,PS,PS,PS,PS,PS,PS,PS,PS,PS,PS,PS,PS,PS,PS,PS,PS,PS,PS,PS,PS,3,0,PS,PS,PS,PS,PS,PS,PS,PS,PS,PS,PS,PS,PS,43799,83343,60801,111527
176965,002454,University of Central Missouri,Public,1,5208,Finance and Financial Management Services.,3,Bachelor's Degree,16,28,43,25052,22989,41,23327,20500,PS,PS,PS,PS,PS,PS,28,24555,PS,26,22364,PS,PS,PS,PS,PS,PS,PS,15,PS,PS,15,PS,PS,PS,PS,PS,PS,PS,PS,30,27055,PS,29,25427,PS,PS,PS,PS,PS,PS,PS,13,20429,PS,12,18251,PS,PS,PS,PS,PS,PS,PS,PS,PS,244,217,0,42,43,40548,0,25,26,47260,33,PS,PS,PS,PS,PS,0.40 - 0.59,PS,PS,31,PS,PS,PS,PS,PS,PS,PS,PS,PS,PS,PS,PS,PS,PS,PS,PS,26,49730,27,24,17,47323,PS,PS,16,49738,PS,PS,2,38,49785,31,PS,29,0,50,66897,PS,16,58767,PS,PS,PS,PS,PS,PS,PS,18,45,PS,PS,0.60 - 0.79,PS,PS,PS,PS,PS,31,PS,PS,0.40 - 0.59,PS,PS,PS,PS,PS,1,0,25,60813,24,PS,PS,PS,PS,PS,PS,PS,PS,PS,20,43799,83343,60801,111527
177065,002456,Columbia College,"Private, nonprofit",1,5208,Finance and Financial Management Services.,3,Bachelor's Degree,25,29,69,23439,18980,57,22416,18750,PS,PS,PS,PS,PS,PS,30,20092,16095,24,17645,14375,PS,PS,PS,PS,PS,PS,39,26013,19500,33,25887,19500,PS,PS,PS,PS,PS,PS,44,27109,22315,39,23941,PS,PS,PS,PS,PS,PS,PS,25,16980,14900,18,19114,PS,PS,PS,PS,PS,PS,PS,PS,PS,201,199,4,91,102,44904,6,61,70,44970,70,<=0.20,<=0.20,0.20 - 0.39,<=0.20,0.20 - 0.39,0.20 - 0.39,<=0.20,<=0.20,71,<=0.20,<=0.20,0.20 - 0.39,<=0.20,0.20 - 0.39,0.20 - 0.39,<=0.20,<=0.20,43,53306,24,56581,29,60280,38,39727,76,50412,69,63,55,47802,21,59178,39,58427,36,44613,1,67,56104,56,PS,28,8,84,64555,PS,50,51103,22,59359,40,62186,33,51631,PS,29,64,<=0.20,<=0.20,0.40 - 0.59,<=0.20,<=0.20,<=0.20,<=0.20,<=0.20,72,<=0.20,<=0.20,0.60 - 0.79,<=0.20,<=0.20,<=0.20,<=0.20,<=0.20,3,9,80,61765,69,60,57774,20,76469,41,70316,40,55544,PS,28,43799,83343,60801,111527
177144,002460,Culver-Stockton College,"Private, nonprofit",1,5208,Finance and Financial Management Services.,3,Bachelor's Degree,9,9,PS,22509,PS,PS,22286,PS,PS,PS,PS,PS,PS,PS,PS,PS,PS,PS,PS,PS,PS,PS,PS,PS,PS,PS,PS,PS,PS,PS,PS,PS,PS,PS,PS,PS,PS,PS,PS,PS,PS,PS,PS,PS,PS,PS,PS,PS,PS,PS,PS,PS,PS,PS,PS,PS,PS,PS,PS,PS,PS,PS,PS,PS,PS,PS,0,PS,PS,PS,PS,PS,PS,PS,10,PS,PS,PS,PS,PS,PS,PS,PS,PS,PS,PS,PS,PS,PS,PS,PS,PS,PS,PS,PS,PS,PS,PS,PS,PS,PS,PS,PS,PS,PS,PS,PS,PS,PS,PS,PS,PS,0,PS,PS,PS,PS,PS,0,PS,PS,PS,PS,PS,PS,PS,PS,PS,PS,PS,PS,PS,PS,PS,PS,PS,PS,PS,PS,PS,PS,PS,PS,PS,PS,PS,PS,PS,PS,PS,1,0,PS,PS,PS,PS,PS,PS,PS,PS,PS,PS,PS,PS,PS,43799,83343,60801,111527
177214,002461,Drury University,"Private, nonprofit",1,5208,Finance and Financial Management Services.,3,Bachelor's Degree,17,14,16,PS,PS,16,PS,PS,PS,PS,PS,PS,PS,PS,PS,PS,PS,PS,PS,PS,PS,PS,PS,PS,PS,PS,PS,PS,PS,PS,PS,PS,PS,PS,PS,PS,PS,PS,PS,PS,PS,PS,PS,PS,PS,PS,PS,PS,PS,PS,PS,PS,PS,PS,PS,PS,PS,PS,PS,PS,PS,PS,PS,PS,PS,PS,0,PS,PS,PS,0,20,22,52607,20,PS,PS,PS,PS,PS,PS,PS,PS,24,PS,PS,PS,PS,PS,0.40 - 0.59,PS,PS,PS,PS,PS,PS,PS,PS,PS,PS,25,56344,22,20,17,51425,PS,PS,16,58279,PS,PS,0,PS,PS,PS,PS,PS,3,PS,PS,PS,PS,PS,PS,PS,16,67622,PS,PS,PS,PS,12,PS,PS,PS,PS,PS,PS,PS,PS,24,PS,PS,0.40 - 0.59,PS,PS,PS,PS,PS,1,2,25,62319,21,PS,PS,PS,PS,PS,PS,PS,PS,PS,16,43799,83343,60801,111527
177339,002463,Evangel University,"Private, nonprofit",1,5208,Finance and Financial Management Services.,3,Bachelor's Degree,8,6,PS,PS,PS,PS,PS,PS,PS,PS,PS,PS,PS,PS,PS,PS,PS,PS,PS,PS,PS,PS,PS,PS,PS,PS,PS,PS,PS,PS,PS,PS,PS,PS,PS,PS,PS,PS,PS,PS,PS,PS,PS,PS,PS,PS,PS,PS,PS,PS,PS,PS,PS,PS,PS,PS,PS,PS,PS,PS,PS,PS,PS,PS,PS,PS,0,PS,PS,PS,PS,PS,PS,PS,PS,PS,PS,PS,PS,PS,PS,PS,PS,PS,PS,PS,PS,PS,PS,PS,PS,PS,PS,PS,PS,PS,PS,PS,PS,PS,PS,PS,PS,PS,PS,PS,PS,PS,PS,PS,PS,PS,0,PS,PS,PS,PS,PS,0,PS,PS,PS,PS,PS,PS,PS,PS,PS,PS,PS,PS,PS,PS,PS,PS,PS,PS,PS,PS,PS,PS,PS,PS,PS,PS,PS,PS,PS,PS,PS,1,0,PS,PS,PS,PS,PS,PS,PS,PS,PS,PS,PS,PS,PS,43799,83343,60801,111527
177551,002466,Harris-Stowe State University,Public,1,5208,Finance and Financial Management Services.,3,Bachelor's Degree,2,5,PS,PS,PS,PS,PS,PS,PS,PS,PS,PS,PS,PS,PS,PS,PS,PS,PS,PS,PS,PS,PS,PS,PS,PS,PS,PS,PS,PS,PS,PS,PS,PS,PS,PS,PS,PS,PS,PS,PS,PS,PS,PS,PS,PS,PS,PS,PS,PS,PS,PS,PS,PS,PS,PS,PS,PS,PS,PS,PS,PS,PS,PS,PS,PS,0,PS,PS,PS,PS,PS,PS,PS,PS,PS,PS,PS,PS,PS,PS,PS,PS,PS,PS,PS,PS,PS,PS,PS,PS,PS,PS,PS,PS,PS,PS,PS,PS,PS,PS,PS,PS,PS,PS,PS,PS,PS,PS,PS,PS,PS,0,PS,PS,PS,PS,PS,PS,PS,PS,PS,PS,PS,PS,PS,PS,PS,PS,PS,PS,PS,PS,PS,PS,PS,PS,PS,PS,PS,PS,PS,PS,PS,PS,PS,PS,PS,PS,PS,1,PS,PS,PS,PS,PS,PS,PS,PS,PS,PS,PS,PS,PS,PS,43799,83343,60801,111527
177968,002480,Lindenwood University,"Private, nonprofit",1,5208,Finance and Financial Management Services.,3,Bachelor's Degree,36,33,32,25039,26778,31,23763,23250,PS,PS,PS,PS,PS,PS,PS,PS,PS,PS,PS,PS,PS,PS,PS,PS,PS,PS,PS,PS,PS,PS,PS,PS,PS,PS,PS,PS,PS,PS,12,29929,PS,11,30914,PS,PS,PS,PS,PS,PS,PS,20,PS,PS,20,PS,PS,PS,PS,PS,PS,PS,PS,PS,PS,284,246,2,30,35,41170,0,14,18,40281,37,PS,PS,PS,PS,PS,0.20 - 0.39,PS,PS,25,PS,PS,PS,PS,PS,PS,PS,PS,PS,PS,PS,PS,PS,PS,PS,PS,18,48367,17,PS,PS,PS,PS,PS,PS,PS,PS,PS,0,29,45011,23,PS,PS,0,32,63077,PS,PS,PS,PS,PS,PS,PS,PS,PS,PS,PS,30,PS,PS,PS,PS,PS,PS,PS,PS,25,PS,PS,0.40 - 0.59,PS,PS,PS,PS,PS,2,0,20,64201,18,PS,PS,PS,PS,PS,PS,PS,PS,PS,PS,43799,83343,60801,111527
178059,002482,Maryville University of Saint Louis,"Private, nonprofit",1,5208,Finance and Financial Management Services.,3,Bachelor's Degree,19,15,13,PS,PS,13,PS,PS,PS,PS,PS,PS,PS,PS,PS,PS,PS,PS,PS,PS,PS,PS,PS,PS,PS,PS,PS,PS,PS,PS,PS,PS,PS,PS,PS,PS,PS,PS,PS,PS,PS,PS,PS,PS,PS,PS,PS,PS,PS,PS,PS,PS,PS,PS,PS,PS,PS,PS,PS,PS,PS,PS,PS,PS,PS,PS,1,PS,PS,PS,0,12,13,42235,12,PS,PS,PS,PS,PS,PS,PS,PS,13,PS,PS,PS,PS,PS,PS,PS,PS,PS,PS,PS,PS,PS,PS,PS,PS,PS,PS,PS,PS,PS,PS,PS,PS,PS,PS,PS,PS,1,PS,PS,PS,PS,PS,0,PS,PS,PS,PS,PS,PS,PS,PS,PS,PS,PS,PS,PS,12,PS,PS,PS,PS,PS,PS,PS,PS,13,PS,PS,PS,PS,PS,PS,PS,PS,3,0,16,67159,PS,PS,PS,PS,PS,PS,PS,PS,PS,PS,PS,43799,83343,60801,111527
178369,002489,Missouri Valley College,"Private, nonprofit",1,5208,Finance and Financial Management Services.,3,Bachelor's Degree,4,6,PS,PS,PS,PS,PS,PS,PS,PS,PS,PS,PS,PS,PS,PS,PS,PS,PS,PS,PS,PS,PS,PS,PS,PS,PS,PS,PS,PS,PS,PS,PS,PS,PS,PS,PS,PS,PS,PS,PS,PS,PS,PS,PS,PS,PS,PS,PS,PS,PS,PS,PS,PS,PS,PS,PS,PS,PS,PS,PS,PS,PS,PS,PS,PS,1,PS,PS,PS,PS,PS,PS,PS,PS,PS,PS,PS,PS,PS,PS,PS,PS,PS,PS,PS,PS,PS,PS,PS,PS,PS,PS,PS,PS,PS,PS,PS,PS,PS,PS,PS,PS,PS,PS,PS,PS,PS,PS,PS,PS,PS,0,PS,PS,PS,PS,PS,1,PS,PS,PS,PS,PS,PS,PS,PS,PS,PS,PS,PS,PS,PS,PS,PS,PS,PS,PS,PS,PS,PS,PS,PS,PS,PS,PS,PS,PS,PS,PS,3,1,PS,PS,PS,PS,PS,PS,PS,PS,PS,PS,PS,PS,PS,43799,83343,60801,111527
178387,002490,Missouri Western State University,Public,1,5208,Finance and Financial Management Services.,3,Bachelor's Degree,17,13,21,20757,21361,20,20170,19381,PS,PS,PS,PS,PS,PS,PS,PS,PS,PS,PS,PS,PS,PS,PS,PS,PS,PS,PS,PS,PS,PS,PS,PS,PS,PS,PS,PS,PS,PS,11,21912,PS,10,23203,PS,PS,PS,PS,PS,PS,PS,10,PS,PS,10,PS,PS,PS,PS,PS,PS,PS,PS,PS,PS,226,205,0,19,19,44124,2,11,13,39741,11,PS,PS,PS,PS,PS,PS,PS,PS,12,PS,PS,PS,PS,PS,PS,PS,PS,PS,PS,PS,PS,PS,PS,PS,PS,PS,PS,PS,PS,PS,PS,PS,PS,PS,PS,PS,PS,1,21,47265,16,PS,PS,0,28,67011,PS,PS,PS,PS,PS,PS,PS,PS,PS,PS,PS,20,PS,PS,PS,PS,PS,PS,PS,PS,12,PS,PS,PS,PS,PS,PS,PS,PS,2,0,PS,PS,PS,PS,PS,PS,PS,PS,PS,PS,PS,PS,PS,43799,83343,60801,111527
178396,002516,University of Missouri-Columbia,Public,1,5208,Finance and Financial Management Services.,3,Bachelor's Degree,32,24,,,,,,,,,,,,,,,,,,,,,,,,,,,,,,,,,,,,,,,,,,,,,,,,,,,,,,,,,,,,,,,,,,,,,,,,,,,,,,,,,,,,,,,,,,,PS,PS,PS,PS,PS,PS,PS,PS,,,,,,,,,,,,,PS,PS,PS,PS,PS,PS,,PS,PS,,,,,,,,,,,,,,,,,,,,,,,,,,,,,,1,PS,PS,PS,PS,PS,PS,PS,PS,PS,PS,PS,PS,PS,PS,PS,PS,PS,PS
178624,002496,Northwest Missouri State University,Public,1,5208,Finance and Financial Management Services.,3,Bachelor's Degree,28,27,18,PS,PS,18,PS,PS,11,PS,PS,11,PS,PS,PS,PS,PS,PS,PS,PS,PS,PS,PS,PS,PS,PS,PS,PS,PS,PS,PS,PS,PS,PS,PS,PS,PS,PS,PS,PS,PS,PS,PS,PS,PS,PS,PS,PS,PS,PS,PS,PS,PS,PS,PS,PS,PS,PS,PS,PS,PS,PS,PS,PS,PS,PS,1,30,33,41868,1,20,21,48198,31,PS,PS,PS,PS,PS,0.40 - 0.59,PS,PS,29,PS,PS,PS,PS,PS,0.20 - 0.39,PS,PS,PS,PS,PS,PS,PS,PS,PS,PS,23,55549,22,22,16,56978,PS,PS,PS,PS,PS,PS,0,17,45810,PS,PS,PS,0,21,65692,PS,17,59934,PS,PS,16,61733,PS,PS,PS,16,11,PS,PS,PS,PS,PS,PS,PS,PS,29,PS,PS,0.20 - 0.39,PS,PS,PS,PS,PS,3,1,24,67786,21,PS,PS,PS,PS,PS,PS,PS,PS,PS,PS,43799,83343,60801,111527
178697,002500,College of the Ozarks,"Private, nonprofit",1,5208,Finance and Financial Management Services.,3,Bachelor's Degree,,1,,,,,,,,,,,,,,,,,,,,,,,,,,,,,,,,,,,,,,,,,,,,,,,,,,,,,,,,,,,,,,,,,,,,,,,,,,,,,,,,,,,,,,,,,,,,,,,,,,,,,,,,,,,,,,,,,,,,,,PS,PS,,,,,,,,,,,,,,,,,,,,,,,,,,,,,,1,,,,,,,,,,,,,,,PS,PS,PS,PS
178721,002498,Park University,"Private, nonprofit",1,5208,Finance and Financial Management Services.,3,Bachelor's Degree,6,7,14,29475,PS,10,26965,PS,PS,PS,PS,PS,PS,PS,PS,PS,PS,PS,PS,PS,PS,PS,PS,PS,PS,PS,PS,PS,PS,PS,PS,PS,PS,PS,PS,PS,PS,PS,PS,PS,PS,PS,PS,PS,PS,PS,PS,PS,PS,PS,PS,PS,PS,PS,PS,PS,PS,PS,PS,PS,PS,PS,PS,PS,PS,PS,0,PS,PS,PS,PS,PS,PS,PS,10,PS,PS,PS,PS,PS,PS,PS,PS,PS,PS,PS,PS,PS,PS,PS,PS,PS,PS,PS,PS,PS,PS,PS,PS,PS,PS,PS,PS,PS,PS,PS,PS,PS,PS,PS,PS,PS,5,PS,PS,PS,PS,PS,1,19,82973,PS,PS,PS,PS,PS,PS,PS,PS,PS,PS,PS,12,PS,PS,PS,PS,PS,PS,PS,PS,PS,PS,PS,PS,PS,PS,PS,PS,PS,3,0,PS,PS,PS,PS,PS,PS,PS,PS,PS,PS,PS,PS,PS,43799,83343,60801,111527
179159,002506,Saint Louis University,"Private, nonprofit",1,5208,Finance and Financial Management Services.,3,Bachelor's Degree,73,89,61,19145,21268,60,18800,20500,14,46462,PS,13,48740,PS,43,18786,PS,42,18547,PS,PS,PS,PS,PS,PS,PS,18,PS,PS,18,PS,PS,PS,PS,PS,PS,PS,PS,22,PS,25000,22,PS,25000,PS,PS,PS,PS,PS,PS,39,18292,20500,38,17870,18790,PS,PS,PS,PS,PS,PS,PS,PS,225,217,1,35,37,53594,PS,PS,PS,PS,PS,PS,PS,PS,PS,PS,PS,PS,PS,PS,PS,PS,PS,PS,PS,PS,PS,PS,22,58709,38,60962,PS,PS,PS,PS,PS,PS,PS,PS,PS,PS,PS,PS,PS,PS,PS,PS,1,60,60055,52,PS,41,PS,67,93647,PS,PS,PS,PS,PS,PS,PS,PS,PS,PS,PS,66,<=0.20,<=0.20,0.40 - 0.59,<=0.20,<=0.20,0.20 - 0.39,<=0.20,<=0.20,PS,PS,PS,PS,PS,PS,PS,PS,PS,1,PS,PS,PS,PS,PS,PS,PS,PS,PS,PS,PS,PS,PS,PS,43799,83343,60801,111527
179326,002502,Southwest Baptist University,"Private, nonprofit",1,5208,Finance and Financial Management Services.,3,Bachelor's Degree,0,0,PS,PS,PS,PS,PS,PS,PS,PS,PS,PS,PS,PS,PS,PS,PS,PS,PS,PS,PS,PS,PS,PS,PS,PS,PS,PS,PS,PS,PS,PS,PS,PS,PS,PS,PS,PS,PS,PS,PS,PS,PS,PS,PS,PS,PS,PS,PS,PS,PS,PS,PS,PS,PS,PS,PS,PS,PS,PS,PS,PS,PS,PS,PS,PS,0,PS,PS,PS,PS,PS,PS,PS,PS,PS,PS,PS,PS,PS,PS,PS,PS,PS,PS,PS,PS,PS,PS,PS,PS,PS,PS,PS,PS,PS,PS,PS,PS,PS,PS,PS,PS,PS,PS,PS,PS,PS,PS,PS,PS,PS,0,PS,PS,PS,PS,PS,0,PS,PS,PS,PS,PS,PS,PS,PS,PS,PS,PS,PS,PS,PS,PS,PS,PS,PS,PS,PS,PS,PS,PS,PS,PS,PS,PS,PS,PS,PS,PS,1,0,PS,PS,PS,PS,PS,PS,PS,PS,PS,PS,PS,PS,PS,43799,83343,60801,111527
179557,002501,Southeast Missouri State University,Public,1,5208,Finance and Financial Management Services.,3,Bachelor's Degree,19,25,42,PS,21591,42,PS,21497,PS,PS,PS,PS,PS,PS,28,PS,PS,28,PS,PS,PS,PS,PS,PS,PS,PS,14,PS,PS,14,PS,PS,PS,PS,PS,PS,PS,PS,24,PS,PS,24,PS,PS,PS,PS,PS,PS,PS,PS,18,PS,PS,18,PS,PS,PS,PS,PS,PS,PS,PS,PS,PS,229,228,0,22,23,41335,0,16,16,38289,23,PS,PS,PS,PS,PS,0.40 - 0.59,PS,PS,19,PS,PS,PS,PS,PS,PS,PS,PS,22,47642,20,45773,PS,PS,PS,PS,21,49748,18,17,PS,PS,PS,PS,PS,PS,PS,PS,2,42,46736,35,PS,31,0,33,78407,PS,PS,PS,PS,PS,PS,PS,PS,PS,PS,16,28,PS,PS,0.60 - 0.79,PS,PS,PS,PS,PS,19,PS,PS,PS,PS,PS,PS,PS,PS,1,1,18,92092,19,PS,PS,PS,PS,PS,PS,PS,PS,PS,PS,43799,83343,60801,111527
179566,002503,Missouri State University-Springfield,Public,1,5208,Finance and Financial Management Services.,3,Bachelor's Degree,138,112,112,22637,24750,111,21076,22500,28,31459,33165,26,30464,33165,81,21301,22933,80,19956,18750,PS,PS,PS,PS,PS,PS,31,PS,27000,31,PS,27000,PS,PS,PS,PS,PS,PS,55,PS,23091,55,PS,22933,PS,PS,PS,PS,PS,PS,57,21462,25650,56,19972,20977,PS,PS,PS,PS,PS,PS,394,394,262,239,4,77,87,43886,3,54,58,45794,79,<=0.20,<=0.20,<=0.20,<=0.20,0.20 - 0.39,0.20 - 0.39,<=0.20,<=0.20,64,<=0.20,<=0.20,0.20 - 0.39,<=0.20,<=0.20,0.20 - 0.39,0.20 - 0.39,<=0.20,53,49027,51,51610,74,50471,30,50478,66,54988,60,58,29,46872,36,56407,52,55460,PS,PS,5,104,50486,92,PS,82,4,101,72227,PS,PS,PS,35,67825,49,69858,PS,PS,PS,53,90,<=0.20,<=0.20,0.60 - 0.79,<=0.20,<=0.20,<=0.20,<=0.20,<=0.20,64,<=0.20,<=0.20,0.20 - 0.39,<=0.20,<=0.20,<=0.20,0.20 - 0.39,<=0.20,2,4,66,75211,60,30,74724,35,75979,PS,PS,PS,PS,PS,50,43799,83343,60801,111527
179867,002520,Washington University in St Louis,"Private, nonprofit",1,5208,Finance and Financial Management Services.,3,Bachelor's Degree,181,150,46,17412,19250,45,17599,19500,PS,PS,PS,PS,PS,PS,PS,PS,PS,PS,PS,PS,PS,PS,PS,PS,PS,PS,PS,PS,PS,PS,PS,PS,PS,PS,PS,PS,PS,PS,PS,PS,PS,PS,PS,PS,PS,PS,PS,PS,PS,PS,PS,PS,PS,PS,PS,PS,PS,PS,PS,PS,PS,PS,PS,PS,204,207,2,65,66,83311,1,18,19,91744,57,<=0.20,<=0.20,<=0.20,<=0.20,<=0.20,0.40 - 0.59,0.40 - 0.59,<=0.20,24,PS,PS,PS,PS,PS,PS,PS,PS,PS,PS,PS,PS,PS,PS,PS,PS,19,123261,17,17,PS,PS,PS,PS,17,135245,PS,PS,3,54,102814,50,PS,PS,0,55,185551,PS,PS,PS,PS,PS,18,158777,PS,PS,PS,PS,44,PS,PS,0.40 - 0.59,PS,PS,PS,PS,PS,24,PS,PS,PS,PS,PS,PS,PS,PS,1,0,20,190811,21,PS,PS,PS,PS,PS,PS,PS,PS,PS,PS,43799,83343,60801,111527
179894,002521,Webster University,"Private, nonprofit",1,5208,Finance and Financial Management Services.,3,Bachelor's Degree,8,10,PS,PS,PS,PS,PS,PS,PS,PS,PS,PS,PS,PS,PS,PS,PS,PS,PS,PS,PS,PS,PS,PS,PS,PS,PS,PS,PS,PS,PS,PS,PS,PS,PS,PS,PS,PS,PS,PS,PS,PS,PS,PS,PS,PS,PS,PS,PS,PS,PS,PS,PS,PS,PS,PS,PS,PS,PS,PS,PS,PS,PS,PS,PS,PS,0,PS,PS,PS,0,11,11,47260,PS,PS,PS,PS,PS,PS,PS,PS,PS,PS,PS,PS,PS,PS,PS,PS,PS,PS,PS,PS,PS,PS,PS,PS,PS,PS,PS,PS,PS,PS,PS,PS,PS,PS,PS,PS,PS,PS,0,PS,PS,PS,PS,PS,0,PS,PS,PS,PS,PS,PS,PS,PS,PS,PS,PS,PS,PS,PS,PS,PS,PS,PS,PS,PS,PS,PS,PS,PS,PS,PS,PS,PS,PS,PS,PS,1,0,PS,PS,PS,PS,PS,PS,PS,PS,PS,PS,PS,PS,PS,43799,83343,60801,111527
179946,002523,Westminster College,"Private, nonprofit",1,5208,Finance and Financial Management Services.,3,Bachelor's Degree,2,5,PS,PS,PS,PS,PS,PS,PS,PS,PS,PS,PS,PS,PS,PS,PS,PS,PS,PS,PS,PS,PS,PS,PS,PS,PS,PS,PS,PS,PS,PS,PS,PS,PS,PS,PS,PS,PS,PS,PS,PS,PS,PS,PS,PS,PS,PS,PS,PS,PS,PS,PS,PS,PS,PS,PS,PS,PS,PS,PS,PS,PS,PS,PS,PS,0,PS,PS,PS,PS,PS,PS,PS,PS,PS,PS,PS,PS,PS,PS,PS,PS,PS,PS,PS,PS,PS,PS,PS,PS,PS,PS,PS,PS,PS,PS,PS,PS,PS,PS,PS,PS,PS,PS,PS,PS,PS,PS,PS,PS,PS,0,PS,PS,PS,PS,PS,0,PS,PS,PS,PS,PS,PS,PS,PS,PS,PS,PS,PS,PS,PS,PS,PS,PS,PS,PS,PS,PS,PS,PS,PS,PS,PS,PS,PS,PS,PS,PS,1,0,PS,PS,PS,PS,PS,PS,PS,PS,PS,PS,PS,PS,PS,43799,83343,60801,111527
180106,002526,Carroll College,"Private, nonprofit",1,5208,Finance and Financial Management Services.,3,Bachelor's Degree,4,7,16,PS,PS,16,PS,PS,PS,PS,PS,PS,PS,PS,PS,PS,PS,PS,PS,PS,PS,PS,PS,PS,PS,PS,PS,PS,PS,PS,PS,PS,PS,PS,PS,PS,PS,PS,PS,PS,PS,PS,PS,PS,PS,PS,PS,PS,PS,PS,PS,PS,PS,PS,PS,PS,PS,PS,PS,PS,PS,PS,PS,PS,PS,PS,0,PS,PS,PS,PS,PS,PS,PS,PS,PS,PS,PS,PS,PS,PS,PS,PS,PS,PS,PS,PS,PS,PS,PS,PS,PS,PS,PS,PS,PS,PS,PS,PS,PS,PS,PS,PS,PS,PS,PS,PS,PS,PS,PS,PS,PS,0,PS,PS,PS,PS,PS,0,PS,PS,PS,PS,PS,PS,PS,PS,PS,PS,PS,PS,PS,11,PS,PS,PS,PS,PS,PS,PS,PS,PS,PS,PS,PS,PS,PS,PS,PS,PS,1,0,PS,PS,PS,PS,PS,PS,PS,PS,PS,PS,PS,PS,PS,43799,83343,60801,111527
180461,002532,Montana State University,Public,1,5208,Finance and Financial Management Services.,3,Bachelor's Degree,11,10,PS,PS,PS,PS,PS,PS,PS,PS,PS,PS,PS,PS,PS,PS,PS,PS,PS,PS,PS,PS,PS,PS,PS,PS,PS,PS,PS,PS,PS,PS,PS,PS,PS,PS,PS,PS,PS,PS,PS,PS,PS,PS,PS,PS,PS,PS,PS,PS,PS,PS,PS,PS,PS,PS,PS,PS,PS,PS,PS,PS,PS,PS,PS,PS,0,PS,PS,PS,PS,PS,PS,PS,PS,PS,PS,PS,PS,PS,PS,PS,PS,PS,PS,PS,PS,PS,PS,PS,PS,PS,PS,PS,PS,PS,PS,PS,PS,PS,PS,PS,PS,PS,PS,PS,PS,PS,PS,PS,PS,PS,1,PS,PS,PS,PS,PS,PS,PS,PS,PS,PS,PS,PS,PS,PS,PS,PS,PS,PS,PS,PS,PS,PS,PS,PS,PS,PS,PS,PS,PS,PS,PS,PS,PS,PS,PS,PS,PS,1,PS,PS,PS,PS,PS,PS,PS,PS,PS,PS,PS,PS,PS,PS,43799,83343,60801,111527
180489,002536,The University of Montana,Public,1,5208,Finance and Financial Management Services.,3,Bachelor's Degree,15,22,12,PS,PS,12,PS,PS,PS,PS,PS,PS,PS,PS,PS,PS,PS,PS,PS,PS,PS,PS,PS,PS,PS,PS,PS,PS,PS,PS,PS,PS,PS,PS,PS,PS,PS,PS,PS,PS,PS,PS,PS,PS,PS,PS,PS,PS,PS,PS,PS,PS,PS,PS,PS,PS,PS,PS,PS,PS,PS,PS,PS,PS,PS,PS,PS,PS,PS,PS,,,,,PS,PS,PS,PS,PS,PS,PS,PS,PS,PS,PS,PS,PS,PS,PS,PS,PS,PS,PS,PS,PS,PS,PS,PS,PS,PS,PS,PS,PS,PS,PS,PS,PS,PS,PS,PS,PS,PS,0,PS,PS,PS,PS,PS,PS,PS,PS,PS,PS,PS,PS,PS,PS,PS,PS,PS,PS,PS,PS,PS,PS,PS,PS,PS,PS,PS,PS,PS,PS,PS,PS,PS,PS,PS,PS,PS,1,PS,PS,PS,PS,PS,PS,PS,PS,PS,PS,PS,PS,PS,PS,PS,PS,PS,PS
180814,009743,Bellevue University,"Private, nonprofit",1,5208,Finance and Financial Management Services.,3,Bachelor's Degree,5,1,PS,PS,PS,PS,PS,PS,PS,PS,PS,PS,PS,PS,PS,PS,PS,PS,PS,PS,PS,PS,PS,PS,PS,PS,PS,PS,PS,PS,PS,PS,PS,PS,PS,PS,PS,PS,PS,PS,PS,PS,PS,PS,PS,PS,PS,PS,PS,PS,PS,PS,PS,PS,PS,PS,PS,PS,PS,PS,PS,PS,PS,PS,PS,PS,0,PS,PS,PS,0,10,11,52107,12,PS,PS,PS,PS,PS,PS,PS,PS,14,PS,PS,PS,PS,PS,PS,PS,PS,PS,PS,PS,PS,PS,PS,PS,PS,PS,PS,PS,PS,PS,PS,PS,PS,PS,PS,PS,PS,0,PS,PS,PS,PS,PS,0,PS,PS,PS,PS,PS,PS,PS,PS,PS,PS,PS,PS,PS,PS,PS,PS,PS,PS,PS,PS,PS,PS,14,PS,PS,PS,PS,PS,PS,PS,PS,3,1,PS,PS,PS,PS,PS,PS,PS,PS,PS,PS,PS,PS,PS,43799,83343,60801,111527
181002,002542,Creighton University,"Private, nonprofit",1,5208,Finance and Financial Management Services.,3,Bachelor's Degree,143,131,105,PS,26975,105,PS,26975,22,PS,38813,22,PS,38813,93,PS,PS,93,PS,PS,PS,PS,PS,PS,PS,PS,12,PS,PS,12,PS,PS,PS,PS,PS,PS,PS,PS,23,PS,26000,23,PS,26000,PS,PS,PS,PS,PS,PS,82,PS,27000,82,PS,27000,PS,PS,PS,PS,PS,PS,462,462,286,286,1,89,93,54080,0,75,78,55794,82,<=0.20,<=0.20,<=0.20,<=0.20,<=0.20,0.40 - 0.59,0.20 - 0.39,<=0.20,77,<=0.20,<=0.20,<=0.20,<=0.20,<=0.20,0.40 - 0.59,0.20 - 0.39,<=0.20,22,50928,83,62114,PS,PS,PS,PS,74,66594,72,68,16,67962,57,66249,55,67338,18,62133,2,105,60605,94,PS,26,3,102,89079,PS,PS,PS,57,80264,55,78404,20,80276,PS,21,100,<=0.20,<=0.20,0.40 - 0.59,<=0.20,<=0.20,0.20 - 0.39,<=0.20,<=0.20,77,<=0.20,<=0.20,0.20 - 0.39,<=0.20,<=0.20,0.20 - 0.39,0.20 - 0.39,<=0.20,1,1,79,93767,75,16,92221,62,94080,54,93830,23,90129,PS,16,43799,83343,60801,111527
181127,002548,Hastings College,"Private, nonprofit",1,5208,Finance and Financial Management Services.,3,Bachelor's Degree,1,9,PS,PS,PS,PS,PS,PS,PS,PS,PS,PS,PS,PS,PS,PS,PS,PS,PS,PS,PS,PS,PS,PS,PS,PS,PS,PS,PS,PS,PS,PS,PS,PS,PS,PS,PS,PS,PS,PS,PS,PS,PS,PS,PS,PS,PS,PS,PS,PS,PS,PS,PS,PS,PS,PS,PS,PS,PS,PS,PS,PS,PS,PS,PS,PS,PS,PS,PS,PS,,,,,PS,PS,PS,PS,PS,PS,PS,PS,PS,PS,PS,PS,PS,PS,PS,PS,PS,PS,PS,PS,PS,PS,PS,PS,PS,PS,PS,PS,PS,PS,PS,PS,PS,PS,PS,PS,PS,PS,0,PS,PS,PS,PS,PS,PS,PS,PS,PS,PS,PS,PS,PS,PS,PS,PS,PS,PS,PS,PS,PS,PS,PS,PS,PS,PS,PS,PS,PS,PS,PS,PS,PS,PS,PS,PS,PS,1,PS,PS,PS,PS,PS,PS,PS,PS,PS,PS,PS,PS,PS,PS,PS,PS,PS,PS
181330,002553,Midland University,"Private, nonprofit",1,5208,Finance and Financial Management Services.,3,Bachelor's Degree,0,0,PS,PS,PS,PS,PS,PS,PS,PS,PS,PS,PS,PS,PS,PS,PS,PS,PS,PS,PS,PS,PS,PS,PS,PS,PS,PS,PS,PS,PS,PS,PS,PS,PS,PS,PS,PS,PS,PS,PS,PS,PS,PS,PS,PS,PS,PS,PS,PS,PS,PS,PS,PS,PS,PS,PS,PS,PS,PS,PS,PS,PS,PS,PS,PS,,,,,,,,,,,,,,,,,,,,,,,,,,,PS,PS,PS,PS,PS,PS,PS,PS,,,,,,,,,,,,,PS,PS,PS,PS,PS,PS,PS,PS,PS,PS,PS,PS,PS,PS,PS,PS,PS,PS,PS,PS,PS,PS,PS,PS,PS,PS,PS,PS,PS,PS,PS,PS,PS,PS,PS,PS,PS,PS,1,PS,PS,PS,PS,PS,PS,PS,PS,PS,PS,PS,PS,PS,PS,PS,PS,PS,PS
181394,002554,University of Nebraska at Omaha,Public,1,5208,Finance and Financial Management Services.,3,Bachelor's Degree,114,64,PS,PS,PS,PS,PS,PS,PS,PS,PS,PS,PS,PS,PS,PS,PS,PS,PS,PS,PS,PS,PS,PS,PS,PS,PS,PS,PS,PS,PS,PS,PS,PS,PS,PS,PS,PS,PS,PS,PS,PS,PS,PS,PS,PS,PS,PS,PS,PS,PS,PS,PS,PS,PS,PS,PS,PS,PS,PS,PS,PS,PS,PS,PS,PS,PS,PS,PS,PS,PS,PS,PS,PS,PS,PS,PS,PS,PS,PS,PS,PS,PS,PS,PS,PS,PS,PS,PS,PS,PS,PS,PS,PS,PS,PS,PS,PS,PS,PS,PS,PS,PS,PS,PS,PS,PS,PS,PS,PS,PS,PS,PS,PS,PS,PS,PS,PS,PS,PS,PS,PS,PS,PS,PS,PS,PS,PS,PS,PS,PS,PS,PS,PS,PS,PS,PS,PS,PS,PS,PS,PS,PS,PS,PS,PS,PS,PS,PS,PS,1,PS,PS,PS,PS,PS,PS,PS,PS,PS,PS,PS,PS,PS,PS,PS,PS,PS,PS
181446,002555,Nebraska Wesleyan University,"Private, nonprofit",1,5208,Finance and Financial Management Services.,3,Bachelor's Degree,,0,,,,,,,,,,,,,,,,,,,,,,,,,,,,,,,,,,,,,,,,,,,,,,,,,,,,,,,,,,,,,,,,,,,,,,,,,,,,,,,,,,,,,,,,,,,,,,,,,,,,,,,,,,,,,,,,,,,,,,PS,PS,,,,,,,,,,,,,,,,,,,,,,,,,,,,,,1,,,,,,,,,,,,,,,PS,PS,PS,PS
181464,002565,University of Nebraska-Lincoln,Public,1,5208,Finance and Financial Management Services.,3,Bachelor's Degree,226,237,145,19458,19650,144,19060,19500,50,41260,35396,49,41189,36091,117,19336,20000,116,19084,19825,PS,PS,PS,PS,PS,PS,28,PS,19552,28,PS,18875,PS,PS,PS,PS,PS,PS,48,18497,16625,47,18322,16500,16,PS,PS,16,PS,PS,97,PS,22365,97,PS,21500,34,47369,PS,33,47448,PS,421,429,208,207,1,102,108,46376,1,92,97,46924,91,<=0.20,<=0.20,<=0.20,<=0.20,<=0.20,0.40 - 0.59,0.20 - 0.39,<=0.20,79,<=0.20,<=0.20,<=0.20,<=0.20,<=0.20,0.40 - 0.59,0.20 - 0.39,<=0.20,57,53148,99,58999,123,57440,33,50044,102,58707,94,88,36,52616,66,60620,81,59810,22,57551,0,155,55979,135,PS,100,3,146,77504,PS,37,62365,59,70697,75,70260,22,57100,PS,55,138,<=0.10,<=0.10,0.50 - 0.59,<=0.10,<=0.10,0.10 - 0.19,0.10 - 0.19,<=0.10,79,<=0.20,<=0.20,0.40 - 0.59,<=0.20,<=0.20,0.20 - 0.39,0.20 - 0.39,<=0.20,1,1,103,77155,98,37,69426,66,81400,81,79922,21,65057,PS,61,43799,83343,60801,111527
182281,002569,University of Nevada-Las Vegas,Public,1,5208,Finance and Financial Management Services.,3,Bachelor's Degree,125,113,115,20316,17910,106,17973,14875,16,27528,PS,11,31694,PS,74,19907,18367,70,17981,14625,PS,PS,PS,PS,PS,PS,41,21055,16000,36,17958,15500,PS,PS,PS,PS,PS,PS,82,20891,18242,79,18177,16000,PS,PS,PS,PS,PS,PS,33,18890,14326,27,17376,13000,PS,PS,PS,PS,PS,PS,PS,PS,190,158,7,118,138,45691,2,75,89,43128,79,<=0.20,<=0.20,0.20 - 0.39,<=0.20,<=0.20,0.20 - 0.39,<=0.20,<=0.20,65,<=0.20,<=0.20,0.20 - 0.39,<=0.20,<=0.20,0.20 - 0.39,<=0.20,<=0.20,113,49455,32,55978,93,51941,53,47413,84,52447,73,67,69,52054,PS,PS,58,52242,26,52732,12,143,50861,114,PS,118,8,149,76319,64,60,57662,20,64904,56,64228,24,45911,PS,68,105,<=0.10,<=0.10,0.60 - 0.69,<=0.10,<=0.10,0.10 - 0.19,<=0.10,<=0.10,65,<=0.20,<=0.20,0.40 - 0.59,<=0.20,<=0.20,<=0.20,<=0.20,<=0.20,1,9,85,63948,72,63,60570,23,79522,61,71283,25,61139,PS,69,43799,83343,60801,111527
182290,002568,University of Nevada-Reno,Public,1,5208,Finance and Financial Management Services.,3,Bachelor's Degree,152,132,109,17605,15000,102,17184,15750,27,38515,27115,26,34104,26057,77,17860,15000,73,17255,15000,16,PS,PS,16,PS,PS,32,16989,16850,29,17006,19200,11,44784,PS,10,40111,PS,51,18419,12000,48,17465,13719,PS,PS,PS,PS,PS,PS,58,16889,18725,54,16934,18725,PS,PS,PS,PS,PS,PS,322,310,159,167,3,100,107,44195,3,60,66,48823,72,<=0.20,<=0.20,<=0.20,<=0.20,<=0.20,0.40 - 0.59,<=0.20,<=0.20,58,<=0.20,<=0.20,<=0.20,<=0.20,0.20 - 0.39,0.40 - 0.59,<=0.20,<=0.20,69,51631,57,51599,93,51673,33,49609,72,58976,61,62,47,61232,25,58227,51,63367,21,51572,6,125,51495,105,PS,86,5,125,72227,PS,41,66738,23,66773,45,70032,18,61820,PS,39,109,<=0.10,<=0.10,0.50 - 0.59,<=0.10,<=0.10,0.20 - 0.29,0.10 - 0.19,<=0.10,58,<=0.20,<=0.20,0.40 - 0.59,<=0.20,<=0.20,<=0.20,<=0.20,<=0.20,1,2,71,77047,64,47,77121,23,77042,51,82108,20,67807,PS,44,43799,83343,60801,111527
182458,009192,Sierra Nevada University,"Private, nonprofit",1,5208,Finance and Financial Management Services.,3,Bachelor's Degree,6,,PS,PS,PS,PS,PS,PS,PS,PS,PS,PS,PS,PS,PS,PS,PS,PS,PS,PS,PS,PS,PS,PS,PS,PS,PS,PS,PS,PS,PS,PS,PS,PS,PS,PS,PS,PS,PS,PS,PS,PS,PS,PS,PS,PS,PS,PS,PS,PS,PS,PS,PS,PS,PS,PS,PS,PS,PS,PS,PS,PS,PS,PS,PS,PS,0,PS,PS,PS,PS,PS,PS,PS,10,PS,PS,PS,PS,PS,PS,PS,PS,PS,PS,PS,PS,PS,PS,PS,PS,PS,PS,PS,PS,PS,PS,PS,PS,PS,PS,PS,PS,PS,PS,PS,PS,PS,PS,PS,PS,PS,0,PS,PS,PS,PS,PS,0,PS,PS,PS,PS,PS,PS,PS,PS,PS,PS,PS,PS,PS,10,PS,PS,PS,PS,PS,PS,PS,PS,PS,PS,PS,PS,PS,PS,PS,PS,PS,0,0,PS,PS,PS,PS,PS,PS,PS,PS,PS,PS,PS,PS,PS,43799,83343,60801,111527
182980,002579,New England College,"Private, nonprofit",1,5208,Finance and Financial Management Services.,3,Bachelor's Degree,0,0,PS,PS,PS,PS,PS,PS,PS,PS,PS,PS,PS,PS,PS,PS,PS,PS,PS,PS,PS,PS,PS,PS,PS,PS,PS,PS,PS,PS,PS,PS,PS,PS,PS,PS,PS,PS,PS,PS,PS,PS,PS,PS,PS,PS,PS,PS,PS,PS,PS,PS,PS,PS,PS,PS,PS,PS,PS,PS,PS,PS,PS,PS,PS,PS,PS,PS,PS,PS,,,,,PS,PS,PS,PS,PS,PS,PS,PS,PS,PS,PS,PS,PS,PS,PS,PS,PS,PS,PS,PS,PS,PS,PS,PS,PS,PS,PS,PS,PS,PS,PS,PS,PS,PS,PS,PS,PS,PS,PS,PS,PS,PS,PS,PS,PS,PS,PS,PS,PS,PS,PS,PS,PS,PS,PS,PS,PS,PS,PS,PS,PS,PS,PS,PS,PS,PS,PS,PS,PS,PS,PS,PS,PS,PS,PS,PS,1,PS,PS,PS,PS,PS,PS,PS,PS,PS,PS,PS,PS,PS,PS,43799,83343,60801,111527
183026,002580,Southern New Hampshire University,"Private, nonprofit",1,5208,Finance and Financial Management Services.,3,Bachelor's Degree,153,179,117,29958,29252,100,23640,22565,20,22476,14032,PS,PS,PS,65,29262,29959,55,23295,21958,PS,PS,PS,PS,PS,PS,52,30828,28758,45,24061,23730,PS,PS,PS,PS,PS,PS,81,33042,31666,72,24413,23541,PS,PS,PS,PS,PS,PS,36,23018,21780,28,21651,21395,PS,PS,PS,PS,PS,PS,167,PS,310,239,2,28,29,55580,PS,PS,PS,PS,20,PS,PS,PS,PS,PS,PS,PS,PS,PS,PS,PS,PS,PS,PS,PS,PS,PS,59,57281,30,67436,44,67218,45,54814,PS,PS,PS,PS,PS,PS,PS,PS,PS,PS,PS,PS,9,89,63703,79,PS,PS,PS,80,81489,PS,PS,PS,PS,PS,PS,PS,PS,PS,PS,PS,65,<=0.20,<=0.20,0.60 - 0.79,<=0.20,<=0.20,<=0.20,<=0.20,<=0.20,PS,PS,PS,PS,PS,PS,PS,PS,PS,3,PS,PS,PS,PS,PS,PS,PS,PS,PS,PS,PS,PS,PS,PS,43799,83343,60801,111527
183080,002591,Plymouth State University,Public,1,5208,Finance and Financial Management Services.,3,Bachelor's Degree,18,13,29,PS,27000,29,PS,27000,10,PS,PS,10,PS,PS,PS,PS,PS,PS,PS,PS,PS,PS,PS,PS,PS,PS,PS,PS,PS,PS,PS,PS,PS,PS,PS,PS,PS,PS,13,PS,PS,13,PS,PS,PS,PS,PS,PS,PS,PS,16,PS,PS,16,PS,PS,PS,PS,PS,PS,PS,PS,PS,PS,286,286,0,20,21,48913,0,15,17,42682,22,PS,PS,PS,PS,PS,PS,PS,PS,17,PS,PS,PS,PS,PS,PS,PS,PS,PS,PS,PS,PS,PS,PS,PS,PS,17,52559,16,PS,PS,PS,PS,PS,PS,PS,PS,PS,0,26,50006,19,PS,PS,0,42,69367,PS,PS,PS,PS,PS,PS,PS,PS,PS,PS,PS,32,PS,PS,0.40 - 0.59,PS,PS,PS,PS,PS,17,PS,PS,PS,PS,PS,PS,PS,PS,1,0,16,83848,PS,PS,PS,PS,PS,PS,PS,PS,PS,PS,PS,43799,83343,60801,111527
183211,002586,Rivier University,"Private, nonprofit",1,5208,Finance and Financial Management Services.,3,Bachelor's Degree,3,5,PS,PS,PS,PS,PS,PS,PS,PS,PS,PS,PS,PS,PS,PS,PS,PS,PS,PS,PS,PS,PS,PS,PS,PS,PS,PS,PS,PS,PS,PS,PS,PS,PS,PS,PS,PS,PS,PS,PS,PS,PS,PS,PS,PS,PS,PS,PS,PS,PS,PS,PS,PS,PS,PS,PS,PS,PS,PS,PS,PS,PS,PS,PS,PS,0,PS,PS,PS,PS,PS,PS,PS,10,PS,PS,PS,PS,PS,PS,PS,PS,PS,PS,PS,PS,PS,PS,PS,PS,PS,PS,PS,PS,PS,PS,PS,PS,PS,PS,PS,PS,PS,PS,PS,PS,PS,PS,PS,PS,PS,0,PS,PS,PS,PS,PS,0,PS,PS,PS,PS,PS,PS,PS,PS,PS,PS,PS,PS,PS,12,PS,PS,PS,PS,PS,PS,PS,PS,PS,PS,PS,PS,PS,PS,PS,PS,PS,1,0,PS,PS,PS,PS,PS,PS,PS,PS,PS,PS,PS,PS,PS,43799,83343,60801,111527
183239,002587,Saint Anselm College,"Private, nonprofit",1,5208,Finance and Financial Management Services.,3,Bachelor's Degree,30,39,68,PS,27000,68,PS,27000,10,PS,PS,10,PS,PS,45,PS,27000,45,PS,27000,PS,PS,PS,PS,PS,PS,23,PS,27000,23,PS,27000,PS,PS,PS,PS,PS,PS,13,PS,PS,13,PS,PS,PS,PS,PS,PS,PS,PS,55,PS,PS,55,PS,PS,PS,PS,PS,PS,PS,PS,PS,PS,286,286,0,45,47,60972,0,31,33,53775,44,PS,PS,PS,PS,PS,0.60 - 0.79,PS,PS,35,PS,PS,PS,PS,PS,0.40 - 0.59,PS,PS,PS,PS,PS,PS,43,65200,21,61570,33,72914,31,31,PS,PS,25,73765,27,76206,PS,PS,1,63,62821,57,PS,PS,0,53,90161,PS,PS,PS,26,87642,26,87638,PS,PS,PS,PS,62,<=0.20,<=0.20,0.40 - 0.59,<=0.20,<=0.20,0.20 - 0.39,<=0.20,<=0.20,35,PS,PS,0.20 - 0.39,PS,PS,PS,PS,PS,1,0,33,97043,33,PS,PS,PS,PS,PS,PS,PS,PS,PS,PS,43799,83343,60801,111527
183789,007502,Berkeley College-Woodland Park,"Private, for-profit",1,5208,Finance and Financial Management Services.,3,Bachelor's Degree,1,2,PS,PS,PS,PS,PS,PS,PS,PS,PS,PS,PS,PS,PS,PS,PS,PS,PS,PS,PS,PS,PS,PS,PS,PS,PS,PS,PS,PS,PS,PS,PS,PS,PS,PS,PS,PS,PS,PS,PS,PS,PS,PS,PS,PS,PS,PS,PS,PS,PS,PS,PS,PS,PS,PS,PS,PS,PS,PS,PS,PS,PS,PS,PS,PS,2,PS,PS,PS,PS,PS,PS,PS,PS,PS,PS,PS,PS,PS,PS,PS,PS,PS,PS,PS,PS,PS,PS,PS,PS,PS,PS,PS,PS,PS,PS,PS,PS,PS,PS,PS,PS,PS,PS,PS,PS,PS,PS,PS,PS,PS,0,PS,PS,PS,PS,PS,0,PS,PS,PS,PS,PS,PS,PS,PS,PS,PS,PS,PS,PS,PS,PS,PS,PS,PS,PS,PS,PS,PS,PS,PS,PS,PS,PS,PS,PS,PS,PS,3,0,PS,PS,PS,PS,PS,PS,PS,PS,PS,PS,PS,PS,PS,43799,83343,60801,111527
184603,002607,Fairleigh Dickinson University-Metropolitan Campus,"Private, nonprofit",1,5208,Finance and Financial Management Services.,3,Bachelor's Degree,9,8,60,21726,25000,58,21540,25000,18,PS,PS,18,PS,PS,PS,22088,PS,PS,21864,PS,PS,PS,PS,PS,PS,PS,PS,PS,PS,PS,PS,PS,PS,PS,PS,PS,PS,PS,32,22297,25449,31,21831,25000,PS,PS,PS,PS,PS,PS,28,21074,25000,27,21206,25000,PS,PS,PS,PS,PS,PS,PS,PS,265,265,2,32,34,46369,3,23,27,53775,24,PS,PS,PS,PS,PS,PS,PS,PS,25,PS,PS,PS,PS,PS,0.40 - 0.59,PS,PS,28,49108,20,63928,PS,PS,PS,PS,28,59199,22,21,PS,PS,PS,PS,19,51202,PS,PS,5,47,52729,34,PS,36,4,58,84606,PS,17,78605,PS,PS,16,73064,PS,PS,PS,20,49,PS,PS,0.40 - 0.59,PS,PS,0.20 - 0.39,PS,PS,25,PS,PS,0.40 - 0.59,PS,PS,PS,PS,PS,1,2,28,82162,25,PS,PS,PS,PS,PS,PS,PS,PS,PS,21,43799,83343,60801,111527
184694,002607,Fairleigh Dickinson University-Florham Campus,"Private, nonprofit",0,5208,Finance and Financial Management Services.,3,Bachelor's Degree,31,22,60,21726,25000,58,21540,25000,18,PS,PS,18,PS,PS,PS,22088,PS,PS,21864,PS,PS,PS,PS,PS,PS,PS,PS,PS,PS,PS,PS,PS,PS,PS,PS,PS,PS,PS,32,22297,25449,31,21831,25000,PS,PS,PS,PS,PS,PS,28,21074,25000,27,21206,25000,PS,PS,PS,PS,PS,PS,PS,PS,265,265,2,32,34,46369,3,23,27,53775,24,PS,PS,PS,PS,PS,PS,PS,PS,25,PS,PS,PS,PS,PS,0.40 - 0.59,PS,PS,28,49108,20,63928,PS,PS,PS,PS,28,59199,22,21,PS,PS,PS,PS,19,51202,PS,PS,5,47,52729,34,PS,36,4,58,84606,PS,17,78605,PS,PS,16,73064,PS,PS,PS,20,49,PS,PS,0.40 - 0.59,PS,PS,0.20 - 0.39,PS,PS,25,PS,PS,0.40 - 0.59,PS,PS,PS,PS,PS,1,2,28,82162,25,PS,PS,PS,PS,PS,PS,PS,PS,PS,21,43799,83343,60801,111527
184773,002608,Georgian Court University,"Private, nonprofit",1,5208,Finance and Financial Management Services.,3,Bachelor's Degree,8,3,PS,PS,PS,PS,PS,PS,PS,PS,PS,PS,PS,PS,PS,PS,PS,PS,PS,PS,PS,PS,PS,PS,PS,PS,PS,PS,PS,PS,PS,PS,PS,PS,PS,PS,PS,PS,PS,PS,PS,PS,PS,PS,PS,PS,PS,PS,PS,PS,PS,PS,PS,PS,PS,PS,PS,PS,PS,PS,PS,PS,PS,PS,PS,PS,0,PS,PS,PS,PS,PS,PS,PS,PS,PS,PS,PS,PS,PS,PS,PS,PS,PS,PS,PS,PS,PS,PS,PS,PS,PS,PS,PS,PS,PS,PS,PS,PS,PS,PS,PS,PS,PS,PS,PS,PS,PS,PS,PS,PS,PS,0,PS,PS,PS,PS,PS,PS,PS,PS,PS,PS,PS,PS,PS,PS,PS,PS,PS,PS,PS,PS,PS,PS,PS,PS,PS,PS,PS,PS,PS,PS,PS,PS,PS,PS,PS,PS,PS,1,PS,PS,PS,PS,PS,PS,PS,PS,PS,PS,PS,PS,PS,PS,43799,83343,60801,111527
184782,002609,Rowan University,Public,1,5208,Finance and Financial Management Services.,3,Bachelor's Degree,153,146,193,22469,24000,190,20673,21500,46,40992,35743,39,40879,36000,145,22643,24833,143,20963,21500,35,36419,PS,PS,PS,PS,48,21942,23260,47,19792,21500,11,55545,PS,PS,PS,PS,85,24372,26000,83,21932,21500,27,26120,20500,21,26506,PS,108,20970,22750,107,19697,19500,19,62126,63479,18,57647,PS,425,428,254,228,4,118,131,45962,3,64,71,51482,116,<=0.10,<=0.10,0.10 - 0.19,<=0.10,0.10 - 0.19,0.50 - 0.59,<=0.10,<=0.10,79,<=0.20,<=0.20,<=0.20,<=0.20,<=0.20,0.40 - 0.59,<=0.20,<=0.20,87,47973,104,55264,143,51764,48,50519,70,58974,67,62,34,56672,36,60707,56,58321,PS,PS,7,190,51486,156,PS,174,2,176,75697,PS,33,73776,33,71212,51,72186,PS,PS,PS,56,180,<=0.10,<=0.10,0.50 - 0.59,<=0.10,<=0.10,0.20 - 0.29,0.10 - 0.19,<=0.10,79,<=0.20,<=0.20,0.40 - 0.59,<=0.20,<=0.20,<=0.20,<=0.20,<=0.20,1,3,69,88585,66,34,89191,35,87651,PS,PS,PS,PS,PS,61,43799,83343,60801,111527
185129,002613,New Jersey City University,Public,1,5208,Finance and Financial Management Services.,3,Bachelor's Degree,50,26,52,27456,23125,48,23238,20400,PS,PS,PS,PS,PS,PS,29,26758,22500,25,22981,20500,PS,PS,PS,PS,PS,PS,23,PS,23750,23,PS,20300,PS,PS,PS,PS,PS,PS,PS,PS,PS,PS,PS,PS,PS,PS,PS,PS,PS,PS,PS,PS,PS,PS,PS,PS,PS,PS,PS,PS,PS,PS,PS,PS,245,216,3,42,46,40555,3,38,41,48139,43,PS,PS,0.20 - 0.39,PS,0.20 - 0.39,PS,PS,PS,52,<=0.20,<=0.20,0.20 - 0.39,<=0.20,0.20 - 0.39,<=0.20,<=0.20,<=0.20,PS,PS,PS,PS,34,45904,24,45333,45,54292,41,41,38,55761,PS,PS,24,59007,20,50741,6,59,44160,43,PS,53,4,51,71548,PS,37,64939,PS,PS,PS,PS,19,63484,PS,36,30,PS,PS,0.60 - 0.79,PS,PS,PS,PS,PS,52,<=0.20,<=0.20,0.40 - 0.59,<=0.20,<=0.20,<=0.20,<=0.20,<=0.20,1,3,45,68816,41,PS,PS,PS,PS,26,76424,18,66074,PS,35,43799,83343,60801,111527
185262,002622,Kean University,Public,1,5208,Finance and Financial Management Services.,3,Bachelor's Degree,70,53,70,PS,24688,70,PS,21774,11,21283,PS,PS,PS,PS,46,PS,23750,46,PS,23500,PS,PS,PS,PS,PS,PS,24,PS,25000,24,PS,21500,PS,PS,PS,PS,PS,PS,55,PS,PS,55,PS,PS,PS,PS,PS,PS,PS,PS,15,PS,PS,15,PS,PS,PS,PS,PS,PS,PS,PS,PS,PS,262,231,3,84,99,39161,1,49,53,40428,71,<=0.20,<=0.20,0.20 - 0.39,<=0.20,0.20 - 0.39,0.20 - 0.39,<=0.20,<=0.20,57,<=0.20,<=0.20,0.20 - 0.39,<=0.20,0.20 - 0.39,0.20 - 0.39,<=0.20,<=0.20,54,48915,17,43696,46,48691,26,44632,55,52309,53,50,39,50403,PS,PS,39,49583,16,56034,5,71,46685,51,PS,69,1,95,65415,PS,34,59612,16,62242,38,53842,PS,PS,PS,45,76,<=0.20,<=0.20,0.40 - 0.59,<=0.20,<=0.20,<=0.20,<=0.20,<=0.20,57,<=0.20,<=0.20,0.40 - 0.59,<=0.20,<=0.20,<=0.20,0.20 - 0.39,<=0.20,1,3,48,72320,45,32,72785,16,65505,PS,PS,PS,PS,PS,40,43799,83343,60801,111527
186201,009344,Ramapo College of New Jersey,Public,1,5208,Finance and Financial Management Services.,3,Bachelor's Degree,49,45,PS,PS,PS,PS,PS,PS,PS,PS,PS,PS,PS,PS,PS,PS,PS,PS,PS,PS,PS,PS,PS,PS,PS,PS,PS,PS,PS,PS,PS,PS,PS,PS,PS,PS,PS,PS,PS,PS,PS,PS,PS,PS,PS,PS,PS,PS,PS,PS,PS,PS,PS,PS,PS,PS,PS,PS,PS,PS,PS,PS,PS,PS,PS,PS,PS,PS,PS,PS,,,,,PS,PS,PS,PS,PS,PS,PS,PS,PS,PS,PS,PS,PS,PS,PS,PS,PS,PS,PS,PS,PS,PS,PS,PS,PS,PS,PS,PS,PS,PS,PS,PS,PS,PS,PS,PS,PS,PS,0,PS,PS,PS,PS,PS,PS,PS,PS,PS,PS,PS,PS,PS,PS,PS,PS,PS,PS,PS,PS,PS,PS,PS,PS,PS,PS,PS,PS,PS,PS,PS,PS,PS,PS,PS,PS,PS,1,PS,PS,PS,PS,PS,PS,PS,PS,PS,PS,PS,PS,PS,PS,PS,PS,PS,PS
186283,002628,Rider University,"Private, nonprofit",1,5208,Finance and Financial Management Services.,3,Bachelor's Degree,33,49,85,PS,27000,85,PS,26185,20,60756,52260,19,60249,51520,PS,PS,27000,PS,PS,25625,PS,PS,PS,PS,PS,PS,PS,PS,27000,PS,PS,26512,PS,PS,PS,PS,PS,PS,37,PS,26185,37,PS,26000,PS,PS,PS,PS,PS,PS,48,PS,27000,48,PS,26756,PS,PS,PS,PS,PS,PS,621,613,286,278,5,84,95,45476,5,79,85,45752,87,<=0.20,<=0.20,<=0.20,<=0.20,<=0.20,0.40 - 0.59,<=0.20,<=0.20,95,<=0.20,<=0.20,<=0.20,<=0.20,<=0.20,0.40 - 0.59,<=0.20,<=0.20,32,57394,54,59207,64,59342,22,54769,88,59583,81,72,43,59298,45,60732,68,59022,20,64555,0,87,57881,76,PS,68,8,97,88405,PS,42,62968,43,72646,63,68430,21,70209,PS,63,88,<=0.20,<=0.20,0.40 - 0.59,<=0.20,<=0.20,0.20 - 0.39,<=0.20,<=0.20,95,<=0.20,<=0.20,0.40 - 0.59,<=0.20,<=0.20,0.20 - 0.39,<=0.20,<=0.20,1,7,88,84310,81,45,80349,43,85390,69,85572,19,85123,PS,63,43799,83343,60801,111527
186371,002629,Rutgers University-Camden,Public,0,5208,Finance and Financial Management Services.,3,Bachelor's Degree,54,35,709,21527,22500,695,20394,20620,119,36410,27157,105,35350,27157,523,21751,22750,515,20397,21000,96,35649,27324,84,34750,27324,186,20898,19500,180,20385,19500,23,39586,27149,21,37750,27149,417,22733,22500,406,21321,21500,60,24011,16949,50,22401,11842,292,19805,21500,289,19091,20000,59,49020,38337,55,47122,40000,323,323,239,219,18,627,669,60547,6,212,228,60001,529,<=0.02,<=0.02,0.09 - 0.10,0.03 - 0.04,0.11 - 0.12,0.49 - 0.50,0.25 - 0.26,<=0.02,278,<=0.05,<=0.05,0.15 - 0.19,<=0.05,0.05 - 0.09,0.35 - 0.39,0.30 - 0.34,<=0.05,487,65129,274,72919,544,67923,216,69509,230,72957,220,210,145,70479,85,78621,166,74861,64,67236,41,762,68338,661,PS,675,12,676,100695,PS,138,82916,79,89336,162,87958,55,83036,PS,171,654,<=0.02,<=0.02,0.49 - 0.50,<=0.02,0.07 - 0.08,0.23 - 0.24,0.15 - 0.16,<=0.02,279,<=0.05,<=0.05,0.55 - 0.59,<=0.05,<=0.05,<=0.05,0.35 - 0.39,<=0.05,1,5,228,101309,214,143,94802,85,112153,165,103802,63,93898,PS,176,43799,83343,60801,111527
186380,002629,Rutgers University-New Brunswick,Public,1,5208,Finance and Financial Management Services.,3,Bachelor's Degree,418,468,709,21527,22500,695,20394,20620,119,36410,27157,105,35350,27157,523,21751,22750,515,20397,21000,96,35649,27324,84,34750,27324,186,20898,19500,180,20385,19500,23,39586,27149,21,37750,27149,417,22733,22500,406,21321,21500,60,24011,16949,50,22401,11842,292,19805,21500,289,19091,20000,59,49020,38337,55,47122,40000,323,323,239,219,18,627,669,60547,6,212,228,60001,529,<=0.02,<=0.02,0.09 - 0.10,0.03 - 0.04,0.11 - 0.12,0.49 - 0.50,0.25 - 0.26,<=0.02,278,<=0.05,<=0.05,0.15 - 0.19,<=0.05,0.05 - 0.09,0.35 - 0.39,0.30 - 0.34,<=0.05,487,65129,274,72919,544,67923,216,69509,230,72957,220,210,145,70479,85,78621,166,74861,64,67236,41,762,68338,661,PS,675,12,676,100695,PS,138,82916,79,89336,162,87958,55,83036,PS,171,654,<=0.02,<=0.02,0.49 - 0.50,<=0.02,0.07 - 0.08,0.23 - 0.24,0.15 - 0.16,<=0.02,279,<=0.05,<=0.05,0.55 - 0.59,<=0.05,<=0.05,<=0.05,0.35 - 0.39,<=0.05,1,5,228,101309,214,143,94802,85,112153,165,103802,63,93898,PS,176,43799,83343,60801,111527
186399,002629,Rutgers University-Newark,Public,0,5208,Finance and Financial Management Services.,3,Bachelor's Degree,347,190,709,21527,22500,695,20394,20620,119,36410,27157,105,35350,27157,523,21751,22750,515,20397,21000,96,35649,27324,84,34750,27324,186,20898,19500,180,20385,19500,23,39586,27149,21,37750,27149,417,22733,22500,406,21321,21500,60,24011,16949,50,22401,11842,292,19805,21500,289,19091,20000,59,49020,38337,55,47122,40000,323,323,239,219,18,627,669,60547,6,212,228,60001,529,<=0.02,<=0.02,0.09 - 0.10,0.03 - 0.04,0.11 - 0.12,0.49 - 0.50,0.25 - 0.26,<=0.02,278,<=0.05,<=0.05,0.15 - 0.19,<=0.05,0.05 - 0.09,0.35 - 0.39,0.30 - 0.34,<=0.05,487,65129,274,72919,544,67923,216,69509,230,72957,220,210,145,70479,85,78621,166,74861,64,67236,41,762,68338,661,PS,675,12,676,100695,PS,138,82916,79,89336,162,87958,55,83036,PS,171,654,<=0.02,<=0.02,0.49 - 0.50,<=0.02,0.07 - 0.08,0.23 - 0.24,0.15 - 0.16,<=0.02,279,<=0.05,<=0.05,0.55 - 0.59,<=0.05,<=0.05,<=0.05,0.35 - 0.39,<=0.05,1,5,228,101309,214,143,94802,85,112153,165,103802,63,93898,PS,176,43799,83343,60801,111527
186432,002638,Saint Peter's University,"Private, nonprofit",1,5208,Finance and Financial Management Services.,3,Bachelor's Degree,13,16,PS,PS,PS,PS,PS,PS,PS,PS,PS,PS,PS,PS,PS,PS,PS,PS,PS,PS,PS,PS,PS,PS,PS,PS,PS,PS,PS,PS,PS,PS,PS,PS,PS,PS,PS,PS,PS,PS,PS,PS,PS,PS,PS,PS,PS,PS,PS,PS,PS,PS,PS,PS,PS,PS,PS,PS,PS,PS,PS,PS,PS,PS,PS,PS,0,PS,PS,PS,PS,PS,PS,PS,PS,PS,PS,PS,PS,PS,PS,PS,PS,PS,PS,PS,PS,PS,PS,PS,PS,PS,PS,PS,PS,PS,PS,PS,PS,PS,PS,PS,PS,PS,PS,PS,PS,PS,PS,PS,PS,PS,0,PS,PS,PS,PS,PS,PS,PS,PS,PS,PS,PS,PS,PS,PS,PS,PS,PS,PS,PS,PS,PS,PS,PS,PS,PS,PS,PS,PS,PS,PS,PS,PS,PS,PS,PS,PS,PS,2,PS,PS,PS,PS,PS,PS,PS,PS,PS,PS,PS,PS,PS,PS,43799,83343,60801,111527
186584,002632,Seton Hall University,"Private, nonprofit",1,5208,Finance and Financial Management Services.,3,Bachelor's Degree,161,174,150,20696,22808,145,20412,21500,38,49304,30423,36,47960,35630,121,20337,21500,117,20011,21500,27,41664,PS,26,40424,PS,29,22193,26624,28,22084,24125,11,68056,PS,10,67556,PS,55,PS,25000,55,PS,22000,15,23435,PS,13,24649,PS,95,19245,21500,90,19386,21500,23,PS,PS,23,PS,PS,362,424,242,228,4,93,106,56531,3,78,81,55693,83,<=0.20,<=0.20,<=0.20,<=0.20,<=0.20,0.40 - 0.59,<=0.20,<=0.20,84,<=0.20,<=0.20,<=0.20,<=0.20,<=0.20,0.40 - 0.59,0.20 - 0.39,<=0.20,52,55790,83,65810,109,62871,28,65643,89,65571,77,70,42,60384,47,67655,66,64986,24,71609,11,137,64233,113,PS,95,6,146,89994,PS,35,83431,49,74484,63,74859,21,94250,PS,56,133,<=0.10,<=0.10,0.60 - 0.69,<=0.10,<=0.10,0.10 - 0.19,<=0.10,<=0.10,84,<=0.20,<=0.20,0.20 - 0.39,<=0.20,<=0.20,<=0.20,0.20 - 0.39,<=0.20,1,6,85,94479,82,35,99412,50,91527,65,91920,20,106704,PS,56,43799,83343,60801,111527
186876,009345,Stockton University,Public,1,5208,Finance and Financial Management Services.,3,Bachelor's Degree,,0,,,,,,,,,,,,,,,,,,,,,,,,,,,,,,,,,,,,,,,,,,,,,,,,,,,,,,,,,,,,,,,,,,,,,,,,,,,,,,,,,,,,,,,,,,,,,,,,,,,,,,,,,,,,,,,,,,,,,,PS,PS,,,,,,,,,,,,,,,,,,,,,,,,,,,,,,1,,,,,,,,,,,,,,,PS,PS,PS,PS
187046,021922,Thomas Edison State University,Public,1,5208,Finance and Financial Management Services.,3,Bachelor's Degree,24,9,19,20417,16842,11,17549,PS,PS,PS,PS,PS,PS,PS,PS,PS,PS,PS,PS,PS,PS,PS,PS,PS,PS,PS,PS,PS,PS,PS,PS,PS,PS,PS,PS,PS,PS,PS,PS,PS,PS,PS,PS,PS,PS,PS,PS,PS,PS,PS,PS,PS,PS,PS,PS,PS,PS,PS,PS,PS,PS,PS,PS,PS,179,PS,1,PS,PS,PS,1,10,11,64005,PS,PS,PS,PS,PS,PS,PS,PS,PS,PS,PS,PS,PS,PS,PS,PS,PS,PS,PS,PS,PS,PS,PS,PS,PS,PS,PS,PS,PS,PS,PS,PS,PS,PS,PS,PS,PS,PS,3,PS,PS,PS,PS,PS,0,PS,PS,PS,PS,PS,PS,PS,PS,PS,PS,PS,PS,PS,PS,PS,PS,PS,PS,PS,PS,PS,PS,PS,PS,PS,PS,PS,PS,PS,PS,PS,3,2,PS,PS,PS,PS,PS,PS,PS,PS,PS,PS,PS,PS,PS,43799,83343,60801,111527
187444,002625,William Paterson University of New Jersey,Public,1,5208,Finance and Financial Management Services.,3,Bachelor's Degree,67,66,109,21725,22234,104,19621,19786,17,30569,PS,15,25277,PS,71,21034,22234,69,19165,19500,PS,PS,PS,PS,PS,PS,38,23016,22162,35,20519,21680,PS,PS,PS,PS,PS,PS,69,22460,23250,67,19740,20000,PS,PS,PS,PS,PS,PS,40,20458,19878,37,19406,19500,PS,PS,PS,PS,PS,PS,PS,PS,236,210,7,96,105,44724,2,64,75,46087,118,<=0.10,<=0.10,0.10 - 0.19,<=0.10,0.10 - 0.19,0.30 - 0.39,<=0.10,<=0.10,84,<=0.20,<=0.20,<=0.20,<=0.20,0.20 - 0.39,0.20 - 0.39,<=0.20,<=0.20,60,49810,30,57439,58,49544,32,53918,73,54359,70,61,58,54628,PS,PS,50,55224,24,51323,5,89,49895,70,PS,84,8,94,70356,PS,54,65494,16,68715,51,66008,20,64217,PS,59,83,<=0.20,<=0.20,0.60 - 0.79,<=0.20,<=0.20,<=0.20,<=0.20,<=0.20,84,<=0.20,<=0.20,0.40 - 0.59,<=0.20,<=0.20,<=0.20,<=0.20,<=0.20,1,6,78,75574,71,59,70035,18,80529,53,76048,26,70615,PS,65,43799,83343,60801,111527
188030,002657,New Mexico State University-Main Campus,Public,1,5208,Finance and Financial Management Services.,3,Bachelor's Degree,41,44,51,18524,15670,49,18060,15670,PS,PS,PS,PS,PS,PS,32,19656,19587,30,19976,20094,PS,PS,PS,PS,PS,PS,19,PS,9650,19,PS,9650,PS,PS,PS,PS,PS,PS,38,19785,PS,37,18873,PS,PS,PS,PS,PS,PS,PS,13,14838,PS,12,15554,PS,PS,PS,PS,PS,PS,PS,PS,PS,166,166,3,35,45,35555,4,44,52,34206,50,PS,PS,PS,PS,0.20 - 0.39,0.40 - 0.59,PS,PS,56,<=0.20,<=0.20,0.20 - 0.39,<=0.20,0.20 - 0.39,0.20 - 0.39,<=0.20,<=0.20,PS,PS,PS,PS,33,49092,19,50822,58,34290,48,44,49,33335,PS,PS,28,34990,30,33335,1,53,48868,39,PS,32,7,39,68890,PS,52,41173,PS,PS,27,52657,33,39060,PS,34,42,PS,PS,PS,PS,PS,PS,PS,PS,56,<=0.20,<=0.20,0.40 - 0.59,<=0.20,<=0.20,<=0.20,<=0.20,<=0.20,1,5,57,55084,49,PS,PS,PS,PS,27,55758,30,49370,PS,28,43799,83343,60801,111527
188182,002650,University of the Southwest,"Private, nonprofit",1,5208,Finance and Financial Management Services.,3,Bachelor's Degree,0,1,PS,PS,PS,PS,PS,PS,PS,PS,PS,PS,PS,PS,PS,PS,PS,PS,PS,PS,PS,PS,PS,PS,PS,PS,PS,PS,PS,PS,PS,PS,PS,PS,PS,PS,PS,PS,PS,PS,PS,PS,PS,PS,PS,PS,PS,PS,PS,PS,PS,PS,PS,PS,PS,PS,PS,PS,PS,PS,PS,PS,PS,PS,PS,PS,1,PS,PS,PS,PS,PS,PS,PS,PS,PS,PS,PS,PS,PS,PS,PS,PS,PS,PS,PS,PS,PS,PS,PS,PS,PS,PS,PS,PS,PS,PS,PS,PS,PS,PS,PS,PS,PS,PS,PS,PS,PS,PS,PS,PS,PS,0,PS,PS,PS,PS,PS,PS,PS,PS,PS,PS,PS,PS,PS,PS,PS,PS,PS,PS,PS,PS,PS,PS,PS,PS,PS,PS,PS,PS,PS,PS,PS,PS,PS,PS,PS,PS,PS,2,PS,PS,PS,PS,PS,PS,PS,PS,PS,PS,PS,PS,PS,PS,43799,83343,60801,111527
188429,002666,Adelphi University,"Private, nonprofit",1,5208,Finance and Financial Management Services.,3,Bachelor's Degree,27,24,25,PS,26000,25,PS,25000,11,41220,PS,10,40113,PS,PS,PS,PS,PS,PS,PS,PS,PS,PS,PS,PS,PS,PS,PS,PS,PS,PS,PS,PS,PS,PS,PS,PS,PS,PS,PS,PS,PS,PS,PS,PS,PS,PS,PS,PS,PS,PS,PS,PS,PS,PS,PS,PS,PS,PS,PS,PS,PS,PS,PS,276,265,1,25,25,54762,0,21,21,57995,26,PS,PS,PS,PS,PS,PS,PS,PS,20,PS,PS,PS,PS,PS,PS,PS,PS,PS,PS,PS,PS,PS,PS,PS,PS,22,66176,21,18,PS,PS,PS,PS,18,64375,PS,PS,0,30,49517,21,PS,28,0,27,97175,PS,PS,PS,PS,PS,18,74738,PS,PS,PS,21,22,PS,PS,0.40 - 0.59,PS,PS,PS,PS,PS,20,PS,PS,PS,PS,PS,PS,PS,PS,1,1,22,88940,21,PS,PS,PS,PS,PS,PS,PS,PS,PS,21,43799,83343,60801,111527
188641,002668,Alfred University,"Private, nonprofit",1,5208,Finance and Financial Management Services.,3,Bachelor's Degree,4,6,PS,PS,PS,PS,PS,PS,PS,PS,PS,PS,PS,PS,PS,PS,PS,PS,PS,PS,PS,PS,PS,PS,PS,PS,PS,PS,PS,PS,PS,PS,PS,PS,PS,PS,PS,PS,PS,PS,PS,PS,PS,PS,PS,PS,PS,PS,PS,PS,PS,PS,PS,PS,PS,PS,PS,PS,PS,PS,PS,PS,PS,PS,PS,PS,0,PS,PS,PS,PS,PS,PS,PS,17,PS,PS,PS,PS,PS,PS,PS,PS,PS,PS,PS,PS,PS,PS,PS,PS,PS,PS,PS,PS,PS,PS,PS,PS,PS,PS,PS,PS,PS,PS,PS,PS,PS,PS,PS,PS,PS,0,PS,PS,PS,PS,PS,1,PS,PS,PS,PS,PS,PS,PS,PS,PS,PS,PS,PS,PS,13,PS,PS,PS,PS,PS,PS,PS,PS,PS,PS,PS,PS,PS,PS,PS,PS,PS,1,0,PS,PS,PS,PS,PS,PS,PS,PS,PS,PS,PS,PS,PS,43799,83343,60801,111527
189228,007394,Berkeley College-New York,"Private, for-profit",1,5208,Finance and Financial Management Services.,3,Bachelor's Degree,15,9,14,PS,PS,14,PS,PS,PS,PS,PS,PS,PS,PS,PS,PS,PS,PS,PS,PS,PS,PS,PS,PS,PS,PS,PS,PS,PS,PS,PS,PS,PS,PS,PS,PS,PS,PS,PS,PS,PS,PS,PS,PS,PS,PS,PS,PS,PS,PS,PS,PS,PS,PS,PS,PS,PS,PS,PS,PS,PS,PS,PS,PS,PS,PS,1,28,30,48349,4,15,20,40485,28,PS,PS,PS,PS,PS,PS,PS,PS,30,PS,PS,0.40 - 0.59,PS,PS,PS,PS,PS,PS,PS,PS,PS,PS,PS,PS,PS,25,46263,21,17,23,42740,PS,PS,PS,PS,PS,PS,2,PS,PS,PS,PS,PS,8,23,48510,PS,16,51082,PS,PS,PS,PS,PS,PS,PS,PS,17,PS,PS,PS,PS,PS,PS,PS,PS,30,PS,PS,0.60 - 0.79,PS,PS,PS,PS,PS,3,4,22,76922,20,PS,PS,PS,PS,PS,PS,PS,PS,PS,PS,43799,83343,60801,111527
189705,002681,Canisius University,"Private, nonprofit",1,5208,Finance and Financial Management Services.,3,Bachelor's Degree,37,53,87,PS,21875,87,PS,19600,14,PS,PS,14,PS,PS,66,PS,23250,66,PS,20250,PS,PS,PS,PS,PS,PS,21,PS,19500,21,PS,19265,PS,PS,PS,PS,PS,PS,27,PS,25000,27,PS,23250,PS,PS,PS,PS,PS,PS,60,PS,19800,60,PS,18500,PS,PS,PS,PS,PS,PS,PS,PS,232,208,1,57,66,44460,0,50,57,42961,84,<=0.20,<=0.20,<=0.20,<=0.20,<=0.20,0.40 - 0.59,<=0.20,<=0.20,63,<=0.20,<=0.20,<=0.20,<=0.20,<=0.20,0.20 - 0.39,0.20 - 0.39,<=0.20,22,45720,39,51071,PS,PS,PS,PS,69,51781,56,52,39,50911,30,53564,42,57491,27,46824,0,61,48587,46,PS,58,2,90,70001,PS,35,56650,31,59400,40,59505,26,55653,PS,58,80,<=0.20,<=0.20,0.40 - 0.59,<=0.20,<=0.20,<=0.20,<=0.20,<=0.20,63,<=0.20,<=0.20,0.20 - 0.39,<=0.20,<=0.20,0.20 - 0.39,0.20 - 0.39,<=0.20,1,3,70,67796,65,37,65311,32,71577,42,73358,27,63230,19,57,43799,83343,60801,111527
189848,002685,Cazenovia College,"Private, nonprofit",1,5208,Finance and Financial Management Services.,3,Bachelor's Degree,2,,,,,,,,,,,,,,,,,,,,,,,,,,,,,,,,,,,,,,,,,,,,,,,,,,,,,,,,,,,,,,,,,,,,,,,,,,,,,,,,,,,,,,,,,,,,,,,,,,,,,,,,,,,,,,,,,,,,,,,PS,PS,,,,,,,,,,,,,,,,,,,,,,,,,,,,,,0,,,,,,,,,,,,,,,PS,PS,PS,PS
190512,007273,CUNY Bernard M Baruch College,Public,1,5208,Finance and Financial Management Services.,3,Bachelor's Degree,986,891,389,15391,11000,281,14735,11750,50,25319,19946,20,23262,17250,255,15140,11000,180,14456,11925,36,25567,PS,PS,PS,PS,134,15868,11125,101,15233,11521,14,24682,PS,PS,PS,PS,288,15281,11000,212,14315,11000,34,23079,PS,PS,PS,PS,101,15704,12000,69,16025,15677,16,30080,PS,PS,PS,PS,237,205,117,125,70,841,1002,46734,51,570,685,49501,208,<=0.05,<=0.05,0.20 - 0.24,0.05 - 0.09,0.10 - 0.14,0.40 - 0.44,0.10 - 0.14,<=0.05,213,<=0.05,<=0.05,0.20 - 0.24,<=0.05,0.05 - 0.09,0.40 - 0.44,0.15 - 0.19,<=0.05,825,53808,99,65967,566,56462,359,52381,728,58327,654,574,655,56917,73,65474,455,63903,273,48981,119,925,54991,703,PS,819,74,969,84956,544,595,69813,68,79503,422,76772,240,57415,19,570,272,<=0.05,<=0.05,0.55 - 0.59,<=0.05,0.10 - 0.14,0.15 - 0.19,0.10 - 0.14,<=0.05,213,<=0.05,<=0.05,0.45 - 0.49,0.05 - 0.09,<=0.05,0.20 - 0.24,0.20 - 0.24,<=0.05,1,87,646,85456,553,577,84799,67,97007,406,92908,239,73765,29,527,43799,83343,60801,111527
190549,002687,CUNY Brooklyn College,Public,1,5208,Finance and Financial Management Services.,3,Bachelor's Degree,110,78,40,18303,13938,29,14669,12464,PS,PS,PS,PS,PS,PS,23,19336,PS,17,15872,PS,PS,PS,PS,PS,PS,PS,17,16907,PS,12,12965,PS,PS,PS,PS,PS,PS,PS,PS,PS,PS,PS,PS,PS,PS,PS,PS,PS,PS,PS,PS,PS,PS,PS,PS,PS,PS,PS,PS,PS,PS,PS,PS,PS,148,132,4,33,45,31533,PS,PS,PS,PS,10,PS,PS,PS,PS,PS,PS,PS,PS,PS,PS,PS,PS,PS,PS,PS,PS,PS,PS,PS,PS,PS,72,38210,45,36752,PS,PS,PS,PS,PS,PS,PS,PS,PS,PS,PS,PS,17,116,37867,68,PS,103,0,88,69489,PS,PS,PS,PS,PS,PS,PS,PS,PS,PS,PS,25,PS,PS,0.40 - 0.59,PS,PS,PS,PS,PS,PS,PS,PS,PS,PS,PS,PS,PS,PS,1,0,PS,PS,PS,PS,PS,PS,PS,PS,PS,PS,PS,PS,PS,43799,83343,60801,111527
190567,002688,CUNY City College,Public,1,5208,Finance and Financial Management Services.,3,Bachelor's Degree,,0,,,,,,,,,,,,,,,,,,,,,,,,,,,,,,,,,,,,,,,,,,,,,,,,,,,,,,,,,,,,,,,,,,,,,,,,,,,,,,,,,,,,,,,,,,,,,,,,,,,,,,,,,,,,,,,,,,,,,,PS,PS,,,,,,,,,,,,,,,,,,,,,,,,,,,,,,1,,,,,,,,,,,,,,,PS,PS,PS,PS
190576,004765,CUNY Graduate School and University Center,Public,1,5208,Finance and Financial Management Services.,3,Bachelor's Degree,0,0,PS,PS,PS,PS,PS,PS,PS,PS,PS,PS,PS,PS,PS,PS,PS,PS,PS,PS,PS,PS,PS,PS,PS,PS,PS,PS,PS,PS,PS,PS,PS,PS,PS,PS,PS,PS,PS,PS,PS,PS,PS,PS,PS,PS,PS,PS,PS,PS,PS,PS,PS,PS,PS,PS,PS,PS,PS,PS,PS,PS,PS,PS,PS,PS,PS,PS,PS,PS,PS,PS,PS,PS,PS,PS,PS,PS,PS,PS,PS,PS,PS,PS,PS,PS,PS,PS,PS,PS,PS,PS,PS,PS,PS,PS,PS,PS,PS,PS,PS,PS,PS,PS,PS,PS,PS,PS,PS,PS,PS,PS,PS,PS,PS,PS,PS,PS,PS,PS,PS,PS,PS,PS,PS,PS,PS,PS,PS,PS,PS,PS,PS,PS,PS,PS,PS,PS,PS,PS,PS,PS,PS,PS,PS,PS,PS,PS,PS,PS,1,PS,PS,PS,PS,PS,PS,PS,PS,PS,PS,PS,PS,PS,PS,PS,PS,PS,PS
190664,002690,CUNY Queens College,Public,1,5208,Finance and Financial Management Services.,3,Bachelor's Degree,78,93,PS,PS,PS,PS,PS,PS,PS,PS,PS,PS,PS,PS,PS,PS,PS,PS,PS,PS,PS,PS,PS,PS,PS,PS,PS,PS,PS,PS,PS,PS,PS,PS,PS,PS,PS,PS,PS,PS,PS,PS,PS,PS,PS,PS,PS,PS,PS,PS,PS,PS,PS,PS,PS,PS,PS,PS,PS,PS,PS,PS,PS,PS,PS,PS,4,16,23,43978,4,56,66,39909,PS,PS,PS,PS,PS,PS,PS,PS,PS,14,PS,PS,PS,PS,PS,PS,PS,PS,PS,PS,PS,PS,PS,PS,PS,PS,71,48025,63,57,67,47828,PS,PS,38,50471,34,44233,3,23,45168,PS,PS,17,8,19,94526,PS,57,62255,PS,PS,PS,PS,27,62256,PS,52,PS,PS,PS,PS,PS,PS,PS,PS,PS,14,PS,PS,PS,PS,PS,PS,PS,PS,1,9,61,77085,51,PS,PS,PS,PS,32,81913,29,70604,PS,51,43799,83343,60801,111527
190691,004759,CUNY York College,Public,1,5208,Finance and Financial Management Services.,3,Bachelor's Degree,10,5,PS,PS,PS,PS,PS,PS,PS,PS,PS,PS,PS,PS,PS,PS,PS,PS,PS,PS,PS,PS,PS,PS,PS,PS,PS,PS,PS,PS,PS,PS,PS,PS,PS,PS,PS,PS,PS,PS,PS,PS,PS,PS,PS,PS,PS,PS,PS,PS,PS,PS,PS,PS,PS,PS,PS,PS,PS,PS,PS,PS,PS,PS,PS,PS,PS,PS,PS,PS,PS,PS,PS,PS,PS,PS,PS,PS,PS,PS,PS,PS,PS,PS,PS,PS,PS,PS,PS,PS,PS,PS,PS,PS,PS,PS,PS,PS,PS,PS,PS,PS,PS,PS,PS,PS,PS,PS,PS,PS,PS,PS,2,PS,PS,PS,PS,PS,PS,PS,PS,PS,PS,PS,PS,PS,PS,PS,PS,PS,PS,PS,PS,PS,PS,PS,PS,PS,PS,PS,PS,PS,PS,PS,PS,PS,PS,PS,PS,PS,1,PS,PS,PS,PS,PS,PS,PS,PS,PS,PS,PS,PS,PS,PS,43799,83343,60801,111527
190761,002713,Dominican University New York,"Private, nonprofit",1,5208,Finance and Financial Management Services.,3,Bachelor's Degree,2,9,PS,PS,PS,PS,PS,PS,PS,PS,PS,PS,PS,PS,PS,PS,PS,PS,PS,PS,PS,PS,PS,PS,PS,PS,PS,PS,PS,PS,PS,PS,PS,PS,PS,PS,PS,PS,PS,PS,PS,PS,PS,PS,PS,PS,PS,PS,PS,PS,PS,PS,PS,PS,PS,PS,PS,PS,PS,PS,PS,PS,PS,PS,PS,PS,1,PS,PS,PS,PS,PS,PS,PS,PS,PS,PS,PS,PS,PS,PS,PS,PS,PS,PS,PS,PS,PS,PS,PS,PS,PS,PS,PS,PS,PS,PS,PS,PS,PS,PS,PS,PS,PS,PS,PS,PS,PS,PS,PS,PS,PS,0,PS,PS,PS,PS,PS,0,PS,PS,PS,PS,PS,PS,PS,PS,PS,PS,PS,PS,PS,PS,PS,PS,PS,PS,PS,PS,PS,PS,PS,PS,PS,PS,PS,PS,PS,PS,PS,1,0,PS,PS,PS,PS,PS,PS,PS,PS,PS,PS,PS,PS,PS,43799,83343,60801,111527
190983,002718,Elmira College,"Private, nonprofit",1,5208,Finance and Financial Management Services.,3,Bachelor's Degree,0,0,PS,PS,PS,PS,PS,PS,PS,PS,PS,PS,PS,PS,PS,PS,PS,PS,PS,PS,PS,PS,PS,PS,PS,PS,PS,PS,PS,PS,PS,PS,PS,PS,PS,PS,PS,PS,PS,PS,PS,PS,PS,PS,PS,PS,PS,PS,PS,PS,PS,PS,PS,PS,PS,PS,PS,PS,PS,PS,PS,PS,PS,PS,PS,PS,PS,PS,PS,PS,PS,PS,PS,PS,PS,PS,PS,PS,PS,PS,PS,PS,PS,PS,PS,PS,PS,PS,PS,PS,PS,PS,PS,PS,PS,PS,PS,PS,PS,PS,PS,PS,PS,PS,PS,PS,PS,PS,PS,PS,PS,PS,PS,PS,PS,PS,PS,PS,PS,PS,PS,PS,PS,PS,PS,PS,PS,PS,PS,PS,PS,PS,PS,PS,PS,PS,PS,PS,PS,PS,PS,PS,PS,PS,PS,PS,PS,PS,PS,PS,1,PS,PS,PS,PS,PS,PS,PS,PS,PS,PS,PS,PS,PS,PS,PS,PS,PS,PS
191241,002722,Fordham University,"Private, nonprofit",1,5208,Finance and Financial Management Services.,3,Bachelor's Degree,229,262,163,21828,26850,162,21810,26870,44,90590,97478,43,91936,102455,131,21770,26000,130,21790,26146,PS,PS,PS,PS,PS,PS,32,PS,27000,32,PS,27000,PS,PS,PS,PS,PS,PS,32,20207,22032,31,20592,25000,PS,PS,PS,PS,PS,PS,131,PS,26925,131,PS,26925,PS,PS,PS,PS,PS,PS,1159,1218,285,285,9,167,179,70465,10,136,144,73195,166,<=0.10,<=0.10,<=0.10,<=0.10,<=0.10,0.50 - 0.59,0.20 - 0.29,<=0.10,153,<=0.10,<=0.10,<=0.10,<=0.10,<=0.10,0.40 - 0.49,0.30 - 0.39,<=0.10,41,80316,132,85729,137,83565,36,87850,152,87850,143,133,53,83210,100,90279,129,86575,24,96703,4,173,83789,165,PS,114,7,179,141860,PS,50,101426,94,115137,121,112459,23,117244,PS,98,165,<=0.10,<=0.10,0.30 - 0.39,<=0.10,<=0.10,0.20 - 0.29,0.20 - 0.29,<=0.10,153,<=0.10,<=0.10,0.20 - 0.29,<=0.10,<=0.10,0.20 - 0.29,0.40 - 0.49,<=0.10,1,7,141,133923,135,49,129270,92,137897,118,135180,23,127571,PS,90,43799,83343,60801,111527
191621,002735,Hilbert College,"Private, nonprofit",1,5208,Finance and Financial Management Services.,3,Bachelor's Degree,0,0,,,,,,,,,,,,,,,,,,,,,,,,,,,,,,,,,,,,,,,,,,,,,,,,,,,,,,,,,,,,,,,,,,,,,,,,,,,,,,,,,,,,,,,,,,,,,,,,,,,,,,,,,,,,,,,,,,,,,,PS,PS,,,,,,,,,,,,,,,,,,,,,,,,,,,,,,1,,,,,,,,,,,,,,,PS,PS,PS,PS
191649,002732,Hofstra University,"Private, nonprofit",1,5208,Finance and Financial Management Services.,3,Bachelor's Degree,69,61,78,21604,24875,77,21201,23250,37,70438,69638,35,72609,69638,49,21056,24750,48,20627,23250,27,68112,PS,25,70966,PS,29,PS,26000,29,PS,25250,10,PS,PS,10,PS,PS,36,22999,25125,35,22731,25250,16,82021,PS,15,86466,PS,42,PS,24000,42,PS,21250,21,61613,PS,20,62217,PS,828,828,264,246,3,67,77,52070,2,65,72,56234,65,<=0.20,<=0.20,0.20 - 0.39,<=0.20,<=0.20,0.40 - 0.59,<=0.20,<=0.20,68,<=0.20,<=0.20,<=0.20,<=0.20,<=0.20,0.40 - 0.59,0.20 - 0.39,<=0.20,34,52041,34,59291,44,55223,24,54715,75,70640,72,67,31,62962,45,71802,54,71050,PS,PS,9,67,55143,57,PS,55,2,82,89518,PS,28,69433,46,81099,52,75769,22,74987,PS,50,71,<=0.20,<=0.20,0.40 - 0.59,<=0.20,<=0.20,<=0.20,<=0.20,<=0.20,68,<=0.20,<=0.20,0.40 - 0.59,<=0.20,<=0.20,0.20 - 0.39,0.20 - 0.39,<=0.20,1,6,67,98154,61,26,74947,41,103205,48,96508,19,99654,PS,44,43799,83343,60801,111527
191931,002737,Iona University,"Private, nonprofit",1,5208,Finance and Financial Management Services.,3,Bachelor's Degree,50,43,80,20753,22656,79,20452,21250,35,PS,37982,35,PS,37982,60,PS,24250,60,PS,22773,PS,PS,PS,PS,PS,PS,20,18302,20500,19,18107,20500,PS,PS,PS,PS,PS,PS,28,21356,22898,27,21202,20500,15,PS,PS,15,PS,PS,52,PS,22531,52,PS,21500,20,PS,PS,20,PS,PS,452,452,240,225,7,52,56,48207,2,37,41,52107,49,PS,PS,PS,PS,PS,0.40 - 0.59,PS,PS,45,PS,PS,PS,PS,PS,0.40 - 0.59,PS,PS,24,55981,36,47723,PS,PS,PS,PS,49,58498,46,40,PS,PS,30,56603,39,63433,PS,PS,4,61,53084,49,PS,43,2,73,84128,PS,17,85025,32,65595,38,81035,PS,PS,PS,32,73,<=0.20,<=0.20,0.40 - 0.59,<=0.20,<=0.20,<=0.20,<=0.20,<=0.20,45,PS,PS,0.40 - 0.59,PS,PS,0.20 - 0.39,PS,PS,1,3,49,88073,43,18,93213,31,87287,PS,PS,PS,PS,PS,29,43799,83343,60801,111527
192323,002748,Le Moyne College,"Private, nonprofit",1,5208,Finance and Financial Management Services.,3,Bachelor's Degree,31,44,72,23114,23909,71,21785,23250,20,39814,35136,17,43816,PS,PS,PS,PS,PS,PS,PS,PS,PS,PS,PS,PS,PS,PS,24653,PS,PS,22235,PS,PS,PS,PS,PS,PS,PS,31,PS,26000,31,PS,23818,PS,PS,PS,PS,PS,PS,41,21792,23250,40,21096,23250,PS,PS,PS,PS,PS,PS,418,PS,253,246,1,61,66,48565,0,35,38,46087,50,PS,PS,PS,PS,PS,0.40 - 0.59,PS,PS,44,PS,PS,PS,PS,PS,0.40 - 0.59,0.20 - 0.39,PS,28,44165,37,48675,PS,PS,PS,PS,38,54198,38,34,16,46991,21,62494,26,52587,PS,PS,0,66,47232,51,PS,57,0,76,82414,PS,PS,PS,21,73704,26,64615,PS,PS,PS,23,89,<=0.20,<=0.20,0.40 - 0.59,<=0.20,<=0.20,0.20 - 0.39,<=0.20,<=0.20,44,PS,PS,0.20 - 0.39,PS,PS,PS,0.20 - 0.39,PS,1,2,36,78376,34,PS,PS,PS,PS,PS,PS,PS,PS,PS,24,43799,83343,60801,111527
192448,002751,Long Island University,"Private, nonprofit",1,5208,Finance and Financial Management Services.,3,Bachelor's Degree,10,18,PS,PS,PS,PS,PS,PS,PS,PS,PS,PS,PS,PS,PS,PS,PS,PS,PS,PS,PS,PS,PS,PS,PS,PS,PS,PS,PS,PS,PS,PS,PS,PS,PS,PS,PS,PS,PS,PS,PS,PS,PS,PS,PS,PS,PS,PS,PS,PS,PS,PS,PS,PS,PS,PS,PS,PS,PS,PS,PS,PS,PS,PS,PS,PS,0,PS,PS,PS,PS,PS,PS,PS,PS,PS,PS,PS,PS,PS,PS,PS,PS,PS,PS,PS,PS,PS,PS,PS,PS,PS,PS,PS,PS,PS,PS,PS,PS,PS,PS,PS,PS,PS,PS,PS,PS,PS,PS,PS,PS,PS,1,PS,PS,PS,PS,PS,0,PS,PS,PS,PS,PS,PS,PS,PS,PS,PS,PS,PS,PS,PS,PS,PS,PS,PS,PS,PS,PS,PS,PS,PS,PS,PS,PS,PS,PS,PS,PS,1,0,PS,PS,PS,PS,PS,PS,PS,PS,PS,PS,PS,PS,PS,43799,83343,60801,111527
192703,002758,Manhattan University,"Private, nonprofit",1,5208,Finance and Financial Management Services.,3,Bachelor's Degree,45,52,74,PS,26323,74,PS,26323,35,PS,75191,35,PS,75191,PS,PS,PS,PS,PS,PS,PS,PS,PS,PS,PS,PS,PS,PS,PS,PS,PS,PS,PS,PS,PS,PS,PS,PS,28,PS,27000,28,PS,27000,14,PS,PS,14,PS,PS,46,PS,25534,46,PS,25534,21,PS,PS,21,PS,PS,894,894,279,279,3,53,63,51351,2,51,58,55813,63,<=0.20,<=0.20,<=0.20,<=0.20,<=0.20,0.60 - 0.79,<=0.20,<=0.20,61,<=0.20,<=0.20,<=0.20,<=0.20,<=0.20,0.40 - 0.59,<=0.20,<=0.20,27,50794,39,63964,PS,PS,PS,PS,67,67825,60,58,28,64219,39,69661,53,68337,PS,PS,5,66,55972,53,PS,41,6,89,100376,PS,24,88753,38,78981,48,85012,PS,PS,PS,42,84,<=0.20,<=0.20,0.40 - 0.59,<=0.20,<=0.20,0.20 - 0.39,<=0.20,<=0.20,62,<=0.20,<=0.20,0.40 - 0.59,<=0.20,<=0.20,0.20 - 0.39,0.20 - 0.39,<=0.20,1,5,63,94770,63,25,99439,38,90134,PS,PS,PS,PS,PS,42,43799,83343,60801,111527
192749,002760,Manhattanville University,"Private, nonprofit",1,5208,Finance and Financial Management Services.,3,Bachelor's Degree,16,16,19,PS,25000,19,PS,25000,PS,PS,PS,PS,PS,PS,PS,PS,PS,PS,PS,PS,PS,PS,PS,PS,PS,PS,PS,PS,PS,PS,PS,PS,PS,PS,PS,PS,PS,PS,PS,PS,PS,PS,PS,PS,PS,PS,PS,PS,PS,PS,PS,PS,PS,PS,PS,PS,PS,PS,PS,PS,PS,PS,PS,PS,265,265,0,19,20,48212,0,21,22,61020,19,PS,PS,PS,PS,PS,PS,PS,PS,19,PS,PS,PS,PS,PS,PS,PS,PS,PS,PS,PS,PS,PS,PS,PS,PS,24,75697,22,22,PS,PS,PS,PS,PS,PS,PS,PS,1,18,53434,PS,PS,PS,1,18,76914,PS,PS,PS,PS,PS,PS,PS,PS,PS,PS,18,21,PS,PS,0.40 - 0.59,PS,PS,PS,PS,PS,19,PS,PS,PS,PS,PS,PS,PS,PS,2,1,21,81690,17,PS,PS,PS,PS,PS,PS,PS,PS,PS,PS,43799,83343,60801,111527
192864,002769,Marymount Manhattan College,"Private, nonprofit",1,5208,Finance and Financial Management Services.,3,Bachelor's Degree,3,4,PS,PS,PS,PS,PS,PS,PS,PS,PS,PS,PS,PS,PS,PS,PS,PS,PS,PS,PS,PS,PS,PS,PS,PS,PS,PS,PS,PS,PS,PS,PS,PS,PS,PS,PS,PS,PS,PS,PS,PS,PS,PS,PS,PS,PS,PS,PS,PS,PS,PS,PS,PS,PS,PS,PS,PS,PS,PS,PS,PS,PS,PS,PS,PS,1,PS,PS,PS,PS,PS,PS,PS,PS,PS,PS,PS,PS,PS,PS,PS,PS,PS,PS,PS,PS,PS,PS,PS,PS,PS,PS,PS,PS,PS,PS,PS,PS,PS,PS,PS,PS,PS,PS,PS,PS,PS,PS,PS,PS,PS,0,PS,PS,PS,PS,PS,0,PS,PS,PS,PS,PS,PS,PS,PS,PS,PS,PS,PS,PS,PS,PS,PS,PS,PS,PS,PS,PS,PS,PS,PS,PS,PS,PS,PS,PS,PS,PS,1,0,PS,PS,PS,PS,PS,PS,PS,PS,PS,PS,PS,PS,PS,43799,83343,60801,111527
193292,002775,Molloy University,"Private, nonprofit",1,5208,Finance and Financial Management Services.,3,Bachelor's Degree,13,10,19,PS,25000,19,PS,25000,PS,PS,PS,PS,PS,PS,PS,PS,PS,PS,PS,PS,PS,PS,PS,PS,PS,PS,PS,PS,PS,PS,PS,PS,PS,PS,PS,PS,PS,PS,PS,PS,PS,PS,PS,PS,PS,PS,PS,PS,PS,PS,PS,PS,PS,PS,PS,PS,PS,PS,PS,PS,PS,PS,PS,PS,265,265,0,PS,PS,PS,PS,PS,PS,PS,PS,PS,PS,PS,PS,PS,PS,PS,PS,11,PS,PS,PS,PS,PS,PS,PS,PS,PS,PS,PS,PS,PS,PS,PS,PS,PS,PS,PS,PS,PS,PS,PS,PS,PS,PS,PS,PS,1,PS,PS,PS,PS,PS,0,PS,PS,PS,PS,PS,PS,PS,PS,PS,PS,PS,PS,PS,16,PS,PS,PS,PS,PS,PS,PS,PS,11,PS,PS,PS,PS,PS,PS,PS,PS,1,0,PS,PS,PS,PS,PS,PS,PS,PS,PS,PS,PS,PS,PS,43799,83343,60801,111527
193584,002779,Nazareth University,"Private, nonprofit",1,5208,Finance and Financial Management Services.,3,Bachelor's Degree,9,14,14,22352,PS,13,21175,PS,PS,PS,PS,PS,PS,PS,PS,PS,PS,PS,PS,PS,PS,PS,PS,PS,PS,PS,PS,PS,PS,PS,PS,PS,PS,PS,PS,PS,PS,PS,PS,PS,PS,PS,PS,PS,PS,PS,PS,PS,PS,PS,PS,PS,PS,PS,PS,PS,PS,PS,PS,PS,PS,PS,PS,PS,PS,PS,0,PS,PS,PS,0,13,16,42682,12,PS,PS,PS,PS,PS,PS,PS,PS,16,PS,PS,PS,PS,PS,PS,PS,PS,PS,PS,PS,PS,PS,PS,PS,PS,PS,PS,PS,PS,PS,PS,PS,PS,PS,PS,PS,PS,0,PS,PS,PS,PS,PS,1,19,79225,PS,PS,PS,PS,PS,PS,PS,PS,PS,PS,PS,12,PS,PS,PS,PS,PS,PS,PS,PS,16,PS,PS,PS,PS,PS,PS,PS,PS,1,0,PS,PS,PS,PS,PS,PS,PS,PS,PS,PS,PS,PS,PS,43799,83343,60801,111527
193900,002785,New York University,"Private, nonprofit",1,5208,Finance and Financial Management Services.,3,Bachelor's Degree,,1,PS,PS,PS,PS,PS,PS,PS,PS,PS,PS,PS,PS,PS,PS,PS,PS,PS,PS,PS,PS,PS,PS,PS,PS,PS,PS,PS,PS,PS,PS,PS,PS,PS,PS,PS,PS,PS,PS,PS,PS,PS,PS,PS,PS,PS,PS,PS,PS,PS,PS,PS,PS,PS,PS,PS,PS,PS,PS,PS,PS,PS,PS,PS,PS,PS,PS,PS,PS,2,11,12,84653,PS,PS,PS,PS,PS,PS,PS,PS,PS,PS,PS,PS,PS,PS,PS,PS,PS,PS,PS,PS,PS,PS,PS,PS,PS,PS,PS,PS,PS,PS,PS,PS,PS,PS,PS,PS,PS,PS,PS,PS,PS,PS,PS,PS,3,PS,PS,PS,PS,PS,PS,PS,PS,PS,PS,PS,PS,PS,PS,PS,PS,PS,PS,PS,PS,PS,PS,PS,PS,PS,PS,PS,PS,PS,PS,PS,1,3,PS,PS,PS,PS,PS,PS,PS,PS,PS,PS,PS,PS,PS,PS,PS,PS,PS
193973,002788,Niagara University,"Private, nonprofit",1,5208,Finance and Financial Management Services.,3,Bachelor's Degree,18,13,12,PS,PS,12,PS,PS,PS,PS,PS,PS,PS,PS,PS,PS,PS,PS,PS,PS,PS,PS,PS,PS,PS,PS,PS,PS,PS,PS,PS,PS,PS,PS,PS,PS,PS,PS,PS,PS,PS,PS,PS,PS,PS,PS,PS,PS,PS,PS,PS,PS,PS,PS,PS,PS,PS,PS,PS,PS,PS,PS,PS,PS,PS,PS,0,PS,PS,PS,PS,PS,PS,PS,18,PS,PS,PS,PS,PS,PS,PS,PS,PS,PS,PS,PS,PS,PS,PS,PS,PS,PS,PS,PS,PS,PS,PS,PS,PS,PS,PS,PS,PS,PS,PS,PS,PS,PS,PS,PS,PS,0,PS,PS,PS,PS,PS,0,PS,PS,PS,PS,PS,PS,PS,PS,PS,PS,PS,PS,PS,PS,PS,PS,PS,PS,PS,PS,PS,PS,PS,PS,PS,PS,PS,PS,PS,PS,PS,1,0,PS,PS,PS,PS,PS,PS,PS,PS,PS,PS,PS,PS,PS,43799,83343,60801,111527
194310,002791,Pace University,"Private, nonprofit",1,5208,Finance and Financial Management Services.,3,Bachelor's Degree,124,89,115,23515,26000,113,22219,25000,52,63098,63307,51,62811,61985,78,23706,26000,76,22446,23250,33,65860,61985,32,66868,63307,37,PS,26298,37,PS,26000,19,PS,68774,19,PS,53820,59,25240,26298,58,23829,25000,23,PS,56860,23,PS,56860,56,21697,26000,55,20521,23000,29,69517,69676,28,69896,67745,753,737,276,265,9,103,122,46856,9,118,125,59253,118,<=0.10,<=0.10,0.10 - 0.19,<=0.10,0.10 - 0.19,0.40 - 0.49,0.10 - 0.19,<=0.10,129,<=0.10,<=0.10,0.10 - 0.19,<=0.10,0.10 - 0.19,0.40 - 0.49,0.10 - 0.19,<=0.10,64,57820,50,63649,79,54412,34,70771,133,68102,122,109,87,64127,46,72045,99,66838,34,71697,5,112,61246,95,PS,77,9,158,92271,110,89,76382,39,85900,95,78454,32,82181,PS,86,108,<=0.10,<=0.10,0.50 - 0.59,<=0.10,<=0.10,0.10 - 0.19,<=0.10,<=0.10,129,<=0.10,<=0.10,0.40 - 0.49,<=0.10,<=0.10,0.10 - 0.19,0.20 - 0.29,<=0.10,1,12,125,98341,117,88,96991,37,100974,91,95853,34,103287,PS,85,43799,83343,60801,111527
195003,002806,Rochester Institute of Technology,"Private, nonprofit",1,5208,Finance and Financial Management Services.,3,Bachelor's Degree,33,26,42,PS,23250,42,PS,23250,PS,PS,PS,PS,PS,PS,29,PS,PS,29,PS,PS,PS,PS,PS,PS,PS,PS,13,PS,PS,13,PS,PS,PS,PS,PS,PS,PS,PS,22,PS,23828,22,PS,23828,PS,PS,PS,PS,PS,PS,20,PS,16000,20,PS,15125,PS,PS,PS,PS,PS,PS,PS,PS,246,246,1,24,26,47974,1,16,16,56415,29,PS,PS,PS,PS,PS,0.20 - 0.39,PS,PS,25,PS,PS,PS,PS,PS,PS,PS,PS,PS,PS,PS,PS,PS,PS,PS,PS,20,73688,17,17,PS,PS,PS,PS,PS,PS,PS,PS,0,35,56513,31,PS,25,1,35,72313,PS,PS,PS,PS,PS,PS,PS,PS,PS,PS,PS,31,PS,PS,0.40 - 0.59,PS,PS,PS,PS,PS,25,PS,PS,0.40 - 0.59,PS,PS,PS,PS,PS,1,1,20,89375,20,PS,PS,PS,PS,PS,PS,PS,PS,PS,PS,43799,83343,60801,111527
195164,002817,St Bonaventure University,"Private, nonprofit",1,5208,Finance and Financial Management Services.,3,Bachelor's Degree,42,29,50,PS,25443,50,PS,24375,PS,PS,PS,PS,PS,PS,PS,PS,PS,PS,PS,PS,PS,PS,PS,PS,PS,PS,PS,PS,PS,PS,PS,PS,PS,PS,PS,PS,PS,PS,17,PS,PS,17,PS,PS,PS,PS,PS,PS,PS,PS,33,PS,PS,33,PS,PS,PS,PS,PS,PS,PS,PS,PS,PS,270,258,1,21,23,52077,0,21,20,52941,27,PS,PS,PS,PS,PS,0.40 - 0.59,PS,PS,20,PS,PS,PS,PS,PS,PS,PS,PS,PS,PS,PS,PS,PS,PS,PS,PS,26,60525,20,20,PS,PS,PS,PS,21,61022,PS,PS,2,32,51244,28,PS,PS,2,44,92426,PS,PS,PS,PS,PS,18,71222,PS,PS,PS,PS,40,PS,PS,0.60 - 0.79,PS,PS,PS,PS,PS,20,PS,PS,PS,PS,PS,PS,PS,PS,1,0,26,81426,25,PS,PS,PS,PS,PS,PS,PS,PS,PS,PS,43799,83343,60801,111527
195234,002705,The College of Saint Rose,"Private, nonprofit",1,5208,Finance and Financial Management Services.,3,Bachelor's Degree,11,17,PS,PS,PS,PS,PS,PS,PS,PS,PS,PS,PS,PS,PS,PS,PS,PS,PS,PS,PS,PS,PS,PS,PS,PS,PS,PS,PS,PS,PS,PS,PS,PS,PS,PS,PS,PS,PS,PS,PS,PS,PS,PS,PS,PS,PS,PS,PS,PS,PS,PS,PS,PS,PS,PS,PS,PS,PS,PS,PS,PS,PS,PS,PS,PS,0,PS,PS,PS,PS,PS,PS,PS,PS,PS,PS,PS,PS,PS,PS,PS,PS,PS,PS,PS,PS,PS,PS,PS,PS,PS,PS,PS,PS,PS,PS,PS,PS,PS,PS,PS,PS,PS,PS,PS,PS,PS,PS,PS,PS,PS,0,PS,PS,PS,PS,PS,0,PS,PS,PS,PS,PS,PS,PS,PS,PS,PS,PS,PS,PS,PS,PS,PS,PS,PS,PS,PS,PS,PS,PS,PS,PS,PS,PS,PS,PS,PS,PS,1,0,PS,PS,PS,PS,PS,PS,PS,PS,PS,PS,PS,PS,PS,43799,83343,60801,111527
195243,002832,St. Thomas Aquinas College,"Private, nonprofit",1,5208,Finance and Financial Management Services.,3,Bachelor's Degree,10,13,PS,PS,PS,PS,PS,PS,PS,PS,PS,PS,PS,PS,PS,PS,PS,PS,PS,PS,PS,PS,PS,PS,PS,PS,PS,PS,PS,PS,PS,PS,PS,PS,PS,PS,PS,PS,PS,PS,PS,PS,PS,PS,PS,PS,PS,PS,PS,PS,PS,PS,PS,PS,PS,PS,PS,PS,PS,PS,PS,PS,PS,PS,PS,PS,0,PS,PS,PS,1,16,18,46087,PS,PS,PS,PS,PS,PS,PS,PS,PS,PS,PS,PS,PS,PS,PS,PS,PS,PS,PS,PS,PS,PS,PS,PS,PS,PS,18,62449,18,17,PS,PS,PS,PS,PS,PS,PS,PS,1,PS,PS,PS,PS,PS,0,PS,PS,PS,PS,PS,PS,PS,16,66536,PS,PS,PS,PS,PS,PS,PS,PS,PS,PS,PS,PS,PS,PS,PS,PS,PS,PS,PS,PS,PS,PS,1,0,22,73070,21,PS,PS,PS,PS,PS,PS,PS,PS,PS,PS,43799,83343,60801,111527
195474,002816,Siena University,"Private, nonprofit",1,5208,Finance and Financial Management Services.,3,Bachelor's Degree,39,59,81,PS,27000,81,PS,26000,16,PS,PS,16,PS,PS,67,PS,PS,67,PS,PS,PS,PS,PS,PS,PS,PS,14,PS,PS,14,PS,PS,PS,PS,PS,PS,PS,PS,25,PS,26899,25,PS,25000,PS,PS,PS,PS,PS,PS,56,PS,27000,56,PS,27000,PS,PS,PS,PS,PS,PS,PS,PS,286,276,1,72,77,50776,1,53,54,51607,61,<=0.20,<=0.20,<=0.20,<=0.20,<=0.20,0.40 - 0.59,<=0.20,<=0.20,53,<=0.20,<=0.20,<=0.20,<=0.20,<=0.20,0.40 - 0.59,0.20 - 0.39,<=0.20,27,48937,51,58407,PS,PS,PS,PS,55,66222,51,50,PS,PS,43,66843,46,65344,PS,PS,1,79,54056,65,PS,68,2,80,88623,PS,PS,PS,43,73522,45,75154,PS,PS,PS,39,78,<=0.20,<=0.20,0.40 - 0.59,<=0.20,<=0.20,<=0.20,<=0.20,<=0.20,53,<=0.20,<=0.20,0.20 - 0.39,<=0.20,<=0.20,0.20 - 0.39,0.20 - 0.39,<=0.20,1,2,52,99365,51,PS,PS,PS,PS,PS,PS,PS,PS,PS,38,43799,83343,60801,111527
195720,002821,St. John Fisher University,"Private, nonprofit",1,5208,Finance and Financial Management Services.,3,Bachelor's Degree,35,42,63,22748,26000,60,20728,22875,22,50331,40163,21,49820,38010,51,23248,PS,49,21759,PS,PS,PS,PS,PS,PS,PS,12,20621,PS,11,16136,PS,PS,PS,PS,PS,PS,PS,28,23122,26530,27,19748,25000,11,38469,PS,10,39328,PS,35,22448,24500,33,21531,21500,11,PS,PS,11,PS,PS,478,452,276,243,7,46,51,42245,1,45,46,50022,63,<=0.20,<=0.20,<=0.20,<=0.20,<=0.20,0.40 - 0.59,<=0.20,<=0.20,52,<=0.20,<=0.20,<=0.20,<=0.20,<=0.20,0.40 - 0.59,<=0.20,<=0.20,26,53977,29,42894,PS,PS,PS,PS,55,59652,46,47,23,49901,32,63887,44,63078,PS,PS,1,55,46785,45,PS,47,0,79,70455,PS,23,64616,PS,PS,44,71052,PS,PS,PS,38,79,<=0.20,<=0.20,0.40 - 0.59,<=0.20,<=0.20,0.20 - 0.39,<=0.20,<=0.20,52,<=0.20,<=0.20,0.40 - 0.59,<=0.20,<=0.20,<=0.20,0.20 - 0.39,<=0.20,1,1,53,89381,48,22,72317,31,98958,PS,PS,PS,PS,PS,37,43799,83343,60801,111527
195809,002823,St. John's University-New York,"Private, nonprofit",1,5208,Finance and Financial Management Services.,3,Bachelor's Degree,131,129,158,PS,26000,158,PS,26000,63,70676,66101,61,72687,67585,110,PS,25995,110,PS,25424,45,71072,PS,44,72354,PS,48,PS,26868,48,PS,26868,18,69685,PS,17,73549,PS,91,PS,26000,91,PS,26000,35,63746,64987,34,65503,65477,67,PS,26000,67,PS,25000,28,79338,76462,27,81733,72863,786,804,276,276,7,95,111,49485,9,74,80,58221,92,<=0.20,<=0.20,<=0.20,<=0.20,<=0.20,0.40 - 0.59,<=0.20,<=0.20,80,<=0.20,<=0.20,<=0.20,<=0.20,<=0.20,0.40 - 0.59,<=0.20,<=0.20,77,47890,47,52953,93,50459,31,59174,93,62566,78,72,66,63990,27,57979,68,60766,25,71588,6,124,51259,92,PS,96,7,167,98970,PS,59,81207,24,62586,57,81427,25,68002,PS,54,144,<=0.10,<=0.10,0.50 - 0.59,<=0.10,0.10 - 0.19,0.10 - 0.19,<=0.10,<=0.10,80,<=0.20,<=0.20,0.40 - 0.59,<=0.20,<=0.20,<=0.20,<=0.20,<=0.20,1,9,83,85166,75,59,86496,24,75710,PS,PS,28,84759,PS,53,43799,83343,60801,111527
196006,002854,SUNY College of Technology at Alfred,Public,1,5208,Finance and Financial Management Services.,3,Bachelor's Degree,8,5,16,PS,PS,16,PS,PS,PS,PS,PS,PS,PS,PS,PS,PS,PS,PS,PS,PS,PS,PS,PS,PS,PS,PS,PS,PS,PS,PS,PS,PS,PS,PS,PS,PS,PS,PS,PS,PS,PS,PS,PS,PS,PS,PS,PS,PS,PS,PS,PS,PS,PS,PS,PS,PS,PS,PS,PS,PS,PS,PS,PS,PS,PS,PS,0,PS,PS,PS,0,18,19,43426,PS,PS,PS,PS,PS,PS,PS,PS,PS,18,PS,PS,PS,PS,PS,PS,PS,PS,PS,PS,PS,PS,PS,PS,PS,PS,19,51072,19,17,PS,PS,PS,PS,PS,PS,PS,PS,0,PS,PS,PS,PS,PS,0,16,54833,PS,PS,PS,PS,PS,PS,PS,PS,PS,PS,16,16,PS,PS,PS,PS,PS,PS,PS,PS,18,PS,PS,PS,PS,PS,PS,PS,PS,1,0,19,65098,18,PS,PS,PS,PS,PS,PS,PS,PS,PS,16,43799,83343,60801,111527
196015,002855,SUNY College of Technology at Canton,Public,1,5208,Finance and Financial Management Services.,3,Bachelor's Degree,27,31,28,30962,27377,27,25386,24339,PS,PS,PS,PS,PS,PS,PS,PS,PS,PS,PS,PS,PS,PS,PS,PS,PS,PS,PS,30163,PS,PS,28015,PS,PS,PS,PS,PS,PS,PS,PS,PS,PS,PS,PS,PS,PS,PS,PS,PS,PS,PS,PS,PS,PS,PS,PS,PS,PS,PS,PS,PS,PS,PS,PS,PS,290,258,0,PS,19,32235,0,24,26,43240,15,PS,PS,PS,PS,PS,PS,PS,PS,24,PS,PS,PS,PS,PS,PS,PS,PS,PS,PS,PS,PS,PS,PS,PS,PS,24,49166,23,23,20,45901,PS,PS,PS,PS,16,44960,3,23,42110,20,PS,21,0,25,60986,PS,21,47357,PS,PS,PS,PS,PS,PS,PS,18,28,PS,PS,PS,PS,PS,PS,PS,PS,24,PS,PS,0.40 - 0.59,PS,PS,PS,PS,PS,3,0,25,66486,20,PS,PS,PS,PS,PS,PS,PS,PS,PS,19,43799,83343,60801,111527
196033,002856,SUNY College of Agriculture and Technology at Cobleskill,Public,1,5208,Finance and Financial Management Services.,3,Bachelor's Degree,3,1,PS,PS,PS,PS,PS,PS,PS,PS,PS,PS,PS,PS,PS,PS,PS,PS,PS,PS,PS,PS,PS,PS,PS,PS,PS,PS,PS,PS,PS,PS,PS,PS,PS,PS,PS,PS,PS,PS,PS,PS,PS,PS,PS,PS,PS,PS,PS,PS,PS,PS,PS,PS,PS,PS,PS,PS,PS,PS,PS,PS,PS,PS,PS,PS,1,PS,PS,PS,PS,PS,PS,PS,PS,PS,PS,PS,PS,PS,PS,PS,PS,PS,PS,PS,PS,PS,PS,PS,PS,PS,PS,PS,PS,PS,PS,PS,PS,PS,PS,PS,PS,PS,PS,PS,PS,PS,PS,PS,PS,PS,0,PS,PS,PS,PS,PS,1,PS,PS,PS,PS,PS,PS,PS,PS,PS,PS,PS,PS,PS,PS,PS,PS,PS,PS,PS,PS,PS,PS,PS,PS,PS,PS,PS,PS,PS,PS,PS,1,0,PS,PS,PS,PS,PS,PS,PS,PS,PS,PS,PS,PS,PS,43799,83343,60801,111527
196079,002836,Binghamton University,Public,1,5208,Finance and Financial Management Services.,3,Bachelor's Degree,128,131,83,16738,15000,76,16895,15363,14,32531,PS,12,26714,PS,60,16085,14375,57,15647,14000,PS,PS,PS,PS,PS,PS,23,18442,17500,19,20641,20500,PS,PS,PS,PS,PS,PS,34,18999,18250,32,18889,18250,PS,PS,PS,PS,PS,PS,49,15170,14000,44,15445,14500,PS,PS,PS,PS,PS,PS,PS,PS,159,163,4,74,82,57692,0,53,56,63005,58,<=0.20,<=0.20,<=0.20,<=0.20,<=0.20,0.40 - 0.59,0.20 - 0.39,<=0.20,53,<=0.20,<=0.20,<=0.20,<=0.20,<=0.20,0.40 - 0.59,0.20 - 0.39,<=0.20,34,74090,45,73103,58,71370,21,84552,58,82373,51,49,32,75288,25,84066,45,85264,PS,PS,3,79,73598,71,PS,70,0,96,115013,PS,33,92084,26,98235,44,99138,PS,PS,PS,44,83,<=0.20,<=0.20,0.40 - 0.59,<=0.20,<=0.20,0.20 - 0.39,<=0.20,<=0.20,53,<=0.20,<=0.20,0.20 - 0.39,<=0.20,<=0.20,0.20 - 0.39,0.20 - 0.39,<=0.20,1,0,59,115986,57,34,110703,25,122589,PS,PS,PS,PS,PS,44,43799,83343,60801,111527
196112,011678,SUNY Polytechnic Institute,Public,1,5208,Finance and Financial Management Services.,3,Bachelor's Degree,10,11,PS,PS,PS,PS,PS,PS,PS,PS,PS,PS,PS,PS,PS,PS,PS,PS,PS,PS,PS,PS,PS,PS,PS,PS,PS,PS,PS,PS,PS,PS,PS,PS,PS,PS,PS,PS,PS,PS,PS,PS,PS,PS,PS,PS,PS,PS,PS,PS,PS,PS,PS,PS,PS,PS,PS,PS,PS,PS,PS,PS,PS,PS,PS,PS,PS,PS,PS,PS,PS,PS,PS,PS,PS,PS,PS,PS,PS,PS,PS,PS,PS,PS,PS,PS,PS,PS,PS,PS,PS,PS,PS,PS,PS,PS,PS,PS,PS,PS,PS,PS,PS,PS,PS,PS,PS,PS,PS,PS,PS,PS,0,PS,PS,PS,PS,PS,0,PS,PS,PS,PS,PS,PS,PS,PS,PS,PS,PS,PS,PS,PS,PS,PS,PS,PS,PS,PS,PS,PS,PS,PS,PS,PS,PS,PS,PS,PS,PS,1,0,PS,PS,PS,PS,PS,PS,PS,PS,PS,PS,PS,PS,PS,PS,PS,PS,PS
196121,002841,SUNY Brockport,Public,1,5208,Finance and Financial Management Services.,3,Bachelor's Degree,41,27,58,23315,23093,57,20111,21258,11,PS,PS,11,PS,PS,46,22860,PS,45,19957,PS,PS,PS,PS,PS,PS,PS,12,PS,PS,12,PS,PS,PS,PS,PS,PS,PS,PS,31,25574,23187,30,20862,20590,PS,PS,PS,PS,PS,PS,27,PS,22608,27,PS,21500,PS,PS,PS,PS,PS,PS,PS,PS,245,225,0,75,80,42931,3,49,50,40527,68,<=0.20,<=0.20,<=0.20,<=0.20,<=0.20,0.40 - 0.59,<=0.20,<=0.20,60,<=0.20,<=0.20,<=0.20,<=0.20,0.20 - 0.39,0.20 - 0.39,<=0.20,<=0.20,26,53351,25,45236,PS,PS,PS,PS,57,48380,50,47,31,49219,25,47849,45,47947,PS,PS,1,51,49019,43,PS,43,2,72,70248,PS,28,56431,28,56235,44,56725,PS,PS,PS,51,55,<=0.20,<=0.20,0.60 - 0.79,<=0.20,<=0.20,<=0.20,<=0.20,<=0.20,60,<=0.20,<=0.20,0.40 - 0.59,<=0.20,<=0.20,<=0.20,<=0.20,<=0.20,1,2,56,64752,49,26,63148,28,65390,PS,PS,PS,PS,PS,51,43799,83343,60801,111527
196158,002844,SUNY at Fredonia,Public,1,5208,Finance and Financial Management Services.,3,Bachelor's Degree,,,PS,22191,25171,PS,21021,23750,PS,PS,PS,PS,PS,PS,PS,PS,PS,PS,PS,PS,PS,PS,PS,PS,PS,PS,PS,PS,PS,PS,PS,PS,PS,PS,PS,PS,PS,PS,PS,PS,PS,PS,PS,PS,PS,PS,PS,PS,PS,PS,PS,19795,PS,PS,18335,PS,PS,PS,PS,PS,PS,PS,PS,PS,267,252,1,38,37,40094,0,29,32,45207,42,PS,PS,PS,PS,PS,0.60 - 0.79,PS,PS,44,PS,PS,PS,PS,PS,0.40 - 0.59,PS,PS,PS,PS,PS,PS,PS,PS,PS,PS,33,52787,31,28,PS,PS,18,54274,21,55986,PS,PS,1,28,46737,24,PS,25,0,39,61231,PS,PS,PS,18,56168,21,60690,PS,PS,PS,28,28,PS,PS,0.40 - 0.59,PS,PS,PS,PS,PS,44,PS,PS,0.40 - 0.59,PS,PS,0.20 - 0.39,PS,PS,0,0,35,70576,34,16,74447,19,67853,PS,PS,PS,PS,PS,30,43799,83343,60801,111527
196167,002845,SUNY College at Geneseo,Public,1,5208,Finance and Financial Management Services.,3,Bachelor's Degree,0,12,,,,,,,,,,,,,,,,,,,,,,,,,,,,,,,,,,,,,,,,,,,,,,,,,,,,,,,,,,,,,,,,,,,,,,,,,,,,,,,,,,,,,,,,,,,,,,,,,,,,,,,,,,,,,,,,,,,,,,PS,PS,,,,,,,,,,,,,,,,,,,,,,,,,,,,,,1,,,,,,,,,,,,,,,PS,PS,PS,PS
196176,002846,State University of New York at New Paltz,Public,1,5208,Finance and Financial Management Services.,3,Bachelor's Degree,51,37,30,19494,19550,29,17467,16500,12,24016,PS,11,25391,PS,17,PS,PS,17,PS,PS,PS,PS,PS,PS,PS,PS,13,19496,PS,12,17305,PS,PS,PS,PS,PS,PS,PS,18,19858,PS,17,19377,PS,PS,PS,PS,PS,PS,PS,12,PS,PS,12,PS,PS,PS,PS,PS,PS,PS,PS,PS,PS,207,175,1,25,28,35718,0,45,54,43128,45,PS,PS,PS,PS,PS,0.40 - 0.59,PS,PS,51,<=0.20,<=0.20,<=0.20,<=0.20,<=0.20,0.40 - 0.59,0.20 - 0.39,<=0.20,PS,PS,PS,PS,PS,PS,PS,PS,56,55591,55,50,30,60360,26,53773,38,55576,PS,PS,5,31,43834,24,PS,26,0,PS,PS,PS,28,65079,25,56336,37,58107,PS,PS,PS,45,20,PS,PS,PS,PS,PS,PS,PS,PS,51,<=0.20,<=0.20,0.20 - 0.39,<=0.20,<=0.20,<=0.20,0.20 - 0.39,<=0.20,1,1,52,67220,44,27,69299,25,65548,PS,PS,PS,PS,PS,43,43799,83343,60801,111527
196194,002848,State University of New York at Oswego,Public,1,5208,Finance and Financial Management Services.,3,Bachelor's Degree,52,28,85,20242,19298,82,19079,18213,34,25028,17407,33,23004,12577,65,19239,17750,63,17973,16500,PS,PS,PS,PS,PS,PS,20,23502,23170,19,22749,21464,PS,PS,PS,PS,PS,PS,55,22244,22072,54,20303,20038,PS,PS,PS,PS,PS,PS,30,16571,15750,28,16719,15750,PS,PS,PS,PS,PS,PS,207,150,205,193,5,76,84,44355,1,62,67,50439,74,<=0.20,<=0.20,<=0.20,<=0.20,<=0.20,0.40 - 0.59,<=0.20,<=0.20,71,<=0.20,<=0.20,<=0.20,<=0.20,<=0.20,0.40 - 0.59,<=0.20,<=0.20,51,46734,27,53714,PS,PS,PS,PS,67,60642,65,62,34,65379,32,59108,54,59509,PS,PS,5,78,51590,58,PS,68,0,80,72784,PS,34,68789,32,68439,54,68338,PS,PS,PS,55,85,<=0.20,<=0.20,0.60 - 0.79,<=0.20,<=0.20,0.20 - 0.39,<=0.20,<=0.20,71,<=0.20,<=0.20,0.40 - 0.59,<=0.20,<=0.20,0.20 - 0.39,<=0.20,<=0.20,1,0,68,78257,64,37,78377,33,78354,PS,PS,PS,PS,PS,57,43799,83343,60801,111527
196237,007109,SUNY Old Westbury,Public,1,5208,Finance and Financial Management Services.,3,Bachelor's Degree,35,27,29,21641,18500,27,16733,15000,PS,PS,PS,PS,PS,PS,15,18737,PS,14,15577,PS,PS,PS,PS,PS,PS,PS,14,24753,PS,13,17977,PS,PS,PS,PS,PS,PS,PS,PS,PS,PS,PS,PS,PS,PS,PS,PS,PS,PS,PS,PS,PS,PS,PS,PS,PS,PS,PS,PS,PS,PS,PS,PS,PS,196,159,0,18,20,42699,PS,PS,PS,PS,PS,PS,PS,PS,PS,PS,PS,PS,PS,PS,PS,PS,PS,PS,PS,PS,PS,PS,PS,PS,PS,PS,PS,PS,PS,PS,PS,PS,PS,PS,PS,PS,PS,PS,PS,PS,PS,PS,1,38,46941,32,PS,34,0,24,71441,PS,PS,PS,PS,PS,PS,PS,PS,PS,PS,PS,19,PS,PS,PS,PS,PS,PS,PS,PS,PS,PS,PS,PS,PS,PS,PS,PS,PS,1,0,PS,PS,PS,PS,PS,PS,PS,PS,PS,PS,PS,PS,PS,43799,83343,60801,111527
196246,002849,State University of New York at Plattsburgh,Public,1,5208,Finance and Financial Management Services.,3,Bachelor's Degree,16,24,22,PS,27000,22,PS,26500,PS,PS,PS,PS,PS,PS,PS,PS,PS,PS,PS,PS,PS,PS,PS,PS,PS,PS,PS,PS,PS,PS,PS,PS,PS,PS,PS,PS,PS,PS,12,PS,PS,12,PS,PS,PS,PS,PS,PS,PS,PS,10,PS,PS,10,PS,PS,PS,PS,PS,PS,PS,PS,PS,PS,286,281,2,25,28,40303,0,16,19,50856,27,PS,PS,PS,PS,PS,0.40 - 0.59,PS,PS,19,PS,PS,PS,PS,PS,PS,PS,PS,PS,PS,PS,PS,PS,PS,PS,PS,19,58043,18,19,PS,PS,PS,PS,PS,PS,PS,PS,1,22,40414,17,PS,PS,1,22,74550,PS,PS,PS,PS,PS,PS,PS,PS,PS,PS,PS,19,PS,PS,PS,PS,PS,PS,PS,PS,19,PS,PS,PS,PS,PS,PS,PS,PS,1,0,19,71066,16,PS,PS,PS,PS,PS,PS,PS,PS,PS,PS,43799,83343,60801,111527
196413,002882,Syracuse University,"Private, nonprofit",1,5208,Finance and Financial Management Services.,3,Bachelor's Degree,227,168,175,PS,27000,175,PS,27000,47,PS,71152,47,PS,71152,118,PS,27000,118,PS,27000,32,PS,PS,32,PS,PS,57,PS,27000,57,PS,27000,15,PS,PS,15,PS,PS,57,PS,27000,57,PS,27000,13,PS,PS,13,PS,PS,118,PS,27000,118,PS,27000,34,PS,PS,34,PS,PS,846,846,286,286,7,169,176,68264,3,80,84,64087,164,<=0.10,<=0.10,<=0.10,<=0.10,0.10 - 0.19,0.50 - 0.59,0.10 - 0.19,<=0.10,91,<=0.20,<=0.20,<=0.20,<=0.20,<=0.20,0.40 - 0.59,0.20 - 0.39,<=0.20,53,76654,155,73025,144,68492,64,84239,96,79186,90,84,43,74527,53,83918,78,78076,18,87163,10,208,72819,189,PS,99,6,180,120274,PS,38,86357,51,92613,75,87479,PS,PS,PS,46,132,<=0.10,<=0.10,0.40 - 0.49,<=0.10,0.10 - 0.19,0.30 - 0.39,0.10 - 0.19,<=0.10,91,<=0.20,<=0.20,0.60 - 0.79,<=0.20,<=0.20,<=0.20,0.20 - 0.39,<=0.20,1,5,87,109595,82,38,89644,49,115405,PS,PS,PS,PS,PS,45,43799,83343,60801,111527
196592,010142,Touro University,"Private, nonprofit",1,5208,Finance and Financial Management Services.,3,Bachelor's Degree,23,19,14,PS,PS,14,PS,PS,PS,PS,PS,PS,PS,PS,PS,PS,PS,PS,PS,PS,PS,PS,PS,PS,PS,PS,PS,PS,PS,PS,PS,PS,PS,PS,PS,PS,PS,PS,PS,PS,PS,PS,PS,PS,PS,PS,PS,PS,PS,PS,PS,PS,PS,PS,PS,PS,PS,PS,PS,PS,PS,PS,PS,PS,PS,PS,1,PS,PS,PS,PS,PS,PS,PS,PS,PS,PS,PS,PS,PS,PS,PS,PS,PS,PS,PS,PS,PS,PS,PS,PS,PS,PS,PS,PS,PS,PS,PS,PS,PS,PS,PS,PS,PS,PS,PS,PS,PS,PS,PS,PS,PS,5,18,43019,PS,PS,PS,0,PS,PS,PS,PS,PS,PS,PS,PS,PS,PS,PS,PS,PS,PS,PS,PS,PS,PS,PS,PS,PS,PS,PS,PS,PS,PS,PS,PS,PS,PS,PS,1,0,PS,PS,PS,PS,PS,PS,PS,PS,PS,PS,PS,PS,PS,43799,83343,60801,111527
196680,002834,Excelsior University,"Private, nonprofit",1,5208,Finance and Financial Management Services.,3,Bachelor's Degree,8,8,PS,PS,PS,PS,PS,PS,PS,PS,PS,PS,PS,PS,PS,PS,PS,PS,PS,PS,PS,PS,PS,PS,PS,PS,PS,PS,PS,PS,PS,PS,PS,PS,PS,PS,PS,PS,PS,PS,PS,PS,PS,PS,PS,PS,PS,PS,PS,PS,PS,PS,PS,PS,PS,PS,PS,PS,PS,PS,PS,PS,PS,PS,PS,PS,,,,,,,,,,,,,,,,,,,,,,,,,,,PS,PS,PS,PS,PS,PS,PS,PS,,,,,,,,,,,,,PS,PS,PS,PS,PS,PS,PS,PS,PS,PS,PS,PS,PS,PS,PS,PS,PS,PS,PS,PS,PS,PS,PS,PS,PS,PS,PS,PS,PS,PS,PS,PS,PS,PS,PS,PS,PS,PS,3,PS,PS,PS,PS,PS,PS,PS,PS,PS,PS,PS,PS,PS,PS,PS,PS,PS,PS
197708,002903,Yeshiva University,"Private, nonprofit",1,5208,Finance and Financial Management Services.,3,Bachelor's Degree,39,47,PS,PS,PS,PS,PS,PS,PS,PS,PS,PS,PS,PS,PS,PS,PS,PS,PS,PS,PS,PS,PS,PS,PS,PS,PS,PS,PS,PS,PS,PS,PS,PS,PS,PS,PS,PS,PS,PS,PS,PS,PS,PS,PS,PS,PS,PS,PS,PS,PS,PS,PS,PS,PS,PS,PS,PS,PS,PS,PS,PS,PS,PS,PS,PS,PS,PS,PS,PS,PS,PS,PS,PS,PS,PS,PS,PS,PS,PS,PS,PS,PS,PS,PS,PS,PS,PS,PS,PS,PS,PS,PS,PS,PS,PS,PS,PS,PS,PS,PS,PS,PS,PS,PS,PS,PS,PS,PS,PS,PS,PS,PS,PS,PS,PS,PS,PS,PS,PS,PS,PS,PS,PS,PS,PS,PS,PS,PS,PS,PS,PS,PS,PS,PS,PS,PS,PS,PS,PS,PS,PS,PS,PS,PS,PS,PS,PS,PS,PS,1,PS,PS,PS,PS,PS,PS,PS,PS,PS,PS,PS,PS,PS,PS,PS,PS,PS,PS
197869,002906,Appalachian State University,Public,1,5208,Finance and Financial Management Services.,3,Bachelor's Degree,88,91,114,19733,21267,112,18996,20500,56,28808,24500,55,27020,24000,81,19289,22331,79,18566,20500,42,25170,PS,41,23503,PS,33,PS,20522,33,PS,20522,14,PS,PS,14,PS,PS,55,PS,23000,55,PS,22000,23,16650,13193,22,17005,13504,59,18866,20262,57,18405,19500,33,PS,26401,33,PS,26346,291,285,225,217,6,109,118,44199,1,75,82,54296,91,<=0.20,<=0.20,<=0.20,<=0.20,<=0.20,0.40 - 0.59,<=0.20,<=0.20,80,<=0.20,<=0.20,<=0.20,<=0.20,<=0.20,0.40 - 0.59,<=0.20,<=0.20,72,52980,50,49630,86,52667,36,49946,86,59624,79,76,48,59092,37,62443,67,59657,18,62043,2,122,52004,103,PS,101,1,125,75396,PS,46,69289,35,69320,63,65782,18,79097,PS,61,112,<=0.10,<=0.10,0.40 - 0.49,<=0.10,<=0.10,0.20 - 0.29,0.10 - 0.19,<=0.10,80,<=0.20,<=0.20,0.40 - 0.59,<=0.20,<=0.20,0.20 - 0.39,0.20 - 0.39,<=0.20,1,4,77,88101,71,40,89642,37,84898,59,81183,18,91778,PS,54,43799,83343,60801,111527
197984,002910,Belmont Abbey College,"Private, nonprofit",1,5208,Finance and Financial Management Services.,3,Bachelor's Degree,11,7,PS,PS,PS,PS,PS,PS,PS,PS,PS,PS,PS,PS,PS,PS,PS,PS,PS,PS,PS,PS,PS,PS,PS,PS,PS,PS,PS,PS,PS,PS,PS,PS,PS,PS,PS,PS,PS,PS,PS,PS,PS,PS,PS,PS,PS,PS,PS,PS,PS,PS,PS,PS,PS,PS,PS,PS,PS,PS,PS,PS,PS,PS,PS,PS,PS,PS,PS,PS,,,,,PS,PS,PS,PS,PS,PS,PS,PS,PS,PS,PS,PS,PS,PS,PS,PS,PS,PS,PS,PS,PS,PS,PS,PS,PS,PS,PS,PS,PS,PS,PS,PS,PS,PS,PS,PS,PS,PS,0,PS,PS,PS,PS,PS,PS,PS,PS,PS,PS,PS,PS,PS,PS,PS,PS,PS,PS,PS,PS,PS,PS,PS,PS,PS,PS,PS,PS,PS,PS,PS,PS,PS,PS,PS,PS,PS,1,PS,PS,PS,PS,PS,PS,PS,PS,PS,PS,PS,PS,PS,PS,PS,PS,PS,PS
198136,002913,Campbell University,"Private, nonprofit",1,5208,Finance and Financial Management Services.,3,Bachelor's Degree,40,35,55,22248,25000,52,22023,25500,32,PS,27250,32,PS,27250,36,20932,23750,33,20457,25000,21,PS,PS,21,PS,PS,19,PS,26000,19,PS,26000,11,PS,PS,11,PS,PS,28,24558,26991,25,24696,27000,16,PS,PS,16,PS,PS,27,PS,20500,27,PS,19750,16,PS,PS,16,PS,PS,324,324,265,270,1,27,32,49935,1,25,29,51607,28,PS,PS,PS,PS,PS,0.20 - 0.39,PS,PS,33,PS,PS,PS,PS,PS,0.20 - 0.39,PS,PS,32,62773,23,59843,36,62681,18,59901,53,58510,26,26,27,51127,26,66562,44,60310,PS,PS,1,55,60445,51,18,35,3,63,78021,PS,25,60257,29,75130,46,67452,PS,PS,24,37,41,PS,PS,0.40 - 0.59,PS,PS,PS,PS,PS,33,PS,PS,0.40 - 0.59,PS,PS,PS,PS,PS,1,5,55,79895,52,26,67608,29,89391,PS,PS,PS,PS,25,38,43799,83343,60801,111527
198464,002923,East Carolina University,Public,1,5208,Finance and Financial Management Services.,3,Bachelor's Degree,134,134,208,21211,23142,202,21113,22500,50,31366,14261,46,33093,14681,146,20987,22559,142,20822,22346,36,32279,PS,33,34044,PS,62,21737,23250,60,21802,23142,14,29017,PS,13,30678,PS,116,23762,26000,114,23273,24185,27,17880,10179,24,18882,10373,92,17994,19500,88,18316,19500,23,47196,32992,22,48595,31850,170,175,245,239,4,164,182,46177,2,129,139,46282,170,<=0.10,<=0.10,0.20 - 0.29,<=0.10,0.10 - 0.19,0.40 - 0.49,<=0.10,<=0.10,143,<=0.10,<=0.10,0.20 - 0.29,<=0.10,0.10 - 0.19,0.40 - 0.49,<=0.10,<=0.10,101,47231,79,56790,134,51168,44,52574,146,55014,136,126,81,54792,67,57341,92,54015,54,55374,4,178,51501,147,PS,141,8,200,78324,122,76,58985,61,68736,87,63339,50,65120,PS,100,193,<=0.10,<=0.10,0.50 - 0.59,<=0.10,0.10 - 0.19,0.10 - 0.19,<=0.10,<=0.10,143,<=0.10,<=0.10,0.50 - 0.59,<=0.10,<=0.10,0.10 - 0.19,0.10 - 0.19,<=0.10,3,8,136,77460,127,74,69766,62,84323,85,76964,51,76024,17,97,43799,83343,60801,111527
198516,002927,Elon University,"Private, nonprofit",1,5208,Finance and Financial Management Services.,3,Bachelor's Degree,152,134,104,PS,19500,104,PS,19500,35,73540,69049,34,74144,75602,75,PS,21500,75,PS,19500,23,78252,PS,22,79400,PS,29,PS,19000,29,PS,18325,12,PS,PS,12,PS,PS,19,PS,24902,19,PS,21500,PS,PS,PS,PS,PS,PS,85,PS,19500,85,PS,19500,PS,PS,PS,PS,PS,PS,821,899,207,207,0,67,67,58564,5,64,67,62154,42,PS,PS,PS,PS,PS,0.60 - 0.79,PS,PS,68,<=0.20,<=0.20,<=0.20,<=0.20,<=0.20,0.60 - 0.79,<=0.20,<=0.20,24,67000,86,66578,80,64103,30,79115,67,76604,68,65,PS,PS,60,77800,49,73596,20,86873,1,110,66614,104,PS,19,1,130,103426,PS,PS,PS,59,91676,48,86154,20,105740,PS,20,115,<=0.10,<=0.10,0.30 - 0.39,<=0.10,<=0.10,0.30 - 0.39,0.20 - 0.29,<=0.10,68,<=0.20,<=0.20,0.20 - 0.39,<=0.20,<=0.20,0.20 - 0.39,0.20 - 0.39,<=0.20,1,1,71,106904,66,PS,PS,PS,PS,51,99981,19,118413,PS,21,43799,83343,60801,111527
198543,002928,Fayetteville State University,Public,1,5208,Finance and Financial Management Services.,3,Bachelor's Degree,13,22,11,18138,PS,PS,PS,PS,PS,PS,PS,PS,PS,PS,PS,PS,PS,PS,PS,PS,PS,PS,PS,PS,PS,PS,PS,PS,PS,PS,PS,PS,PS,PS,PS,PS,PS,PS,PS,PS,PS,PS,PS,PS,PS,PS,PS,PS,PS,PS,PS,PS,PS,PS,PS,PS,PS,PS,PS,PS,PS,PS,PS,PS,PS,PS,1,PS,PS,PS,1,23,25,40467,23,PS,PS,PS,PS,PS,PS,PS,PS,21,PS,PS,PS,PS,PS,PS,PS,PS,PS,PS,PS,PS,PS,PS,PS,PS,24,44387,21,16,23,44399,PS,PS,PS,PS,PS,PS,0,PS,PS,PS,PS,PS,1,PS,PS,PS,23,44765,PS,PS,PS,PS,PS,PS,PS,18,PS,PS,PS,PS,PS,PS,PS,PS,PS,21,PS,PS,0.40 - 0.59,PS,PS,PS,PS,PS,1,2,24,56203,19,PS,PS,PS,PS,PS,PS,PS,PS,PS,19,43799,83343,60801,111527
198561,002929,Gardner-Webb University,"Private, nonprofit",1,5208,Finance and Financial Management Services.,3,Bachelor's Degree,6,9,PS,PS,PS,PS,PS,PS,PS,PS,PS,PS,PS,PS,PS,PS,PS,PS,PS,PS,PS,PS,PS,PS,PS,PS,PS,PS,PS,PS,PS,PS,PS,PS,PS,PS,PS,PS,PS,PS,PS,PS,PS,PS,PS,PS,PS,PS,PS,PS,PS,PS,PS,PS,PS,PS,PS,PS,PS,PS,PS,PS,PS,PS,PS,PS,0,PS,PS,PS,PS,PS,PS,PS,PS,PS,PS,PS,PS,PS,PS,PS,PS,PS,PS,PS,PS,PS,PS,PS,PS,PS,PS,PS,PS,PS,PS,PS,PS,PS,PS,PS,PS,PS,PS,PS,PS,PS,PS,PS,PS,PS,0,PS,PS,PS,PS,PS,0,PS,PS,PS,PS,PS,PS,PS,PS,PS,PS,PS,PS,PS,PS,PS,PS,PS,PS,PS,PS,PS,PS,PS,PS,PS,PS,PS,PS,PS,PS,PS,1,0,PS,PS,PS,PS,PS,PS,PS,PS,PS,PS,PS,PS,PS,43799,83343,60801,111527
198695,002933,High Point University,"Private, nonprofit",1,5208,Finance and Financial Management Services.,3,Bachelor's Degree,42,43,PS,PS,PS,PS,PS,PS,PS,PS,PS,PS,PS,PS,PS,PS,PS,PS,PS,PS,PS,PS,PS,PS,PS,PS,PS,PS,PS,PS,PS,PS,PS,PS,PS,PS,PS,PS,PS,PS,PS,PS,PS,PS,PS,PS,PS,PS,PS,PS,PS,PS,PS,PS,PS,PS,PS,PS,PS,PS,PS,PS,PS,PS,PS,PS,PS,PS,PS,PS,PS,PS,PS,PS,PS,PS,PS,PS,PS,PS,PS,PS,PS,PS,PS,PS,PS,PS,PS,PS,PS,PS,PS,PS,PS,PS,PS,PS,PS,PS,PS,PS,PS,PS,PS,PS,PS,PS,PS,PS,PS,PS,PS,PS,PS,PS,PS,PS,PS,PS,PS,PS,PS,PS,PS,PS,PS,PS,PS,PS,PS,PS,PS,PS,PS,PS,PS,PS,PS,PS,PS,PS,PS,PS,PS,PS,PS,PS,PS,PS,1,PS,PS,PS,PS,PS,PS,PS,PS,PS,PS,PS,PS,PS,PS,43799,83343,60801,111527
198835,002941,Lenoir-Rhyne University,"Private, nonprofit",1,5208,Finance and Financial Management Services.,3,Bachelor's Degree,15,23,PS,PS,PS,PS,PS,PS,PS,PS,PS,PS,PS,PS,PS,PS,PS,PS,PS,PS,PS,PS,PS,PS,PS,PS,PS,PS,PS,PS,PS,PS,PS,PS,PS,PS,PS,PS,PS,PS,PS,PS,PS,PS,PS,PS,PS,PS,PS,PS,PS,PS,PS,PS,PS,PS,PS,PS,PS,PS,PS,PS,PS,PS,PS,PS,0,PS,PS,PS,PS,PS,PS,PS,PS,PS,PS,PS,PS,PS,PS,PS,PS,PS,PS,PS,PS,PS,PS,PS,PS,PS,PS,PS,PS,PS,PS,PS,PS,PS,PS,PS,PS,PS,PS,PS,PS,PS,PS,PS,PS,PS,0,PS,PS,PS,PS,PS,1,PS,PS,PS,PS,PS,PS,PS,PS,PS,PS,PS,PS,PS,13,PS,PS,PS,PS,PS,PS,PS,PS,PS,PS,PS,PS,PS,PS,PS,PS,PS,1,1,PS,PS,PS,PS,PS,PS,PS,PS,PS,PS,PS,PS,PS,43799,83343,60801,111527
198969,002946,Methodist University,"Private, nonprofit",1,5208,Finance and Financial Management Services.,3,Bachelor's Degree,12,6,PS,PS,PS,PS,PS,PS,PS,PS,PS,PS,PS,PS,PS,PS,PS,PS,PS,PS,PS,PS,PS,PS,PS,PS,PS,PS,PS,PS,PS,PS,PS,PS,PS,PS,PS,PS,PS,PS,PS,PS,PS,PS,PS,PS,PS,PS,PS,PS,PS,PS,PS,PS,PS,PS,PS,PS,PS,PS,PS,PS,PS,PS,PS,PS,0,PS,PS,PS,PS,PS,PS,PS,PS,PS,PS,PS,PS,PS,PS,PS,PS,PS,PS,PS,PS,PS,PS,PS,PS,PS,PS,PS,PS,PS,PS,PS,PS,PS,PS,PS,PS,PS,PS,PS,PS,PS,PS,PS,PS,PS,0,PS,PS,PS,PS,PS,1,PS,PS,PS,PS,PS,PS,PS,PS,PS,PS,PS,PS,PS,PS,PS,PS,PS,PS,PS,PS,PS,PS,PS,PS,PS,PS,PS,PS,PS,PS,PS,1,0,PS,PS,PS,PS,PS,PS,PS,PS,PS,PS,PS,PS,PS,43799,83343,60801,111527
199069,002949,University of Mount Olive,"Private, nonprofit",1,5208,Finance and Financial Management Services.,3,Bachelor's Degree,5,7,PS,PS,PS,PS,PS,PS,PS,PS,PS,PS,PS,PS,PS,PS,PS,PS,PS,PS,PS,PS,PS,PS,PS,PS,PS,PS,PS,PS,PS,PS,PS,PS,PS,PS,PS,PS,PS,PS,PS,PS,PS,PS,PS,PS,PS,PS,PS,PS,PS,PS,PS,PS,PS,PS,PS,PS,PS,PS,PS,PS,PS,PS,PS,PS,PS,PS,PS,PS,,,,,PS,PS,PS,PS,PS,PS,PS,PS,PS,PS,PS,PS,PS,PS,PS,PS,PS,PS,PS,PS,PS,PS,PS,PS,PS,PS,PS,PS,PS,PS,PS,PS,PS,PS,PS,PS,PS,PS,0,PS,PS,PS,PS,PS,PS,PS,PS,PS,PS,PS,PS,PS,PS,PS,PS,PS,PS,PS,PS,PS,PS,PS,PS,PS,PS,PS,PS,PS,PS,PS,PS,PS,PS,PS,PS,PS,1,PS,PS,PS,PS,PS,PS,PS,PS,PS,PS,PS,PS,PS,PS,PS,PS,PS,PS
199102,002905,North Carolina A & T State University,Public,1,5208,Finance and Financial Management Services.,3,Bachelor's Degree,13,18,14,PS,PS,14,PS,PS,PS,PS,PS,PS,PS,PS,PS,PS,PS,PS,PS,PS,PS,PS,PS,PS,PS,PS,PS,PS,PS,PS,PS,PS,PS,PS,PS,PS,PS,PS,PS,PS,PS,PS,PS,PS,PS,PS,PS,PS,PS,PS,PS,PS,PS,PS,PS,PS,PS,PS,PS,PS,PS,PS,PS,PS,PS,PS,0,PS,PS,PS,PS,PS,PS,PS,13,PS,PS,PS,PS,PS,PS,PS,PS,10,PS,PS,PS,PS,PS,PS,PS,PS,PS,PS,PS,PS,PS,PS,PS,PS,PS,PS,PS,PS,PS,PS,PS,PS,PS,PS,PS,PS,1,PS,PS,PS,PS,PS,2,PS,PS,PS,PS,PS,PS,PS,PS,PS,PS,PS,PS,PS,17,PS,PS,PS,PS,PS,PS,PS,PS,11,PS,PS,PS,PS,PS,PS,PS,PS,1,2,PS,PS,PS,PS,PS,PS,PS,PS,PS,PS,PS,PS,PS,43799,83343,60801,111527
199139,002975,University of North Carolina at Charlotte,Public,1,5208,Finance and Financial Management Services.,3,Bachelor's Degree,380,383,413,22023,22400,399,20629,21500,81,26635,17476,76,26888,20103,264,20977,21421,253,19755,20399,54,26905,22253,51,26828,22856,149,23877,25000,146,22145,22952,27,26094,14476,25,27011,15112,256,23998,24938,248,22061,22258,48,21595,14860,44,22157,17189,157,18803,20399,151,18277,19500,33,33965,22531,32,33394,22090,208,239,237,228,9,328,375,46175,13,246,267,48162,324,<=0.05,<=0.05,0.20 - 0.24,<=0.05,0.15 - 0.19,0.40 - 0.44,0.10 - 0.14,<=0.05,289,<=0.05,<=0.05,0.20 - 0.24,<=0.05,0.15 - 0.19,0.35 - 0.39,0.15 - 0.19,<=0.05,297,49901,156,54902,281,53750,171,48188,285,55083,257,245,198,54795,86,55974,181,58355,104,53180,13,452,51628,374,PS,400,20,433,74965,240,187,64790,81,66528,171,66267,98,61129,PS,219,365,<=0.05,<=0.05,0.55 - 0.59,<=0.05,0.05 - 0.09,0.15 - 0.19,0.10 - 0.14,<=0.05,290,<=0.05,<=0.05,0.55 - 0.59,<=0.05,0.05 - 0.09,0.10 - 0.14,0.15 - 0.19,<=0.05,1,19,265,78144,240,185,77858,79,78647,166,81732,99,71795,PS,219,43799,83343,60801,111527
199148,002976,University of North Carolina at Greensboro,Public,1,5208,Finance and Financial Management Services.,3,Bachelor's Degree,83,54,107,22687,24000,103,20806,22520,18,22647,PS,14,22748,PS,65,24218,24500,63,21599,23179,PS,PS,PS,PS,PS,PS,42,20316,22567,40,19557,21094,PS,PS,PS,PS,PS,PS,82,23130,23530,79,21021,22615,PS,PS,PS,PS,PS,PS,25,21232,25000,24,20096,21119,PS,PS,PS,PS,PS,PS,PS,PS,254,239,0,62,71,39797,1,39,42,43798,56,<=0.20,<=0.20,0.20 - 0.39,<=0.20,0.20 - 0.39,0.20 - 0.39,<=0.20,<=0.20,43,PS,PS,0.20 - 0.39,PS,PS,0.20 - 0.39,PS,PS,79,39910,21,43754,62,39552,39,41524,41,49101,42,36,37,45284,PS,PS,30,49460,PS,PS,5,101,40445,75,PS,95,1,93,64077,PS,39,52942,PS,PS,30,53469,PS,PS,PS,33,88,<=0.20,<=0.20,0.60 - 0.79,<=0.20,<=0.20,<=0.20,<=0.20,<=0.20,43,PS,PS,0.40 - 0.59,PS,PS,0.20 - 0.39,PS,PS,3,0,43,67570,39,PS,PS,PS,PS,PS,PS,PS,PS,PS,35,43799,83343,60801,111527
199412,002957,Queens University of Charlotte,"Private, nonprofit",1,5208,Finance and Financial Management Services.,3,Bachelor's Degree,19,18,12,20115,PS,11,21335,PS,PS,PS,PS,PS,PS,PS,PS,PS,PS,PS,PS,PS,PS,PS,PS,PS,PS,PS,PS,PS,PS,PS,PS,PS,PS,PS,PS,PS,PS,PS,PS,PS,PS,PS,PS,PS,PS,PS,PS,PS,PS,PS,PS,PS,PS,PS,PS,PS,PS,PS,PS,PS,PS,PS,PS,PS,PS,PS,0,18,21,52438,PS,PS,PS,PS,19,PS,PS,PS,PS,PS,PS,PS,PS,PS,PS,PS,PS,PS,PS,PS,PS,PS,PS,PS,PS,PS,PS,PS,PS,PS,PS,PS,PS,PS,PS,PS,PS,PS,PS,PS,PS,PS,3,PS,PS,PS,PS,PS,0,18,94719,PS,PS,PS,PS,PS,PS,PS,PS,PS,PS,PS,13,PS,PS,PS,PS,PS,PS,PS,PS,PS,PS,PS,PS,PS,PS,PS,PS,PS,1,0,PS,PS,PS,PS,PS,PS,PS,PS,PS,PS,PS,PS,PS,43799,83343,60801,111527
199847,002978,Wake Forest University,"Private, nonprofit",1,5208,Finance and Financial Management Services.,3,Bachelor's Degree,147,156,44,PS,19500,44,PS,19500,PS,PS,PS,PS,PS,PS,32,PS,PS,32,PS,PS,PS,PS,PS,PS,PS,PS,12,PS,PS,12,PS,PS,PS,PS,PS,PS,PS,PS,10,PS,PS,10,PS,PS,PS,PS,PS,PS,PS,PS,34,PS,PS,34,PS,PS,PS,PS,PS,PS,PS,PS,PS,PS,207,207,0,43,44,73169,4,52,54,80510,47,PS,PS,PS,PS,PS,0.60 - 0.79,PS,PS,54,<=0.20,<=0.20,<=0.20,<=0.20,<=0.20,0.40 - 0.59,0.40 - 0.59,<=0.20,PS,PS,PS,PS,PS,PS,PS,PS,64,96761,56,55,16,112754,49,94555,50,92813,PS,PS,1,50,85944,47,PS,PS,2,45,145996,PS,16,141087,47,111935,48,113152,PS,PS,PS,PS,35,PS,PS,0.40 - 0.59,PS,PS,PS,PS,PS,54,<=0.20,<=0.20,<=0.20,<=0.20,<=0.20,0.20 - 0.39,0.40 - 0.59,<=0.20,1,3,60,140033,59,PS,PS,PS,PS,PS,PS,PS,PS,PS,PS,43799,83343,60801,111527
199962,002985,Wingate University,"Private, nonprofit",1,5208,Finance and Financial Management Services.,3,Bachelor's Degree,33,25,22,PS,22500,22,PS,20500,PS,PS,PS,PS,PS,PS,PS,PS,PS,PS,PS,PS,PS,PS,PS,PS,PS,PS,PS,PS,PS,PS,PS,PS,PS,PS,PS,PS,PS,PS,PS,PS,PS,PS,PS,PS,PS,PS,PS,PS,PS,PS,PS,PS,PS,PS,PS,PS,PS,PS,PS,PS,PS,PS,PS,PS,239,217,0,PS,PS,PS,1,10,12,37208,18,PS,PS,PS,PS,PS,PS,PS,PS,15,PS,PS,PS,PS,PS,PS,PS,PS,PS,PS,PS,PS,PS,PS,PS,PS,PS,PS,PS,PS,PS,PS,PS,PS,PS,PS,PS,PS,1,19,46591,PS,PS,PS,2,19,67315,PS,PS,PS,PS,PS,PS,PS,PS,PS,PS,PS,20,PS,PS,0.40 - 0.59,PS,PS,PS,PS,PS,15,PS,PS,PS,PS,PS,PS,PS,PS,1,3,PS,PS,PS,PS,PS,PS,PS,PS,PS,PS,PS,PS,PS,43799,83343,60801,111527
199999,002986,Winston-Salem State University,Public,1,5208,Finance and Financial Management Services.,3,Bachelor's Degree,,,PS,PS,PS,PS,PS,PS,PS,PS,PS,PS,PS,PS,PS,PS,PS,PS,PS,PS,PS,PS,PS,PS,PS,PS,PS,PS,PS,PS,PS,PS,PS,PS,PS,PS,PS,PS,PS,PS,PS,PS,PS,PS,PS,PS,PS,PS,PS,PS,PS,PS,PS,PS,PS,PS,PS,PS,PS,PS,PS,PS,PS,PS,PS,PS,1,PS,PS,PS,1,10,11,35420,10,PS,PS,PS,PS,PS,PS,PS,PS,14,PS,PS,PS,PS,PS,PS,PS,PS,PS,PS,PS,PS,PS,PS,PS,PS,PS,PS,PS,PS,PS,PS,PS,PS,PS,PS,PS,PS,0,PS,PS,PS,PS,PS,1,17,52895,PS,PS,PS,PS,PS,PS,PS,PS,PS,PS,PS,21,PS,PS,PS,PS,PS,PS,PS,PS,14,PS,PS,PS,PS,PS,PS,PS,PS,0,1,PS,PS,PS,PS,PS,PS,PS,PS,PS,PS,PS,PS,PS,43799,83343,60801,111527
200004,002981,Western Carolina University,Public,1,5208,Finance and Financial Management Services.,3,Bachelor's Degree,54,85,88,22766,23625,84,21127,22060,44,23304,15333,42,22214,14776,52,24382,26000,49,22662,23108,33,24085,PS,31,23661,PS,36,20431,20143,35,18979,19250,11,PS,PS,11,PS,PS,52,23873,24500,48,22552,23054,20,14960,10296,18,15995,PS,36,PS,21231,36,PS,19375,24,PS,30628,24,PS,PS,182,176,250,234,2,42,51,38206,1,33,35,39369,43,PS,PS,PS,PS,0.20 - 0.39,0.20 - 0.39,PS,PS,31,PS,PS,PS,PS,0.20 - 0.39,PS,PS,PS,55,38060,33,43313,54,42921,34,37884,34,48460,33,30,24,38656,PS,PS,16,45068,19,50289,3,88,40575,65,PS,74,0,86,58076,PS,27,44559,PS,PS,17,51856,20,51422,PS,22,76,<=0.20,<=0.20,0.60 - 0.79,<=0.20,<=0.20,<=0.20,<=0.20,<=0.20,31,PS,PS,0.40 - 0.59,PS,PS,PS,PS,PS,3,1,36,64679,32,PS,PS,PS,PS,PS,PS,PS,PS,PS,23,43799,83343,60801,111527
200013,008694,Rasmussen University-North Dakota,"Private, for-profit",0,5208,Finance and Financial Management Services.,3,Bachelor's Degree,0,0,45,32694,31000,39,24916,24433,PS,PS,PS,PS,PS,PS,PS,29989,29933,PS,23491,PS,PS,PS,PS,PS,PS,PS,PS,34670,34956,PS,25907,PS,PS,PS,PS,PS,PS,PS,29,34058,PS,26,24755,PS,PS,PS,PS,PS,PS,PS,16,30220,PS,13,25236,PS,PS,PS,PS,PS,PS,PS,PS,PS,329,259,2,35,38,48056,0,34,35,52107,42,PS,PS,0.20 - 0.39,PS,PS,0.20 - 0.39,PS,PS,46,PS,PS,PS,PS,0.20 - 0.39,0.20 - 0.39,PS,PS,PS,PS,PS,PS,17,49180,22,46593,35,59028,33,31,26,59525,PS,PS,PS,PS,24,58429,4,39,47744,33,PS,PS,0,45,70838,PS,27,61943,PS,PS,PS,PS,23,60842,PS,PS,39,PS,PS,0.60 - 0.79,PS,PS,PS,PS,PS,46,PS,PS,0.40 - 0.59,PS,PS,PS,PS,PS,1,0,32,64173,30,PS,PS,PS,PS,PS,PS,PS,PS,PS,PS,43799,83343,60801,111527
200059,002989,Dickinson State University,Public,1,5208,Finance and Financial Management Services.,3,Bachelor's Degree,11,11,15,31907,PS,12,22942,PS,PS,PS,PS,PS,PS,PS,PS,PS,PS,PS,PS,PS,PS,PS,PS,PS,PS,PS,PS,PS,PS,PS,PS,PS,PS,PS,PS,PS,PS,PS,PS,PS,PS,PS,PS,PS,PS,PS,PS,PS,PS,PS,PS,PS,PS,PS,PS,PS,PS,PS,PS,PS,PS,PS,PS,PS,PS,PS,0,PS,PS,PS,PS,PS,PS,PS,14,PS,PS,PS,PS,PS,PS,PS,PS,12,PS,PS,PS,PS,PS,PS,PS,PS,PS,PS,PS,PS,PS,PS,PS,PS,PS,PS,PS,PS,PS,PS,PS,PS,PS,PS,PS,PS,0,PS,PS,PS,PS,PS,0,17,76040,PS,PS,PS,PS,PS,PS,PS,PS,PS,PS,PS,13,PS,PS,PS,PS,PS,PS,PS,PS,12,PS,PS,PS,PS,PS,PS,PS,PS,2,0,PS,PS,PS,PS,PS,PS,PS,PS,PS,PS,PS,PS,PS,43799,83343,60801,111527
200156,002990,University of Jamestown,"Private, nonprofit",1,5208,Finance and Financial Management Services.,3,Bachelor's Degree,1,4,PS,PS,PS,PS,PS,PS,PS,PS,PS,PS,PS,PS,PS,PS,PS,PS,PS,PS,PS,PS,PS,PS,PS,PS,PS,PS,PS,PS,PS,PS,PS,PS,PS,PS,PS,PS,PS,PS,PS,PS,PS,PS,PS,PS,PS,PS,PS,PS,PS,PS,PS,PS,PS,PS,PS,PS,PS,PS,PS,PS,PS,PS,PS,PS,0,PS,PS,PS,PS,PS,PS,PS,PS,PS,PS,PS,PS,PS,PS,PS,PS,PS,PS,PS,PS,PS,PS,PS,PS,PS,PS,PS,PS,PS,PS,PS,PS,PS,PS,PS,PS,PS,PS,PS,PS,PS,PS,PS,PS,PS,0,PS,PS,PS,PS,PS,1,PS,PS,PS,PS,PS,PS,PS,PS,PS,PS,PS,PS,PS,PS,PS,PS,PS,PS,PS,PS,PS,PS,PS,PS,PS,PS,PS,PS,PS,PS,PS,1,0,PS,PS,PS,PS,PS,PS,PS,PS,PS,PS,PS,PS,PS,43799,83343,60801,111527
200217,002992,University of Mary,"Private, nonprofit",1,5208,Finance and Financial Management Services.,3,Bachelor's Degree,9,10,PS,PS,PS,PS,PS,PS,PS,PS,PS,PS,PS,PS,PS,PS,PS,PS,PS,PS,PS,PS,PS,PS,PS,PS,PS,PS,PS,PS,PS,PS,PS,PS,PS,PS,PS,PS,PS,PS,PS,PS,PS,PS,PS,PS,PS,PS,PS,PS,PS,PS,PS,PS,PS,PS,PS,PS,PS,PS,PS,PS,PS,PS,PS,PS,0,PS,PS,PS,PS,PS,PS,PS,PS,PS,PS,PS,PS,PS,PS,PS,PS,PS,PS,PS,PS,PS,PS,PS,PS,PS,PS,PS,PS,PS,PS,PS,PS,PS,PS,PS,PS,PS,PS,PS,PS,PS,PS,PS,PS,PS,0,PS,PS,PS,PS,PS,PS,PS,PS,PS,PS,PS,PS,PS,PS,PS,PS,PS,PS,PS,PS,PS,PS,PS,PS,PS,PS,PS,PS,PS,PS,PS,PS,PS,PS,PS,PS,PS,3,PS,PS,PS,PS,PS,PS,PS,PS,PS,PS,PS,PS,PS,PS,43799,83343,60801,111527
200253,002994,Minot State University,Public,1,5208,Finance and Financial Management Services.,3,Bachelor's Degree,19,16,11,19803,PS,10,17566,PS,PS,PS,PS,PS,PS,PS,PS,PS,PS,PS,PS,PS,PS,PS,PS,PS,PS,PS,PS,PS,PS,PS,PS,PS,PS,PS,PS,PS,PS,PS,PS,PS,PS,PS,PS,PS,PS,PS,PS,PS,PS,PS,PS,PS,PS,PS,PS,PS,PS,PS,PS,PS,PS,PS,PS,PS,PS,PS,2,PS,PS,PS,0,24,26,42682,13,PS,PS,PS,PS,PS,PS,PS,PS,17,PS,PS,PS,PS,PS,PS,PS,PS,PS,PS,PS,PS,PS,PS,PS,PS,26,50051,24,21,18,61718,PS,PS,PS,PS,PS,PS,0,PS,PS,PS,PS,PS,1,22,69738,PS,18,66597,PS,PS,17,74236,PS,PS,PS,20,14,PS,PS,PS,PS,PS,PS,PS,PS,18,PS,PS,PS,PS,PS,PS,PS,PS,1,1,27,64736,22,PS,PS,PS,PS,PS,PS,PS,PS,PS,19,43799,83343,60801,111527
200280,003005,University of North Dakota,Public,1,5208,Finance and Financial Management Services.,3,Bachelor's Degree,48,47,56,PS,24093,56,PS,23250,PS,PS,PS,PS,PS,PS,PS,PS,PS,PS,PS,PS,PS,PS,PS,PS,PS,PS,PS,PS,PS,PS,PS,PS,PS,PS,PS,PS,PS,PS,18,PS,PS,18,PS,PS,PS,PS,PS,PS,PS,PS,38,PS,PS,38,PS,PS,PS,PS,PS,PS,PS,PS,PS,PS,255,246,0,25,25,51977,1,15,15,45529,30,PS,PS,PS,PS,PS,0.40 - 0.59,PS,PS,27,PS,PS,0.20 - 0.39,PS,PS,PS,PS,PS,18,44948,39,49740,PS,PS,PS,PS,PS,PS,PS,PS,PS,PS,PS,PS,PS,PS,PS,PS,2,57,49785,46,PS,21,0,47,65856,PS,PS,PS,PS,PS,PS,PS,PS,PS,PS,PS,45,PS,PS,0.60 - 0.79,PS,PS,PS,PS,PS,27,PS,PS,0.40 - 0.59,PS,PS,PS,PS,PS,1,0,17,64337,16,PS,PS,PS,PS,PS,PS,PS,PS,PS,PS,43799,83343,60801,111527
200332,002997,North Dakota State University-Main Campus,Public,1,5208,Finance and Financial Management Services.,3,Bachelor's Degree,73,82,94,22634,25542,93,21583,23250,PS,PS,PS,PS,PS,PS,73,23438,26999,72,22719,24250,PS,PS,PS,PS,PS,PS,21,PS,21500,21,PS,18486,PS,PS,PS,PS,PS,PS,33,PS,24250,33,PS,22500,PS,PS,PS,PS,PS,PS,61,21647,25835,60,20686,23750,PS,PS,PS,PS,PS,PS,PS,PS,271,246,1,83,88,47369,0,67,68,48539,79,<=0.20,<=0.20,<=0.20,<=0.20,<=0.20,0.40 - 0.59,<=0.20,<=0.20,62,<=0.20,<=0.20,<=0.20,<=0.20,<=0.20,0.40 - 0.59,0.20 - 0.39,<=0.20,33,52152,59,55787,72,53433,20,51155,68,56451,65,63,29,61183,40,54110,48,56358,20,55554,2,92,53163,83,PS,31,1,86,80522,PS,27,65668,39,60038,48,63418,18,62772,PS,32,76,<=0.20,<=0.20,0.40 - 0.59,<=0.20,<=0.20,<=0.20,<=0.20,<=0.20,62,<=0.20,<=0.20,0.20 - 0.39,<=0.20,<=0.20,0.20 - 0.39,0.20 - 0.39,<=0.20,1,0,71,69912,68,30,74967,41,68552,51,74723,20,54589,PS,32,43799,83343,60801,111527
200800,003123,University of Akron Main Campus,Public,1,5208,Finance and Financial Management Services.,3,Bachelor's Degree,66,56,71,22315,23900,70,21619,21946,17,34336,PS,15,35444,PS,56,22179,PS,55,21626,PS,PS,PS,PS,PS,PS,PS,15,PS,PS,15,PS,PS,PS,PS,PS,PS,PS,PS,39,PS,24150,39,PS,23900,PS,PS,PS,PS,PS,PS,32,20890,21750,31,20835,21892,PS,PS,PS,PS,PS,PS,PS,PS,253,233,2,72,80,44267,1,56,64,46478,64,<=0.20,<=0.20,<=0.20,<=0.20,<=0.20,0.40 - 0.59,<=0.20,<=0.20,63,<=0.20,<=0.20,<=0.20,<=0.20,0.20 - 0.39,0.40 - 0.59,<=0.20,<=0.20,41,53261,29,57881,52,56298,18,55645,63,55703,62,58,33,56658,30,49976,45,56492,18,46593,3,70,55946,56,PS,62,1,66,74840,PS,33,64206,30,60623,45,64628,18,54011,PS,52,69,<=0.20,<=0.20,0.40 - 0.59,<=0.20,<=0.20,0.20 - 0.39,<=0.20,<=0.20,63,<=0.20,<=0.20,0.40 - 0.59,<=0.20,<=0.20,0.20 - 0.39,<=0.20,<=0.20,1,3,64,66385,59,34,67144,30,65241,47,69142,17,63544,PS,52,43799,83343,60801,111527
201104,003012,Ashland University,"Private, nonprofit",1,5208,Finance and Financial Management Services.,3,Bachelor's Degree,12,9,17,PS,PS,17,PS,PS,PS,PS,PS,PS,PS,PS,PS,PS,PS,PS,PS,PS,PS,PS,PS,PS,PS,PS,PS,PS,PS,PS,PS,PS,PS,PS,PS,PS,PS,PS,PS,PS,PS,PS,PS,PS,PS,PS,PS,PS,PS,PS,PS,PS,PS,PS,PS,PS,PS,PS,PS,PS,PS,PS,PS,PS,PS,PS,0,18,18,46742,0,12,12,51607,16,PS,PS,PS,PS,PS,PS,PS,PS,14,PS,PS,PS,PS,PS,PS,PS,PS,PS,PS,PS,PS,PS,PS,PS,PS,PS,PS,PS,PS,PS,PS,PS,PS,PS,PS,PS,PS,1,25,54880,23,PS,23,0,22,79929,PS,PS,PS,PS,PS,PS,PS,PS,PS,PS,PS,16,PS,PS,PS,PS,PS,PS,PS,PS,14,PS,PS,PS,PS,PS,PS,PS,PS,1,0,16,73422,PS,PS,PS,PS,PS,PS,PS,PS,PS,PS,PS,43799,83343,60801,111527
201195,003014,Baldwin Wallace University,"Private, nonprofit",1,5208,Finance and Financial Management Services.,3,Bachelor's Degree,30,41,49,PS,27000,49,PS,27000,20,PS,30413,20,PS,28059,37,PS,PS,37,PS,PS,PS,PS,PS,PS,PS,PS,12,PS,PS,12,PS,PS,PS,PS,PS,PS,PS,PS,22,PS,27000,22,PS,27000,10,PS,PS,10,PS,PS,27,PS,27000,27,PS,27000,10,PS,PS,10,PS,PS,362,334,286,286,1,32,36,46262,0,24,25,50677,33,PS,PS,PS,PS,PS,0.40 - 0.59,PS,PS,31,PS,PS,PS,PS,PS,PS,PS,PS,20,38482,21,56298,PS,PS,PS,PS,27,58276,18,17,17,58211,PS,PS,21,63032,PS,PS,2,43,51347,33,PS,36,1,57,74535,PS,17,65678,PS,PS,21,66724,PS,PS,PS,20,45,PS,PS,0.40 - 0.59,PS,PS,0.20 - 0.39,PS,PS,31,PS,PS,0.40 - 0.59,PS,PS,PS,PS,PS,1,0,27,77197,25,PS,PS,PS,PS,PS,PS,PS,PS,PS,22,43799,83343,60801,111527
201441,003018,Bowling Green State University-Main Campus,Public,1,5208,Finance and Financial Management Services.,3,Bachelor's Degree,65,85,67,23580,25000,66,22099,23250,25,28788,23697,23,30176,24399,51,PS,PS,51,PS,PS,PS,PS,PS,PS,PS,PS,16,26417,PS,15,25886,PS,PS,PS,PS,PS,PS,PS,24,26144,23000,23,23103,21508,PS,PS,PS,PS,PS,PS,43,PS,26000,43,PS,25500,PS,PS,PS,PS,PS,PS,282,290,265,246,2,60,60,51770,1,57,58,55693,57,<=0.20,<=0.20,<=0.20,<=0.20,<=0.20,0.40 - 0.59,0.20 - 0.39,<=0.20,50,PS,PS,PS,PS,PS,0.40 - 0.59,PS,PS,21,55266,49,53627,PS,PS,PS,PS,61,62935,58,57,33,62808,27,64808,51,65289,PS,PS,1,69,53707,61,PS,55,0,86,76659,PS,32,71856,25,67687,48,72015,PS,PS,PS,33,64,<=0.20,<=0.20,0.40 - 0.59,<=0.20,<=0.20,<=0.20,<=0.20,<=0.20,50,PS,PS,0.40 - 0.59,PS,PS,0.20 - 0.39,PS,PS,1,1,57,76229,54,31,80016,25,77225,PS,PS,PS,PS,PS,33,43799,83343,60801,111527
201645,003024,Case Western Reserve University,"Private, nonprofit",1,5208,Finance and Financial Management Services.,3,Bachelor's Degree,39,57,32,PS,26048,32,PS,25909,12,PS,PS,12,PS,PS,PS,PS,PS,PS,PS,PS,PS,PS,PS,PS,PS,PS,PS,PS,PS,PS,PS,PS,PS,PS,PS,PS,PS,PS,13,PS,PS,13,PS,PS,PS,PS,PS,PS,PS,PS,19,PS,PS,19,PS,PS,PS,PS,PS,PS,PS,PS,PS,PS,276,275,1,25,27,60446,0,26,27,57318,35,PS,PS,PS,PS,PS,0.40 - 0.59,PS,PS,31,PS,PS,PS,PS,PS,0.40 - 0.59,PS,PS,PS,PS,PS,PS,PS,PS,PS,PS,28,60550,24,23,PS,PS,PS,PS,25,56125,PS,PS,4,24,65784,19,PS,PS,2,32,85493,PS,PS,PS,16,77052,22,77616,PS,PS,PS,PS,33,PS,PS,0.40 - 0.59,PS,PS,PS,PS,PS,31,PS,PS,0.40 - 0.59,PS,PS,PS,PS,PS,1,2,28,92413,25,PS,PS,PS,PS,PS,PS,PS,PS,PS,PS,43799,83343,60801,111527
201654,003025,Cedarville University,"Private, nonprofit",1,5208,Finance and Financial Management Services.,3,Bachelor's Degree,20,28,20,PS,16750,20,PS,16750,PS,PS,PS,PS,PS,PS,PS,PS,PS,PS,PS,PS,PS,PS,PS,PS,PS,PS,PS,PS,PS,PS,PS,PS,PS,PS,PS,PS,PS,PS,PS,PS,PS,PS,PS,PS,PS,PS,PS,PS,PS,PS,PS,PS,PS,PS,PS,PS,PS,PS,PS,PS,PS,PS,PS,PS,178,178,1,PS,16,48998,0,12,12,57318,11,PS,PS,PS,PS,PS,PS,PS,PS,PS,PS,PS,PS,PS,PS,PS,PS,PS,PS,PS,PS,PS,PS,PS,PS,PS,PS,PS,PS,PS,PS,PS,PS,PS,PS,PS,PS,PS,1,20,60880,20,PS,18,0,18,86487,PS,PS,PS,PS,PS,PS,PS,PS,PS,PS,PS,17,PS,PS,PS,PS,PS,PS,PS,PS,PS,PS,PS,PS,PS,PS,PS,PS,PS,1,0,PS,PS,PS,PS,PS,PS,PS,PS,PS,PS,PS,PS,PS,43799,83343,60801,111527
201885,003125,University of Cincinnati-Main Campus,Public,1,5208,Finance and Financial Management Services.,3,Bachelor's Degree,292,326,232,20330,21549,229,19545,20500,94,33629,25019,91,32147,24616,196,20153,21216,193,19433,20150,80,34352,PS,77,32960,PS,36,PS,22500,36,PS,22250,14,PS,PS,14,PS,PS,88,PS,22500,88,PS,20500,32,PS,20250,32,PS,18896,144,19025,20535,141,18778,20000,62,38133,30861,59,37034,30022,298,293,228,217,2,160,171,52015,4,52,60,48162,165,<=0.10,<=0.10,0.10 - 0.19,<=0.10,0.20 - 0.29,0.30 - 0.39,0.20 - 0.29,<=0.10,90,<=0.20,<=0.20,<=0.20,<=0.20,0.20 - 0.39,0.20 - 0.39,0.20 - 0.39,<=0.20,82,55962,137,59973,184,59367,35,55101,66,55779,59,55,37,56489,28,55291,56,54338,PS,PS,6,219,59067,193,PS,158,1,191,83501,PS,38,66891,27,70970,57,66279,PS,PS,PS,45,192,<=0.10,<=0.10,0.50 - 0.59,<=0.10,<=0.10,0.10 - 0.19,0.10 - 0.19,<=0.10,90,<=0.20,<=0.20,0.40 - 0.59,<=0.20,<=0.20,<=0.20,0.20 - 0.39,<=0.20,1,1,65,80523,63,38,79818,26,79302,PS,PS,PS,PS,PS,43,43799,83343,60801,111527
202134,003032,Cleveland State University,Public,1,5208,Finance and Financial Management Services.,3,Bachelor's Degree,69,63,106,24840,24365,101,22666,21875,18,18098,PS,14,17217,PS,78,23445,23388,75,21659,21784,PS,PS,PS,PS,PS,PS,28,28726,28344,26,25572,24484,PS,PS,PS,PS,PS,PS,64,27063,26000,63,23734,22000,PS,PS,PS,PS,PS,PS,42,21453,22050,38,20896,21233,PS,PS,PS,PS,PS,PS,PS,PS,258,232,3,74,85,44661,2,33,39,40179,74,<=0.20,<=0.20,0.20 - 0.39,<=0.20,<=0.20,0.20 - 0.39,<=0.20,<=0.20,48,PS,PS,0.20 - 0.39,PS,PS,0.20 - 0.39,PS,PS,63,50075,39,47891,72,48895,30,52541,39,52588,35,34,PS,PS,PS,PS,28,59309,PS,PS,3,101,49425,81,PS,93,1,106,73669,PS,32,61877,PS,PS,28,61463,PS,PS,PS,36,93,<=0.20,<=0.20,0.40 - 0.59,<=0.20,<=0.20,<=0.20,<=0.20,<=0.20,48,PS,PS,0.40 - 0.59,PS,PS,PS,PS,PS,1,3,41,76073,37,PS,PS,PS,PS,PS,PS,PS,PS,PS,39,43799,83343,60801,111527
202480,003127,University of Dayton,"Private, nonprofit",1,5208,Finance and Financial Management Services.,3,Bachelor's Degree,186,171,136,20362,22750,135,19895,22500,27,PS,80970,27,PS,80970,99,20586,22442,98,19954,22158,PS,PS,PS,PS,PS,PS,37,PS,23750,37,PS,23750,PS,PS,PS,PS,PS,PS,24,PS,26000,24,PS,25125,PS,PS,PS,PS,PS,PS,112,19317,19909,111,19283,20250,PS,PS,PS,PS,PS,PS,963,963,241,239,4,128,136,54158,3,100,103,55026,111,<=0.10,<=0.10,<=0.10,<=0.10,0.10 - 0.19,0.50 - 0.59,0.30 - 0.39,<=0.10,110,<=0.10,<=0.10,<=0.10,<=0.10,<=0.10,0.40 - 0.49,0.30 - 0.39,<=0.10,27,60472,115,65427,104,63908,38,64631,108,63401,100,95,28,62725,82,63323,89,62440,19,64143,1,142,64371,129,PS,44,3,153,95925,PS,27,73400,81,74508,86,74013,21,72645,PS,37,125,<=0.10,<=0.10,0.40 - 0.49,<=0.10,<=0.10,0.30 - 0.39,0.10 - 0.19,<=0.10,110,<=0.10,<=0.10,0.20 - 0.29,<=0.10,<=0.10,0.30 - 0.39,0.30 - 0.39,<=0.10,1,3,105,86861,101,26,92869,79,85655,84,85445,21,91695,PS,35,43799,83343,60801,111527
202763,003045,The University of Findlay,"Private, nonprofit",1,5208,Finance and Financial Management Services.,3,Bachelor's Degree,7,0,14,PS,PS,14,PS,PS,PS,PS,PS,PS,PS,PS,PS,PS,PS,PS,PS,PS,PS,PS,PS,PS,PS,PS,PS,PS,PS,PS,PS,PS,PS,PS,PS,PS,PS,PS,PS,PS,PS,PS,PS,PS,PS,PS,PS,PS,PS,PS,PS,PS,PS,PS,PS,PS,PS,PS,PS,PS,PS,PS,PS,PS,PS,PS,0,PS,PS,PS,PS,PS,PS,PS,15,PS,PS,PS,PS,PS,PS,PS,PS,PS,PS,PS,PS,PS,PS,PS,PS,PS,PS,PS,PS,PS,PS,PS,PS,PS,PS,PS,PS,PS,PS,PS,PS,PS,PS,PS,PS,PS,0,PS,PS,PS,PS,PS,0,PS,PS,PS,PS,PS,PS,PS,PS,PS,PS,PS,PS,PS,12,PS,PS,PS,PS,PS,PS,PS,PS,PS,PS,PS,PS,PS,PS,PS,PS,PS,1,0,PS,PS,PS,PS,PS,PS,PS,PS,PS,PS,PS,PS,PS,43799,83343,60801,111527
202806,003046,Franklin University,"Private, nonprofit",1,5208,Finance and Financial Management Services.,3,Bachelor's Degree,43,49,68,32801,33949,61,22105,19169,PS,PS,PS,PS,PS,PS,39,30602,27450,32,18286,15584,PS,PS,PS,PS,PS,PS,29,PS,40653,29,PS,22000,PS,PS,PS,PS,PS,PS,56,35805,PS,PS,PS,PS,PS,PS,PS,PS,PS,PS,12,18784,PS,PS,PS,PS,PS,PS,PS,PS,PS,PS,PS,PS,360,203,2,64,70,49343,2,64,67,46673,61,<=0.20,<=0.20,0.20 - 0.39,<=0.20,0.20 - 0.39,<=0.20,<=0.20,<=0.20,68,<=0.20,<=0.20,0.20 - 0.39,<=0.20,0.40 - 0.59,<=0.20,<=0.20,<=0.20,PS,PS,PS,PS,35,57583,24,68019,70,47373,62,59,55,45075,16,51663,42,50356,29,44598,3,61,61645,56,PS,47,4,76,73574,PS,51,54202,PS,PS,38,58874,27,55827,PS,55,61,<=0.20,<=0.20,0.40 - 0.59,<=0.20,<=0.20,<=0.20,<=0.20,<=0.20,69,<=0.20,<=0.20,0.40 - 0.59,<=0.20,<=0.20,<=0.20,<=0.20,<=0.20,3,6,75,69139,64,PS,PS,PS,PS,43,69277,31,71422,PS,63,43799,83343,60801,111527
203368,003050,John Carroll University,"Private, nonprofit",1,5208,Finance and Financial Management Services.,3,Bachelor's Degree,103,75,101,PS,27000,101,PS,26000,27,PS,50424,27,PS,45524,82,PS,27000,82,PS,26000,PS,PS,PS,PS,PS,PS,19,PS,26000,19,PS,25500,PS,PS,PS,PS,PS,PS,30,PS,27000,30,PS,27000,10,PS,PS,10,PS,PS,71,PS,26000,71,PS,25290,17,PS,PS,17,PS,PS,600,541,286,276,3,77,83,51563,0,57,58,54618,65,<=0.20,<=0.20,<=0.20,<=0.20,<=0.20,0.40 - 0.59,0.20 - 0.39,<=0.20,61,<=0.20,<=0.20,<=0.20,<=0.20,<=0.20,0.40 - 0.59,0.20 - 0.39,<=0.20,30,57048,63,54367,75,52895,20,57056,58,64655,52,52,PS,PS,43,65927,46,65143,PS,PS,2,94,55590,81,PS,67,1,97,84728,PS,PS,PS,48,72899,49,72746,PS,PS,PS,39,95,<=0.20,<=0.20,0.40 - 0.59,<=0.20,<=0.20,0.20 - 0.39,<=0.20,<=0.20,61,<=0.20,<=0.20,<=0.20,<=0.20,<=0.20,0.20 - 0.39,0.20 - 0.39,<=0.20,1,0,61,82066,58,PS,PS,PS,PS,PS,PS,PS,PS,PS,38,43799,83343,60801,111527
203517,003051,Kent State University at Kent,Public,1,5208,Finance and Financial Management Services.,3,Bachelor's Degree,144,129,160,23661,25000,157,22258,24758,31,36078,23897,25,39017,28478,118,24161,25187,115,22510,25000,PS,PS,PS,PS,PS,PS,42,PS,23612,42,PS,23362,PS,PS,PS,PS,PS,PS,71,PS,28000,71,PS,26000,15,29761,PS,11,30010,PS,89,18799,21435,86,18336,20000,16,41999,PS,14,46094,PS,284,339,265,262,6,147,164,45393,4,90,98,45584,137,<=0.10,<=0.10,0.10 - 0.19,<=0.10,0.20 - 0.29,0.30 - 0.39,0.10 - 0.19,<=0.10,117,<=0.10,<=0.10,0.20 - 0.29,<=0.10,0.10 - 0.19,0.40 - 0.49,0.10 - 0.19,<=0.10,68,47169,84,57184,113,49267,39,52174,107,56195,102,96,69,54511,38,59022,73,55223,34,58350,4,153,51153,118,PS,126,1,183,71330,PS,66,60977,32,72365,66,62155,34,71012,PS,75,187,<=0.10,<=0.10,0.40 - 0.49,<=0.10,0.10 - 0.19,0.10 - 0.19,0.10 - 0.19,<=0.10,117,<=0.10,<=0.10,0.50 - 0.59,<=0.10,<=0.10,0.10 - 0.19,0.10 - 0.19,<=0.10,1,1,102,74512,97,69,69506,33,81176,70,73142,32,75663,PS,79,43799,83343,60801,111527
203580,003066,Lake Erie College,"Private, nonprofit",1,5208,Finance and Financial Management Services.,3,Bachelor's Degree,3,3,PS,PS,PS,PS,PS,PS,PS,PS,PS,PS,PS,PS,PS,PS,PS,PS,PS,PS,PS,PS,PS,PS,PS,PS,PS,PS,PS,PS,PS,PS,PS,PS,PS,PS,PS,PS,PS,PS,PS,PS,PS,PS,PS,PS,PS,PS,PS,PS,PS,PS,PS,PS,PS,PS,PS,PS,PS,PS,PS,PS,PS,PS,PS,PS,0,PS,PS,PS,PS,PS,PS,PS,PS,PS,PS,PS,PS,PS,PS,PS,PS,PS,PS,PS,PS,PS,PS,PS,PS,PS,PS,PS,PS,PS,PS,PS,PS,PS,PS,PS,PS,PS,PS,PS,PS,PS,PS,PS,PS,PS,0,PS,PS,PS,PS,PS,0,PS,PS,PS,PS,PS,PS,PS,PS,PS,PS,PS,PS,PS,PS,PS,PS,PS,PS,PS,PS,PS,PS,PS,PS,PS,PS,PS,PS,PS,PS,PS,1,1,PS,PS,PS,PS,PS,PS,PS,PS,PS,PS,PS,PS,PS,43799,83343,60801,111527
203775,003072,Malone University,"Private, nonprofit",1,5208,Finance and Financial Management Services.,3,Bachelor's Degree,14,2,11,PS,PS,11,PS,PS,PS,PS,PS,PS,PS,PS,PS,PS,PS,PS,PS,PS,PS,PS,PS,PS,PS,PS,PS,PS,PS,PS,PS,PS,PS,PS,PS,PS,PS,PS,PS,PS,PS,PS,PS,PS,PS,PS,PS,PS,PS,PS,PS,PS,PS,PS,PS,PS,PS,PS,PS,PS,PS,PS,PS,PS,PS,PS,0,PS,PS,PS,PS,PS,PS,PS,PS,PS,PS,PS,PS,PS,PS,PS,PS,PS,PS,PS,PS,PS,PS,PS,PS,PS,PS,PS,PS,PS,PS,PS,PS,PS,PS,PS,PS,PS,PS,PS,PS,PS,PS,PS,PS,PS,0,PS,PS,PS,PS,PS,0,PS,PS,PS,PS,PS,PS,PS,PS,PS,PS,PS,PS,PS,PS,PS,PS,PS,PS,PS,PS,PS,PS,PS,PS,PS,PS,PS,PS,PS,PS,PS,1,0,PS,PS,PS,PS,PS,PS,PS,PS,PS,PS,PS,PS,PS,43799,83343,60801,111527
203845,003073,Marietta College,"Private, nonprofit",1,5208,Finance and Financial Management Services.,3,Bachelor's Degree,10,10,PS,PS,PS,PS,PS,PS,PS,PS,PS,PS,PS,PS,PS,PS,PS,PS,PS,PS,PS,PS,PS,PS,PS,PS,PS,PS,PS,PS,PS,PS,PS,PS,PS,PS,PS,PS,PS,PS,PS,PS,PS,PS,PS,PS,PS,PS,PS,PS,PS,PS,PS,PS,PS,PS,PS,PS,PS,PS,PS,PS,PS,PS,PS,PS,1,PS,PS,PS,PS,PS,PS,PS,16,PS,PS,PS,PS,PS,PS,PS,PS,13,PS,PS,PS,PS,PS,PS,PS,PS,PS,PS,PS,PS,PS,PS,PS,PS,PS,PS,PS,PS,PS,PS,PS,PS,PS,PS,PS,PS,1,PS,PS,PS,PS,PS,1,PS,PS,PS,PS,PS,PS,PS,PS,PS,PS,PS,PS,PS,PS,PS,PS,PS,PS,PS,PS,PS,PS,13,PS,PS,PS,PS,PS,PS,PS,PS,1,1,PS,PS,PS,PS,PS,PS,PS,PS,PS,PS,PS,PS,PS,43799,83343,60801,111527
204024,003077,Miami University-Oxford,Public,1,5208,Finance and Financial Management Services.,3,Bachelor's Degree,348,423,293,19563,22000,292,19396,21788,60,62879,56853,59,62579,56406,223,20180,22500,222,19975,22125,45,58118,PS,44,57609,PS,70,PS,19500,70,PS,19500,15,PS,PS,15,PS,PS,57,PS,25000,57,PS,22938,15,44370,PS,14,43890,PS,236,18944,21514,235,18974,21529,45,PS,PS,45,PS,PS,676,671,233,231,6,202,208,61275,3,180,188,63487,177,<=0.10,<=0.10,<=0.10,<=0.10,<=0.10,0.60 - 0.69,0.10 - 0.19,<=0.10,189,<=0.10,<=0.10,<=0.10,<=0.10,<=0.10,0.50 - 0.59,0.20 - 0.29,<=0.10,68,72864,244,70865,238,69323,75,76520,194,73327,180,176,57,74176,137,72916,151,74072,43,71853,3,312,71203,295,PS,114,3,254,110406,PS,58,95228,137,86300,155,87551,41,88775,PS,65,237,<=0.05,<=0.05,0.45 - 0.49,<=0.05,0.05 - 0.09,0.20 - 0.24,0.15 - 0.19,<=0.05,189,<=0.10,<=0.10,0.30 - 0.39,<=0.10,<=0.10,0.30 - 0.39,0.30 - 0.39,<=0.10,1,5,194,100641,188,52,103131,143,99335,152,100739,42,100227,PS,62,43799,83343,60801,111527
204185,003083,University of Mount Union,"Private, nonprofit",1,5208,Finance and Financial Management Services.,3,Bachelor's Degree,13,26,20,PS,27000,20,PS,27000,PS,PS,PS,PS,PS,PS,PS,PS,PS,PS,PS,PS,PS,PS,PS,PS,PS,PS,PS,PS,PS,PS,PS,PS,PS,PS,PS,PS,PS,PS,PS,PS,PS,PS,PS,PS,PS,PS,PS,PS,PS,PS,PS,PS,PS,PS,PS,PS,PS,PS,PS,PS,PS,PS,PS,PS,286,286,0,18,19,41758,1,15,16,46321,14,PS,PS,PS,PS,PS,PS,PS,PS,17,PS,PS,PS,PS,PS,PS,PS,PS,PS,PS,PS,PS,PS,PS,PS,PS,18,62451,16,PS,PS,PS,PS,PS,PS,PS,PS,PS,1,20,51503,17,PS,16,2,21,80777,PS,PS,PS,PS,PS,PS,PS,PS,PS,PS,PS,27,PS,PS,0.40 - 0.59,PS,PS,PS,PS,PS,17,PS,PS,PS,PS,PS,PS,PS,PS,1,1,18,82560,18,PS,PS,PS,PS,PS,PS,PS,PS,PS,PS,43799,83343,60801,111527
204194,007085,Mount Vernon Nazarene University,"Private, nonprofit",1,5208,Finance and Financial Management Services.,3,Bachelor's Degree,17,10,17,21207,PS,15,20693,PS,PS,PS,PS,PS,PS,PS,PS,PS,PS,PS,PS,PS,PS,PS,PS,PS,PS,PS,PS,PS,PS,PS,PS,PS,PS,PS,PS,PS,PS,PS,PS,PS,PS,PS,PS,PS,PS,PS,PS,PS,PS,PS,PS,PS,PS,PS,PS,PS,PS,PS,PS,PS,PS,PS,PS,PS,PS,PS,0,PS,PS,PS,PS,PS,PS,PS,PS,PS,PS,PS,PS,PS,PS,PS,PS,PS,PS,PS,PS,PS,PS,PS,PS,PS,PS,PS,PS,PS,PS,PS,PS,PS,PS,PS,PS,PS,PS,PS,PS,PS,PS,PS,PS,PS,0,PS,PS,PS,PS,PS,0,PS,PS,PS,PS,PS,PS,PS,PS,PS,PS,PS,PS,PS,15,PS,PS,PS,PS,PS,PS,PS,PS,PS,PS,PS,PS,PS,PS,PS,PS,PS,2,0,PS,PS,PS,PS,PS,PS,PS,PS,PS,PS,PS,PS,PS,43799,83343,60801,111527
204200,003033,Mount St. Joseph University,"Private, nonprofit",1,5208,Finance and Financial Management Services.,3,Bachelor's Degree,4,1,PS,PS,PS,PS,PS,PS,PS,PS,PS,PS,PS,PS,PS,PS,PS,PS,PS,PS,PS,PS,PS,PS,PS,PS,PS,PS,PS,PS,PS,PS,PS,PS,PS,PS,PS,PS,PS,PS,PS,PS,PS,PS,PS,PS,PS,PS,PS,PS,PS,PS,PS,PS,PS,PS,PS,PS,PS,PS,PS,PS,PS,PS,PS,PS,0,PS,PS,PS,PS,PS,PS,PS,PS,PS,PS,PS,PS,PS,PS,PS,PS,PS,PS,PS,PS,PS,PS,PS,PS,PS,PS,PS,PS,PS,PS,PS,PS,PS,PS,PS,PS,PS,PS,PS,PS,PS,PS,PS,PS,PS,0,PS,PS,PS,PS,PS,PS,PS,PS,PS,PS,PS,PS,PS,PS,PS,PS,PS,PS,PS,PS,PS,PS,PS,PS,PS,PS,PS,PS,PS,PS,PS,PS,PS,PS,PS,PS,PS,1,PS,PS,PS,PS,PS,PS,PS,PS,PS,PS,PS,PS,PS,PS,43799,83343,60801,111527
204468,003085,Notre Dame College,"Private, nonprofit",1,5208,Finance and Financial Management Services.,3,Bachelor's Degree,6,4,13,PS,PS,13,PS,PS,PS,PS,PS,PS,PS,PS,PS,PS,PS,PS,PS,PS,PS,PS,PS,PS,PS,PS,PS,PS,PS,PS,PS,PS,PS,PS,PS,PS,PS,PS,PS,PS,PS,PS,PS,PS,PS,PS,PS,PS,PS,PS,PS,PS,PS,PS,PS,PS,PS,PS,PS,PS,PS,PS,PS,PS,PS,PS,0,PS,PS,PS,PS,PS,PS,PS,10,PS,PS,PS,PS,PS,PS,PS,PS,PS,PS,PS,PS,PS,PS,PS,PS,PS,PS,PS,PS,PS,PS,PS,PS,PS,PS,PS,PS,PS,PS,PS,PS,PS,PS,PS,PS,PS,1,PS,PS,PS,PS,PS,0,PS,PS,PS,PS,PS,PS,PS,PS,PS,PS,PS,PS,PS,PS,PS,PS,PS,PS,PS,PS,PS,PS,PS,PS,PS,PS,PS,PS,PS,PS,PS,1,1,PS,PS,PS,PS,PS,PS,PS,PS,PS,PS,PS,PS,PS,43799,83343,60801,111527
204617,003035,Ohio Dominican University,"Private, nonprofit",1,5208,Finance and Financial Management Services.,3,Bachelor's Degree,9,4,17,23074,PS,16,23422,PS,PS,PS,PS,PS,PS,PS,PS,PS,PS,PS,PS,PS,PS,PS,PS,PS,PS,PS,PS,PS,PS,PS,PS,PS,PS,PS,PS,PS,PS,PS,PS,PS,PS,PS,PS,PS,PS,PS,PS,PS,PS,PS,PS,PS,PS,PS,PS,PS,PS,PS,PS,PS,PS,PS,PS,PS,PS,PS,0,PS,PS,PS,PS,PS,PS,PS,PS,PS,PS,PS,PS,PS,PS,PS,PS,10,PS,PS,PS,PS,PS,PS,PS,PS,PS,PS,PS,PS,PS,PS,PS,PS,PS,PS,PS,PS,PS,PS,PS,PS,PS,PS,PS,PS,0,PS,PS,PS,PS,PS,1,18,71644,PS,PS,PS,PS,PS,PS,PS,PS,PS,PS,PS,19,PS,PS,PS,PS,PS,PS,PS,PS,10,PS,PS,PS,PS,PS,PS,PS,PS,1,2,PS,PS,PS,PS,PS,PS,PS,PS,PS,PS,PS,PS,PS,43799,83343,60801,111527
204635,003089,Ohio Northern University,"Private, nonprofit",1,5208,Finance and Financial Management Services.,3,Bachelor's Degree,10,16,PS,PS,PS,PS,PS,PS,PS,PS,PS,PS,PS,PS,PS,PS,PS,PS,PS,PS,PS,PS,PS,PS,PS,PS,PS,PS,PS,PS,PS,PS,PS,PS,PS,PS,PS,PS,PS,PS,PS,PS,PS,PS,PS,PS,PS,PS,PS,PS,PS,PS,PS,PS,PS,PS,PS,PS,PS,PS,PS,PS,PS,PS,PS,PS,PS,PS,PS,PS,PS,PS,PS,PS,PS,PS,PS,PS,PS,PS,PS,PS,PS,PS,PS,PS,PS,PS,PS,PS,PS,PS,PS,PS,PS,PS,PS,PS,PS,PS,PS,PS,PS,PS,PS,PS,PS,PS,PS,PS,PS,PS,0,PS,PS,PS,PS,PS,0,PS,PS,PS,PS,PS,PS,PS,PS,PS,PS,PS,PS,PS,PS,PS,PS,PS,PS,PS,PS,PS,PS,PS,PS,PS,PS,PS,PS,PS,PS,PS,1,0,PS,PS,PS,PS,PS,PS,PS,PS,PS,PS,PS,PS,PS,PS,PS,PS,PS
204796,003090,Ohio State University-Main Campus,Public,1,5208,Finance and Financial Management Services.,3,Bachelor's Degree,813,817,501,19373,20500,484,18795,19500,125,37496,25896,115,37040,25896,388,19543,20562,374,18906,19500,94,39365,26535,85,39051,25896,113,18790,20500,110,18418,19750,31,31831,24469,30,31344,25448,165,20515,20372,159,18940,18500,36,23844,17417,29,22783,16941,336,18812,20500,325,18724,20249,89,43018,36376,86,41848,36223,308,308,217,207,14,416,439,58216,6,271,282,60701,327,<=0.05,<=0.05,0.10 - 0.14,<=0.05,0.10 - 0.14,0.45 - 0.49,0.20 - 0.24,<=0.05,268,<=0.05,<=0.05,0.15 - 0.19,<=0.05,0.05 - 0.09,0.40 - 0.44,0.25 - 0.29,<=0.05,205,62176,340,65932,407,63869,138,66757,281,70092,266,257,140,69628,141,71517,213,71390,68,63983,12,544,65181,499,PS,342,15,517,97986,PS,130,77369,138,84012,207,84648,62,75476,PS,160,454,<=0.05,<=0.05,0.50 - 0.54,<=0.05,0.05 - 0.09,0.20 - 0.24,0.15 - 0.19,<=0.05,268,<=0.05,<=0.05,0.35 - 0.39,<=0.05,<=0.05,0.20 - 0.24,0.30 - 0.34,<=0.05,1,13,273,93666,260,133,90322,140,95683,208,97349,65,90240,21,157,43799,83343,60801,111527
204802,003100,Ohio University-Eastern Campus,Public,0,5208,Finance and Financial Management Services.,3,Bachelor's Degree,0,0,219,22206,25000,218,21517,24250,63,37510,34962,61,38129,36000,168,22059,24750,167,21192,23500,49,38722,PS,47,39578,PS,51,PS,26000,51,PS,26000,14,PS,PS,14,PS,PS,69,PS,26000,69,PS,25000,26,30531,29873,25,31255,32747,150,20932,23379,149,20537,23000,37,42414,36445,36,42903,37012,416,428,265,257,1,138,147,51288,1,104,105,53715,123,<=0.10,<=0.10,0.10 - 0.19,<=0.10,0.10 - 0.19,0.50 - 0.59,0.10 - 0.19,<=0.10,104,<=0.10,<=0.10,0.10 - 0.19,<=0.10,<=0.10,0.50 - 0.59,0.20 - 0.29,<=0.10,67,60612,151,58605,169,58540,50,61529,102,64699,100,96,40,60520,61,68267,88,62885,PS,PS,5,219,59305,195,PS,156,1,188,81299,PS,38,72846,64,77015,88,75852,PS,PS,PS,65,176,<=0.10,<=0.10,0.40 - 0.49,<=0.10,0.10 - 0.19,0.20 - 0.29,0.10 - 0.19,<=0.10,104,<=0.10,<=0.10,0.40 - 0.49,<=0.10,<=0.10,0.30 - 0.39,0.20 - 0.29,<=0.10,1,2,99,86951,95,36,81921,64,88585,PS,PS,PS,PS,PS,64,43799,83343,60801,111527
204820,003100,Ohio University-Chillicothe Campus,Public,0,5208,Finance and Financial Management Services.,3,Bachelor's Degree,0,0,219,22206,25000,218,21517,24250,63,37510,34962,61,38129,36000,168,22059,24750,167,21192,23500,49,38722,PS,47,39578,PS,51,PS,26000,51,PS,26000,14,PS,PS,14,PS,PS,69,PS,26000,69,PS,25000,26,30531,29873,25,31255,32747,150,20932,23379,149,20537,23000,37,42414,36445,36,42903,37012,416,428,265,257,1,138,147,51288,1,104,105,53715,123,<=0.10,<=0.10,0.10 - 0.19,<=0.10,0.10 - 0.19,0.50 - 0.59,0.10 - 0.19,<=0.10,104,<=0.10,<=0.10,0.10 - 0.19,<=0.10,<=0.10,0.50 - 0.59,0.20 - 0.29,<=0.10,67,60612,151,58605,169,58540,50,61529,102,64699,100,96,40,60520,61,68267,88,62885,PS,PS,5,219,59305,195,PS,156,1,188,81299,PS,38,72846,64,77015,88,75852,PS,PS,PS,65,176,<=0.10,<=0.10,0.40 - 0.49,<=0.10,0.10 - 0.19,0.20 - 0.29,0.10 - 0.19,<=0.10,104,<=0.10,<=0.10,0.40 - 0.49,<=0.10,<=0.10,0.30 - 0.39,0.20 - 0.29,<=0.10,1,2,99,86951,95,36,81921,64,88585,PS,PS,PS,PS,PS,64,43799,83343,60801,111527
204839,003100,Ohio University-Southern Campus,Public,0,5208,Finance and Financial Management Services.,3,Bachelor's Degree,0,0,219,22206,25000,218,21517,24250,63,37510,34962,61,38129,36000,168,22059,24750,167,21192,23500,49,38722,PS,47,39578,PS,51,PS,26000,51,PS,26000,14,PS,PS,14,PS,PS,69,PS,26000,69,PS,25000,26,30531,29873,25,31255,32747,150,20932,23379,149,20537,23000,37,42414,36445,36,42903,37012,416,428,265,257,1,138,147,51288,1,104,105,53715,123,<=0.10,<=0.10,0.10 - 0.19,<=0.10,0.10 - 0.19,0.50 - 0.59,0.10 - 0.19,<=0.10,104,<=0.10,<=0.10,0.10 - 0.19,<=0.10,<=0.10,0.50 - 0.59,0.20 - 0.29,<=0.10,67,60612,151,58605,169,58540,50,61529,102,64699,100,96,40,60520,61,68267,88,62885,PS,PS,5,219,59305,195,PS,156,1,188,81299,PS,38,72846,64,77015,88,75852,PS,PS,PS,65,176,<=0.10,<=0.10,0.40 - 0.49,<=0.10,0.10 - 0.19,0.20 - 0.29,0.10 - 0.19,<=0.10,104,<=0.10,<=0.10,0.40 - 0.49,<=0.10,<=0.10,0.30 - 0.39,0.20 - 0.29,<=0.10,1,2,99,86951,95,36,81921,64,88585,PS,PS,PS,PS,PS,64,43799,83343,60801,111527
204848,003100,Ohio University-Lancaster Campus,Public,0,5208,Finance and Financial Management Services.,3,Bachelor's Degree,0,0,219,22206,25000,218,21517,24250,63,37510,34962,61,38129,36000,168,22059,24750,167,21192,23500,49,38722,PS,47,39578,PS,51,PS,26000,51,PS,26000,14,PS,PS,14,PS,PS,69,PS,26000,69,PS,25000,26,30531,29873,25,31255,32747,150,20932,23379,149,20537,23000,37,42414,36445,36,42903,37012,416,428,265,257,1,138,147,51288,1,104,105,53715,123,<=0.10,<=0.10,0.10 - 0.19,<=0.10,0.10 - 0.19,0.50 - 0.59,0.10 - 0.19,<=0.10,104,<=0.10,<=0.10,0.10 - 0.19,<=0.10,<=0.10,0.50 - 0.59,0.20 - 0.29,<=0.10,67,60612,151,58605,169,58540,50,61529,102,64699,100,96,40,60520,61,68267,88,62885,PS,PS,5,219,59305,195,PS,156,1,188,81299,PS,38,72846,64,77015,88,75852,PS,PS,PS,65,176,<=0.10,<=0.10,0.40 - 0.49,<=0.10,0.10 - 0.19,0.20 - 0.29,0.10 - 0.19,<=0.10,104,<=0.10,<=0.10,0.40 - 0.49,<=0.10,<=0.10,0.30 - 0.39,0.20 - 0.29,<=0.10,1,2,99,86951,95,36,81921,64,88585,PS,PS,PS,PS,PS,64,43799,83343,60801,111527
204857,003100,Ohio University-Main Campus,Public,1,5208,Finance and Financial Management Services.,3,Bachelor's Degree,141,175,219,22206,25000,218,21517,24250,63,37510,34962,61,38129,36000,168,22059,24750,167,21192,23500,49,38722,PS,47,39578,PS,51,PS,26000,51,PS,26000,14,PS,PS,14,PS,PS,69,PS,26000,69,PS,25000,26,30531,29873,25,31255,32747,150,20932,23379,149,20537,23000,37,42414,36445,36,42903,37012,416,428,265,257,1,138,147,51288,1,104,105,53715,123,<=0.10,<=0.10,0.10 - 0.19,<=0.10,0.10 - 0.19,0.50 - 0.59,0.10 - 0.19,<=0.10,104,<=0.10,<=0.10,0.10 - 0.19,<=0.10,<=0.10,0.50 - 0.59,0.20 - 0.29,<=0.10,67,60612,151,58605,169,58540,50,61529,102,64699,100,96,40,60520,61,68267,88,62885,PS,PS,5,219,59305,195,PS,156,1,188,81299,PS,38,72846,64,77015,88,75852,PS,PS,PS,65,176,<=0.10,<=0.10,0.40 - 0.49,<=0.10,0.10 - 0.19,0.20 - 0.29,0.10 - 0.19,<=0.10,104,<=0.10,<=0.10,0.40 - 0.49,<=0.10,<=0.10,0.30 - 0.39,0.20 - 0.29,<=0.10,1,2,99,86951,95,36,81921,64,88585,PS,PS,PS,PS,PS,64,43799,83343,60801,111527
204866,003100,Ohio University-Zanesville Campus,Public,0,5208,Finance and Financial Management Services.,3,Bachelor's Degree,0,0,219,22206,25000,218,21517,24250,63,37510,34962,61,38129,36000,168,22059,24750,167,21192,23500,49,38722,PS,47,39578,PS,51,PS,26000,51,PS,26000,14,PS,PS,14,PS,PS,69,PS,26000,69,PS,25000,26,30531,29873,25,31255,32747,150,20932,23379,149,20537,23000,37,42414,36445,36,42903,37012,416,428,265,257,1,138,147,51288,1,104,105,53715,123,<=0.10,<=0.10,0.10 - 0.19,<=0.10,0.10 - 0.19,0.50 - 0.59,0.10 - 0.19,<=0.10,104,<=0.10,<=0.10,0.10 - 0.19,<=0.10,<=0.10,0.50 - 0.59,0.20 - 0.29,<=0.10,67,60612,151,58605,169,58540,50,61529,102,64699,100,96,40,60520,61,68267,88,62885,PS,PS,5,219,59305,195,PS,156,1,188,81299,PS,38,72846,64,77015,88,75852,PS,PS,PS,65,176,<=0.10,<=0.10,0.40 - 0.49,<=0.10,0.10 - 0.19,0.20 - 0.29,0.10 - 0.19,<=0.10,104,<=0.10,<=0.10,0.40 - 0.49,<=0.10,<=0.10,0.30 - 0.39,0.20 - 0.29,<=0.10,1,2,99,86951,95,36,81921,64,88585,PS,PS,PS,PS,PS,64,43799,83343,60801,111527
204909,003109,Ohio Wesleyan University,"Private, nonprofit",1,5208,Finance and Financial Management Services.,3,Bachelor's Degree,4,6,,,,,,,,,,,,,,,,,,,,,,,,,,,,,,,,,,,,,,,,,,,,,,,,,,,,,,,,,,,,,,,,,,,,,,,,,,,,,,,,,,,,,,,,,,,,,,,,,,,,,,,,,,,,,,,,,,,,,,PS,PS,,,,,,,,,,,,,,,,,,,,,,,,,,,,,,1,,,,,,,,,,,,,,,PS,PS,PS,PS
204936,003110,Otterbein University,"Private, nonprofit",1,5208,Finance and Financial Management Services.,3,Bachelor's Degree,17,14,21,PS,25600,21,PS,25600,PS,PS,PS,PS,PS,PS,PS,PS,PS,PS,PS,PS,PS,PS,PS,PS,PS,PS,PS,PS,PS,PS,PS,PS,PS,PS,PS,PS,PS,PS,PS,PS,PS,PS,PS,PS,PS,PS,PS,PS,PS,PS,PS,PS,PS,PS,PS,PS,PS,PS,PS,PS,PS,PS,PS,PS,271,271,0,PS,PS,PS,PS,PS,PS,PS,16,PS,PS,PS,PS,PS,PS,PS,PS,12,PS,PS,PS,PS,PS,PS,PS,PS,PS,PS,PS,PS,PS,PS,PS,PS,PS,PS,PS,PS,PS,PS,PS,PS,PS,PS,PS,PS,0,19,55364,PS,PS,PS,0,PS,PS,PS,PS,PS,PS,PS,PS,PS,PS,PS,PS,PS,17,PS,PS,PS,PS,PS,PS,PS,PS,12,PS,PS,PS,PS,PS,PS,PS,PS,1,0,PS,PS,PS,PS,PS,PS,PS,PS,PS,PS,PS,PS,PS,43799,83343,60801,111527
205203,003116,University of Rio Grande,"Private, nonprofit",1,5208,Finance and Financial Management Services.,3,Bachelor's Degree,0,0,PS,PS,PS,PS,PS,PS,PS,PS,PS,PS,PS,PS,PS,PS,PS,PS,PS,PS,PS,PS,PS,PS,PS,PS,PS,PS,PS,PS,PS,PS,PS,PS,PS,PS,PS,PS,PS,PS,PS,PS,PS,PS,PS,PS,PS,PS,PS,PS,PS,PS,PS,PS,PS,PS,PS,PS,PS,PS,PS,PS,PS,PS,PS,PS,PS,PS,PS,PS,PS,PS,PS,PS,PS,PS,PS,PS,PS,PS,PS,PS,PS,PS,PS,PS,PS,PS,PS,PS,PS,PS,PS,PS,PS,PS,PS,PS,PS,PS,PS,PS,PS,PS,PS,PS,PS,PS,PS,PS,PS,PS,0,PS,PS,PS,PS,PS,0,PS,PS,PS,PS,PS,PS,PS,PS,PS,PS,PS,PS,PS,PS,PS,PS,PS,PS,PS,PS,PS,PS,PS,PS,PS,PS,PS,PS,PS,PS,PS,1,1,PS,PS,PS,PS,PS,PS,PS,PS,PS,PS,PS,PS,PS,43799,83343,60801,111527
205957,003036,Franciscan University of Steubenville,"Private, nonprofit",1,5208,Finance and Financial Management Services.,3,Bachelor's Degree,13,13,PS,PS,PS,PS,PS,PS,PS,PS,PS,PS,PS,PS,PS,PS,PS,PS,PS,PS,PS,PS,PS,PS,PS,PS,PS,PS,PS,PS,PS,PS,PS,PS,PS,PS,PS,PS,PS,PS,PS,PS,PS,PS,PS,PS,PS,PS,PS,PS,PS,PS,PS,PS,PS,PS,PS,PS,PS,PS,PS,PS,PS,PS,PS,PS,1,PS,PS,PS,PS,PS,PS,PS,PS,PS,PS,PS,PS,PS,PS,PS,PS,PS,PS,PS,PS,PS,PS,PS,PS,PS,PS,PS,PS,PS,PS,PS,PS,PS,PS,PS,PS,PS,PS,PS,PS,PS,PS,PS,PS,PS,1,PS,PS,PS,PS,PS,0,20,72426,PS,PS,PS,PS,PS,PS,PS,PS,PS,PS,PS,18,PS,PS,PS,PS,PS,PS,PS,PS,PS,PS,PS,PS,PS,PS,PS,PS,PS,1,0,PS,PS,PS,PS,PS,PS,PS,PS,PS,PS,PS,PS,PS,43799,83343,60801,111527
206048,003121,Tiffin University,"Private, nonprofit",1,5208,Finance and Financial Management Services.,3,Bachelor's Degree,16,6,PS,PS,PS,PS,PS,PS,PS,PS,PS,PS,PS,PS,PS,PS,PS,PS,PS,PS,PS,PS,PS,PS,PS,PS,PS,PS,PS,PS,PS,PS,PS,PS,PS,PS,PS,PS,PS,PS,PS,PS,PS,PS,PS,PS,PS,PS,PS,PS,PS,PS,PS,PS,PS,PS,PS,PS,PS,PS,PS,PS,PS,PS,PS,PS,0,PS,PS,PS,PS,PS,PS,PS,12,PS,PS,PS,PS,PS,PS,PS,PS,PS,PS,PS,PS,PS,PS,PS,PS,PS,PS,PS,PS,PS,PS,PS,PS,PS,PS,PS,PS,PS,PS,PS,PS,PS,PS,PS,PS,PS,0,PS,PS,PS,PS,PS,0,PS,PS,PS,PS,PS,PS,PS,PS,PS,PS,PS,PS,PS,PS,PS,PS,PS,PS,PS,PS,PS,PS,PS,PS,PS,PS,PS,PS,PS,PS,PS,2,0,PS,PS,PS,PS,PS,PS,PS,PS,PS,PS,PS,PS,PS,43799,83343,60801,111527
206084,003131,University of Toledo,Public,1,5208,Finance and Financial Management Services.,3,Bachelor's Degree,131,123,106,20091,18500,101,18576,18000,28,25480,20236,25,26509,20195,83,19617,19500,79,18538,18584,PS,PS,PS,PS,PS,PS,23,21802,16500,22,18711,13320,PS,PS,PS,PS,PS,PS,51,23135,18584,47,21294,18584,10,16335,PS,PS,PS,PS,55,17268,18198,54,16211,16275,18,PS,PS,PS,PS,PS,241,240,196,191,6,86,98,42580,2,98,106,47260,89,<=0.20,<=0.20,<=0.20,<=0.20,<=0.20,0.40 - 0.59,<=0.20,<=0.20,89,<=0.20,<=0.20,<=0.20,<=0.20,<=0.20,0.40 - 0.59,<=0.20,<=0.20,55,49355,54,51240,78,51954,28,48278,107,54578,97,90,61,50485,46,61944,79,55242,30,53500,5,109,49414,86,PS,84,7,104,74304,PS,58,59428,41,62562,72,61092,27,57898,PS,67,94,<=0.20,<=0.20,0.40 - 0.59,<=0.20,<=0.20,<=0.20,<=0.20,<=0.20,89,<=0.20,<=0.20,0.40 - 0.59,<=0.20,<=0.20,<=0.20,0.20 - 0.39,<=0.20,1,6,99,72239,94,59,71278,40,74269,75,74929,PS,PS,PS,70,43799,83343,60801,111527
206437,003135,Walsh University,"Private, nonprofit",1,5208,Finance and Financial Management Services.,3,Bachelor's Degree,14,16,13,PS,PS,13,PS,PS,PS,PS,PS,PS,PS,PS,PS,PS,PS,PS,PS,PS,PS,PS,PS,PS,PS,PS,PS,PS,PS,PS,PS,PS,PS,PS,PS,PS,PS,PS,PS,PS,PS,PS,PS,PS,PS,PS,PS,PS,PS,PS,PS,PS,PS,PS,PS,PS,PS,PS,PS,PS,PS,PS,PS,PS,PS,PS,0,PS,PS,PS,PS,PS,PS,PS,PS,PS,PS,PS,PS,PS,PS,PS,PS,PS,PS,PS,PS,PS,PS,PS,PS,PS,PS,PS,PS,PS,PS,PS,PS,PS,PS,PS,PS,PS,PS,PS,PS,PS,PS,PS,PS,PS,0,PS,PS,PS,PS,PS,0,PS,PS,PS,PS,PS,PS,PS,PS,PS,PS,PS,PS,PS,11,PS,PS,PS,PS,PS,PS,PS,PS,PS,PS,PS,PS,PS,PS,PS,PS,PS,1,0,PS,PS,PS,PS,PS,PS,PS,PS,PS,PS,PS,PS,PS,43799,83343,60801,111527
206525,003143,Wittenberg University,"Private, nonprofit",1,5208,Finance and Financial Management Services.,3,Bachelor's Degree,10,16,12,PS,PS,12,PS,PS,PS,PS,PS,PS,PS,PS,PS,PS,PS,PS,PS,PS,PS,PS,PS,PS,PS,PS,PS,PS,PS,PS,PS,PS,PS,PS,PS,PS,PS,PS,PS,PS,PS,PS,PS,PS,PS,PS,PS,PS,PS,PS,PS,PS,PS,PS,PS,PS,PS,PS,PS,PS,PS,PS,PS,PS,PS,PS,0,PS,PS,PS,PS,PS,PS,PS,13,PS,PS,PS,PS,PS,PS,PS,PS,PS,PS,PS,PS,PS,PS,PS,PS,PS,PS,PS,PS,PS,PS,PS,PS,PS,PS,PS,PS,PS,PS,PS,PS,PS,PS,PS,PS,PS,0,PS,PS,PS,PS,PS,0,18,95069,PS,PS,PS,PS,PS,PS,PS,PS,PS,PS,PS,PS,PS,PS,PS,PS,PS,PS,PS,PS,PS,PS,PS,PS,PS,PS,PS,PS,PS,1,0,PS,PS,PS,PS,PS,PS,PS,PS,PS,PS,PS,PS,PS,43799,83343,60801,111527
206604,003078,Wright State University-Main Campus,Public,1,5208,Finance and Financial Management Services.,3,Bachelor's Degree,53,62,98,20905,18903,94,18994,17762,14,14904,PS,11,11162,PS,76,19880,17625,72,18318,17625,PS,PS,PS,PS,PS,PS,22,PS,22581,22,PS,21251,PS,PS,PS,PS,PS,PS,59,PS,21250,59,PS,18994,PS,PS,PS,PS,PS,PS,39,17964,17432,35,18421,17750,PS,PS,PS,PS,PS,PS,PS,PS,200,188,1,82,93,43565,0,60,63,45127,79,<=0.20,<=0.20,<=0.20,<=0.20,<=0.20,0.40 - 0.59,<=0.20,<=0.20,65,<=0.20,<=0.20,<=0.20,<=0.20,<=0.20,0.40 - 0.59,<=0.20,<=0.20,57,51321,34,54281,74,52238,17,52354,61,53416,58,55,40,53350,22,57175,41,57597,21,50827,5,91,52534,75,PS,84,0,104,71696,PS,40,54769,25,64623,44,55852,21,56357,PS,60,81,<=0.20,<=0.20,0.40 - 0.59,<=0.20,<=0.20,<=0.20,<=0.20,<=0.20,65,<=0.20,<=0.20,0.40 - 0.59,<=0.20,<=0.20,<=0.20,0.20 - 0.39,<=0.20,1,1,64,71407,60,40,71830,25,70278,46,71817,19,66550,PS,59,43799,83343,60801,111527
206622,003144,Xavier University,"Private, nonprofit",1,5208,Finance and Financial Management Services.,3,Bachelor's Degree,66,48,75,21939,27000,74,22095,27000,27,65190,63193,26,66535,63346,60,21660,PS,59,21945,PS,PS,PS,PS,PS,PS,PS,15,PS,PS,15,PS,PS,PS,PS,PS,PS,PS,PS,18,PS,PS,18,PS,PS,PS,PS,PS,PS,PS,PS,57,20106,PS,56,20378,PS,PS,PS,PS,PS,PS,PS,751,753,286,286,1,89,95,53018,1,47,51,49918,78,<=0.20,<=0.20,<=0.20,<=0.20,<=0.20,0.40 - 0.59,<=0.20,<=0.20,58,<=0.20,<=0.20,<=0.20,<=0.20,<=0.20,0.40 - 0.59,0.20 - 0.39,<=0.20,PS,PS,PS,PS,PS,PS,PS,PS,49,62881,47,46,PS,PS,37,63968,43,62424,PS,PS,4,71,58513,63,PS,47,1,88,81532,PS,PS,PS,36,76350,41,71840,PS,PS,PS,25,78,<=0.20,<=0.20,0.40 - 0.59,<=0.20,<=0.20,0.20 - 0.39,<=0.20,<=0.20,58,<=0.20,<=0.20,0.40 - 0.59,<=0.20,<=0.20,<=0.20,0.20 - 0.39,<=0.20,1,1,45,86245,45,PS,PS,PS,PS,PS,PS,PS,PS,PS,19,43799,83343,60801,111527
206695,003145,Youngstown State University,Public,1,5208,Finance and Financial Management Services.,3,Bachelor's Degree,65,52,49,21396,21935,48,19803,20916,18,15225,PS,14,15932,PS,36,21997,PS,35,20601,PS,PS,PS,PS,PS,PS,PS,13,PS,PS,13,PS,PS,PS,PS,PS,PS,PS,PS,30,21828,19500,29,19888,16245,PS,PS,PS,PS,PS,PS,19,PS,22250,19,PS,22250,PS,PS,PS,PS,PS,PS,PS,PS,233,222,2,46,48,44200,0,28,33,40402,42,PS,PS,0.20 - 0.39,PS,PS,0.20 - 0.39,PS,PS,38,PS,PS,PS,PS,0.20 - 0.39,0.20 - 0.39,PS,PS,32,41573,16,49898,PS,PS,PS,PS,31,46052,31,29,23,44223,PS,PS,22,45707,PS,PS,2,48,44973,35,PS,39,0,48,63294,PS,24,53545,PS,PS,22,56998,PS,PS,PS,26,45,PS,PS,0.40 - 0.59,PS,PS,PS,PS,PS,38,PS,PS,0.40 - 0.59,PS,PS,PS,PS,PS,1,1,33,61650,28,PS,PS,PS,PS,PS,PS,PS,PS,PS,25,43799,83343,60801,111527
206835,003151,Oklahoma Wesleyan University,"Private, nonprofit",1,5208,Finance and Financial Management Services.,3,Bachelor's Degree,0,0,PS,PS,PS,PS,PS,PS,PS,PS,PS,PS,PS,PS,PS,PS,PS,PS,PS,PS,PS,PS,PS,PS,PS,PS,PS,PS,PS,PS,PS,PS,PS,PS,PS,PS,PS,PS,PS,PS,PS,PS,PS,PS,PS,PS,PS,PS,PS,PS,PS,PS,PS,PS,PS,PS,PS,PS,PS,PS,PS,PS,PS,PS,PS,PS,PS,PS,PS,PS,PS,PS,PS,PS,PS,PS,PS,PS,PS,PS,PS,PS,PS,PS,PS,PS,PS,PS,PS,PS,PS,PS,PS,PS,PS,PS,PS,PS,PS,PS,PS,PS,PS,PS,PS,PS,PS,PS,PS,PS,PS,PS,PS,PS,PS,PS,PS,PS,PS,PS,PS,PS,PS,PS,PS,PS,PS,PS,PS,PS,PS,PS,PS,PS,PS,PS,PS,PS,PS,PS,PS,PS,PS,PS,PS,PS,PS,PS,PS,PS,1,PS,PS,PS,PS,PS,PS,PS,PS,PS,PS,PS,PS,PS,PS,PS,PS,PS,PS
206862,003149,Southern Nazarene University,"Private, nonprofit",1,5208,Finance and Financial Management Services.,3,Bachelor's Degree,3,1,PS,PS,PS,PS,PS,PS,PS,PS,PS,PS,PS,PS,PS,PS,PS,PS,PS,PS,PS,PS,PS,PS,PS,PS,PS,PS,PS,PS,PS,PS,PS,PS,PS,PS,PS,PS,PS,PS,PS,PS,PS,PS,PS,PS,PS,PS,PS,PS,PS,PS,PS,PS,PS,PS,PS,PS,PS,PS,PS,PS,PS,PS,PS,PS,0,PS,PS,PS,PS,PS,PS,PS,PS,PS,PS,PS,PS,PS,PS,PS,PS,PS,PS,PS,PS,PS,PS,PS,PS,PS,PS,PS,PS,PS,PS,PS,PS,PS,PS,PS,PS,PS,PS,PS,PS,PS,PS,PS,PS,PS,0,PS,PS,PS,PS,PS,0,PS,PS,PS,PS,PS,PS,PS,PS,PS,PS,PS,PS,PS,PS,PS,PS,PS,PS,PS,PS,PS,PS,PS,PS,PS,PS,PS,PS,PS,PS,PS,1,0,PS,PS,PS,PS,PS,PS,PS,PS,PS,PS,PS,PS,PS,43799,83343,60801,111527
206941,003152,University of Central Oklahoma,Public,1,5208,Finance and Financial Management Services.,3,Bachelor's Degree,63,62,81,26005,24793,76,23099,21732,PS,PS,PS,PS,PS,PS,45,25303,25000,43,21981,21750,PS,PS,PS,PS,PS,PS,36,26882,23117,33,24556,19000,PS,PS,PS,PS,PS,PS,63,28492,PS,59,24961,PS,PS,PS,PS,PS,PS,PS,18,17298,PS,17,16639,PS,PS,PS,PS,PS,PS,PS,PS,PS,263,230,5,70,76,44066,4,52,61,37928,60,<=0.20,<=0.20,0.20 - 0.39,<=0.20,<=0.20,0.20 - 0.39,<=0.20,<=0.20,51,<=0.20,<=0.20,0.20 - 0.39,<=0.20,<=0.20,0.20 - 0.39,<=0.20,<=0.20,PS,PS,PS,PS,50,52240,38,45826,71,43691,59,53,46,42588,25,45199,41,50395,30,40153,6,89,50151,71,PS,79,6,83,58334,PS,42,53292,24,57650,39,60020,27,49560,PS,53,72,<=0.20,<=0.20,0.40 - 0.59,<=0.20,<=0.20,<=0.20,<=0.20,<=0.20,51,<=0.20,<=0.20,0.20 - 0.39,<=0.20,<=0.20,<=0.20,0.20 - 0.39,<=0.20,3,4,72,62055,60,47,61138,25,61484,43,75215,30,51930,PS,63,43799,83343,60801,111527
207263,003161,Northeastern State University,Public,1,5208,Finance and Financial Management Services.,3,Bachelor's Degree,27,28,23,25395,22500,19,20958,19500,PS,PS,PS,PS,PS,PS,PS,PS,PS,PS,PS,PS,PS,PS,PS,PS,PS,PS,PS,PS,PS,PS,PS,PS,PS,PS,PS,PS,PS,PS,PS,PS,PS,PS,PS,PS,PS,PS,PS,PS,PS,PS,PS,PS,PS,PS,PS,PS,PS,PS,PS,PS,PS,PS,PS,PS,239,207,0,21,24,45864,PS,PS,PS,PS,21,PS,PS,PS,PS,PS,PS,PS,PS,13,PS,PS,PS,PS,PS,PS,PS,PS,PS,PS,PS,PS,PS,PS,PS,PS,16,45808,16,PS,PS,PS,PS,PS,PS,PS,PS,PS,2,25,45998,20,PS,21,0,PS,PS,PS,PS,PS,PS,PS,PS,PS,PS,PS,PS,PS,19,PS,PS,PS,PS,PS,PS,PS,PS,13,PS,PS,PS,PS,PS,PS,PS,PS,1,0,16,61112,16,PS,PS,PS,PS,PS,PS,PS,PS,PS,PS,43799,83343,60801,111527
207324,003165,Oklahoma Christian University,"Private, nonprofit",1,5208,Finance and Financial Management Services.,3,Bachelor's Degree,7,11,PS,PS,PS,PS,PS,PS,PS,PS,PS,PS,PS,PS,PS,PS,PS,PS,PS,PS,PS,PS,PS,PS,PS,PS,PS,PS,PS,PS,PS,PS,PS,PS,PS,PS,PS,PS,PS,PS,PS,PS,PS,PS,PS,PS,PS,PS,PS,PS,PS,PS,PS,PS,PS,PS,PS,PS,PS,PS,PS,PS,PS,PS,PS,PS,0,PS,PS,PS,PS,PS,PS,PS,10,PS,PS,PS,PS,PS,PS,PS,PS,PS,PS,PS,PS,PS,PS,PS,PS,PS,PS,PS,PS,PS,PS,PS,PS,PS,PS,PS,PS,PS,PS,PS,PS,PS,PS,PS,PS,PS,1,PS,PS,PS,PS,PS,0,PS,PS,PS,PS,PS,PS,PS,PS,PS,PS,PS,PS,PS,PS,PS,PS,PS,PS,PS,PS,PS,PS,PS,PS,PS,PS,PS,PS,PS,PS,PS,1,0,PS,PS,PS,PS,PS,PS,PS,PS,PS,PS,PS,PS,PS,43799,83343,60801,111527
207388,003170,Oklahoma State University-Main Campus,Public,1,5208,Finance and Financial Management Services.,3,Bachelor's Degree,194,168,158,22717,22060,156,20170,21277,58,51533,44725,56,51817,49634,112,23218,23250,111,20538,21500,43,55261,PS,41,55831,PS,46,21498,18500,45,19263,17052,15,PS,PS,15,PS,PS,73,25334,23000,71,22259,21865,17,36021,PS,16,37623,PS,85,PS,21500,85,PS,20500,41,57964,PS,40,57495,PS,532,590,234,226,2,131,145,51747,1,31,33,52107,114,<=0.10,<=0.10,0.10 - 0.19,<=0.10,0.10 - 0.19,0.40 - 0.49,0.10 - 0.19,<=0.10,52,<=0.20,<=0.20,0.20 - 0.39,<=0.20,<=0.20,0.20 - 0.39,<=0.20,<=0.20,73,54140,77,59864,106,56177,42,58588,39,61870,34,31,23,59988,16,62542,32,61374,PS,PS,7,149,56916,134,PS,88,1,162,81340,PS,22,71141,16,72968,30,73591,PS,PS,PS,16,148,<=0.10,<=0.10,0.50 - 0.59,<=0.10,0.10 - 0.19,0.10 - 0.19,0.10 - 0.19,<=0.10,52,<=0.20,<=0.20,0.40 - 0.59,<=0.20,<=0.20,<=0.20,0.20 - 0.39,<=0.20,3,1,38,82818,38,22,79061,16,89734,PS,PS,PS,PS,PS,16,43799,83343,60801,111527
207403,003164,Oklahoma Baptist University,"Private, nonprofit",1,5208,Finance and Financial Management Services.,3,Bachelor's Degree,5,7,10,PS,PS,10,PS,PS,PS,PS,PS,PS,PS,PS,PS,PS,PS,PS,PS,PS,PS,PS,PS,PS,PS,PS,PS,PS,PS,PS,PS,PS,PS,PS,PS,PS,PS,PS,PS,PS,PS,PS,PS,PS,PS,PS,PS,PS,PS,PS,PS,PS,PS,PS,PS,PS,PS,PS,PS,PS,PS,PS,PS,PS,PS,PS,0,PS,PS,PS,PS,PS,PS,PS,PS,PS,PS,PS,PS,PS,PS,PS,PS,PS,PS,PS,PS,PS,PS,PS,PS,PS,PS,PS,PS,PS,PS,PS,PS,PS,PS,PS,PS,PS,PS,PS,PS,PS,PS,PS,PS,PS,0,PS,PS,PS,PS,PS,0,PS,PS,PS,PS,PS,PS,PS,PS,PS,PS,PS,PS,PS,PS,PS,PS,PS,PS,PS,PS,PS,PS,PS,PS,PS,PS,PS,PS,PS,PS,PS,1,0,PS,PS,PS,PS,PS,PS,PS,PS,PS,PS,PS,PS,PS,43799,83343,60801,111527
207458,003166,Oklahoma City University,"Private, nonprofit",1,5208,Finance and Financial Management Services.,3,Bachelor's Degree,17,2,PS,PS,PS,PS,PS,PS,PS,PS,PS,PS,PS,PS,PS,PS,PS,PS,PS,PS,PS,PS,PS,PS,PS,PS,PS,PS,PS,PS,PS,PS,PS,PS,PS,PS,PS,PS,PS,PS,PS,PS,PS,PS,PS,PS,PS,PS,PS,PS,PS,PS,PS,PS,PS,PS,PS,PS,PS,PS,PS,PS,PS,PS,PS,PS,1,PS,PS,PS,PS,PS,PS,PS,PS,PS,PS,PS,PS,PS,PS,PS,PS,PS,PS,PS,PS,PS,PS,PS,PS,PS,PS,PS,PS,PS,PS,PS,PS,PS,PS,PS,PS,PS,PS,PS,PS,PS,PS,PS,PS,PS,0,PS,PS,PS,PS,PS,0,PS,PS,PS,PS,PS,PS,PS,PS,PS,PS,PS,PS,PS,PS,PS,PS,PS,PS,PS,PS,PS,PS,PS,PS,PS,PS,PS,PS,PS,PS,PS,1,1,PS,PS,PS,PS,PS,PS,PS,PS,PS,PS,PS,PS,PS,43799,83343,60801,111527
207500,003184,University of Oklahoma-Norman Campus,Public,1,5208,Finance and Financial Management Services.,3,Bachelor's Degree,196,244,112,19262,19550,110,18908,19500,26,PS,44008,26,PS,43104,84,19779,19669,82,19383,19500,15,PS,PS,15,PS,PS,28,PS,19500,28,PS,19500,11,PS,PS,11,PS,PS,43,20561,19600,42,20063,19500,PS,PS,PS,PS,PS,PS,69,18453,19500,68,18195,19500,PS,PS,PS,PS,PS,PS,523,513,207,207,2,77,81,52578,1,56,59,56544,77,<=0.20,<=0.20,<=0.20,<=0.20,<=0.20,0.40 - 0.59,0.20 - 0.39,<=0.20,53,<=0.20,<=0.20,<=0.20,<=0.20,<=0.20,0.40 - 0.59,0.20 - 0.39,<=0.20,37,57173,64,73080,75,63462,26,69277,57,68672,55,51,28,60425,29,69388,38,67994,20,61465,5,101,66904,91,PS,36,4,108,106719,PS,24,75746,30,77898,36,82799,17,73443,PS,20,88,<=0.20,<=0.20,0.40 - 0.59,<=0.20,<=0.20,<=0.20,<=0.20,<=0.20,53,<=0.20,<=0.20,0.20 - 0.39,<=0.20,<=0.20,<=0.20,0.40 - 0.59,<=0.20,1,3,56,87608,51,25,77072,31,89998,38,88182,18,83377,PS,22,43799,83343,60801,111527
207582,003985,Oral Roberts University,"Private, nonprofit",1,5208,Finance and Financial Management Services.,3,Bachelor's Degree,10,13,10,PS,PS,10,PS,PS,PS,PS,PS,PS,PS,PS,PS,PS,PS,PS,PS,PS,PS,PS,PS,PS,PS,PS,PS,PS,PS,PS,PS,PS,PS,PS,PS,PS,PS,PS,PS,PS,PS,PS,PS,PS,PS,PS,PS,PS,PS,PS,PS,PS,PS,PS,PS,PS,PS,PS,PS,PS,PS,PS,PS,PS,PS,PS,1,PS,PS,PS,PS,PS,PS,PS,PS,PS,PS,PS,PS,PS,PS,PS,PS,PS,PS,PS,PS,PS,PS,PS,PS,PS,PS,PS,PS,PS,PS,PS,PS,PS,PS,PS,PS,PS,PS,PS,PS,PS,PS,PS,PS,PS,1,PS,PS,PS,PS,PS,0,PS,PS,PS,PS,PS,PS,PS,PS,PS,PS,PS,PS,PS,PS,PS,PS,PS,PS,PS,PS,PS,PS,PS,PS,PS,PS,PS,PS,PS,PS,PS,2,0,PS,PS,PS,PS,PS,PS,PS,PS,PS,PS,PS,PS,PS,43799,83343,60801,111527
207847,003179,Southeastern Oklahoma State University,Public,1,5208,Finance and Financial Management Services.,3,Bachelor's Degree,8,8,PS,PS,PS,PS,PS,PS,PS,PS,PS,PS,PS,PS,PS,PS,PS,PS,PS,PS,PS,PS,PS,PS,PS,PS,PS,PS,PS,PS,PS,PS,PS,PS,PS,PS,PS,PS,PS,PS,PS,PS,PS,PS,PS,PS,PS,PS,PS,PS,PS,PS,PS,PS,PS,PS,PS,PS,PS,PS,PS,PS,PS,PS,PS,PS,0,PS,PS,PS,PS,PS,PS,PS,PS,PS,PS,PS,PS,PS,PS,PS,PS,PS,PS,PS,PS,PS,PS,PS,PS,PS,PS,PS,PS,PS,PS,PS,PS,PS,PS,PS,PS,PS,PS,PS,PS,PS,PS,PS,PS,PS,0,PS,PS,PS,PS,PS,0,PS,PS,PS,PS,PS,PS,PS,PS,PS,PS,PS,PS,PS,PS,PS,PS,PS,PS,PS,PS,PS,PS,PS,PS,PS,PS,PS,PS,PS,PS,PS,1,0,PS,PS,PS,PS,PS,PS,PS,PS,PS,PS,PS,PS,PS,43799,83343,60801,111527
207971,003185,University of Tulsa,"Private, nonprofit",1,5208,Finance and Financial Management Services.,3,Bachelor's Degree,41,30,34,PS,20250,34,PS,20250,PS,PS,PS,PS,PS,PS,PS,PS,PS,PS,PS,PS,PS,PS,PS,PS,PS,PS,PS,PS,PS,PS,PS,PS,PS,PS,PS,PS,PS,PS,19,PS,PS,19,PS,PS,PS,PS,PS,PS,PS,PS,15,PS,PS,15,PS,PS,PS,PS,PS,PS,PS,PS,PS,PS,215,215,0,24,25,53903,2,13,17,44971,22,PS,PS,PS,PS,PS,0.40 - 0.59,PS,PS,18,PS,PS,PS,PS,PS,PS,PS,PS,PS,PS,PS,PS,PS,PS,PS,PS,25,62262,20,17,PS,PS,PS,PS,18,63919,PS,PS,0,30,65012,20,PS,18,1,31,97533,PS,PS,PS,17,66953,18,76307,PS,PS,PS,PS,27,PS,PS,0.40 - 0.59,PS,PS,PS,PS,PS,18,PS,PS,PS,PS,PS,PS,PS,PS,1,1,25,85797,22,PS,PS,PS,PS,PS,PS,PS,PS,PS,PS,43799,83343,60801,111527
208822,003194,George Fox University,"Private, nonprofit",1,5208,Finance and Financial Management Services.,3,Bachelor's Degree,17,21,PS,PS,PS,PS,PS,PS,PS,PS,PS,PS,PS,PS,PS,PS,PS,PS,PS,PS,PS,PS,PS,PS,PS,PS,PS,PS,PS,PS,PS,PS,PS,PS,PS,PS,PS,PS,PS,PS,PS,PS,PS,PS,PS,PS,PS,PS,PS,PS,PS,PS,PS,PS,PS,PS,PS,PS,PS,PS,PS,PS,PS,PS,PS,PS,0,PS,17,51186,PS,PS,PS,PS,11,PS,PS,PS,PS,PS,PS,PS,PS,PS,PS,PS,PS,PS,PS,PS,PS,PS,PS,PS,PS,PS,PS,PS,PS,PS,PS,PS,PS,PS,PS,PS,PS,PS,PS,PS,PS,PS,0,PS,PS,PS,PS,PS,0,PS,PS,PS,PS,PS,PS,PS,PS,PS,PS,PS,PS,PS,PS,PS,PS,PS,PS,PS,PS,PS,PS,PS,PS,PS,PS,PS,PS,PS,PS,PS,1,1,PS,PS,PS,PS,PS,PS,PS,PS,PS,PS,PS,PS,PS,43799,83343,60801,111527
209065,003198,Linfield University,"Private, nonprofit",1,5208,Finance and Financial Management Services.,3,Bachelor's Degree,11,12,24,PS,27000,24,PS,27000,11,PS,PS,11,PS,PS,PS,PS,PS,PS,PS,PS,PS,PS,PS,PS,PS,PS,PS,PS,PS,PS,PS,PS,PS,PS,PS,PS,PS,PS,PS,PS,PS,PS,PS,PS,PS,PS,PS,PS,PS,PS,PS,PS,PS,PS,PS,PS,PS,PS,PS,PS,PS,PS,PS,PS,286,286,2,32,32,51530,0,23,25,47650,28,PS,PS,PS,PS,PS,PS,PS,PS,21,PS,PS,PS,PS,PS,PS,PS,PS,PS,PS,PS,PS,PS,PS,PS,PS,26,62653,24,25,PS,PS,17,65535,19,63438,PS,PS,2,22,47517,18,PS,PS,0,25,67946,PS,PS,PS,PS,PS,19,79188,PS,PS,PS,PS,31,PS,PS,0.20 - 0.39,PS,PS,PS,PS,PS,21,PS,PS,0.40 - 0.59,PS,PS,PS,PS,PS,1,0,25,89095,23,PS,PS,PS,PS,PS,PS,PS,PS,PS,PS,43799,83343,60801,111527
209542,003210,Oregon State University,Public,1,5208,Finance and Financial Management Services.,3,Bachelor's Degree,140,104,101,21328,22041,97,20923,21000,26,57686,55271,25,59308,56540,84,21726,PS,81,21026,PS,PS,PS,PS,PS,PS,PS,17,19363,PS,16,20401,PS,PS,PS,PS,PS,PS,PS,48,23783,25471,47,22781,23834,10,PS,PS,10,PS,PS,53,19105,20000,50,19176,20000,16,72804,PS,15,76681,PS,657,672,234,223,1,81,88,49025,3,68,73,50515,89,<=0.20,<=0.20,<=0.20,<=0.20,<=0.20,0.40 - 0.59,<=0.20,<=0.20,74,<=0.20,<=0.20,<=0.20,<=0.20,<=0.20,0.40 - 0.59,0.20 - 0.39,<=0.20,53,49269,58,54676,92,56597,21,41682,76,59696,74,69,41,61542,35,54070,58,58552,18,62384,4,112,52156,93,PS,75,3,98,78427,PS,41,67259,31,60604,54,68208,18,60139,PS,51,78,<=0.20,<=0.20,0.60 - 0.79,<=0.20,<=0.20,<=0.20,<=0.20,<=0.20,74,<=0.20,<=0.20,0.40 - 0.59,<=0.20,<=0.20,<=0.20,0.20 - 0.39,<=0.20,2,3,73,81470,67,43,79465,30,81703,53,81962,20,75931,PS,51,43799,83343,60801,111527
209807,003216,Portland State University,Public,1,5208,Finance and Financial Management Services.,3,Bachelor's Degree,119,112,139,22767,20570,133,17960,16444,14,19338,PS,PS,PS,PS,97,21491,19500,94,17589,15301,PS,PS,PS,PS,PS,PS,42,25713,22291,39,18853,16788,PS,PS,PS,PS,PS,PS,105,23774,21500,103,18318,16788,PS,PS,PS,PS,PS,PS,34,19657,17742,30,16730,14000,PS,PS,PS,PS,PS,PS,PS,PS,218,174,3,131,144,49432,7,112,120,51035,107,<=0.10,<=0.10,0.10 - 0.19,<=0.10,0.30 - 0.39,0.30 - 0.39,<=0.10,<=0.10,117,<=0.10,<=0.10,0.20 - 0.29,<=0.10,0.20 - 0.29,0.30 - 0.39,0.10 - 0.19,<=0.10,134,52114,33,56554,114,51100,53,53525,128,58655,118,110,104,59101,23,51820,85,56572,43,60502,10,167,52859,133,PS,135,4,149,79727,98,95,65316,24,59475,79,64945,40,64887,PS,86,136,<=0.10,<=0.10,0.60 - 0.69,<=0.10,<=0.10,0.10 - 0.19,<=0.10,<=0.10,117,<=0.10,<=0.10,0.50 - 0.59,<=0.10,<=0.10,0.10 - 0.19,0.10 - 0.19,<=0.10,1,9,115,80287,102,92,80669,23,76101,76,81413,40,75002,PS,80,43799,83343,60801,111527
209825,003224,University of Portland,"Private, nonprofit",1,5208,Finance and Financial Management Services.,3,Bachelor's Degree,46,26,PS,PS,PS,PS,PS,PS,PS,PS,PS,PS,PS,PS,PS,PS,PS,PS,PS,PS,PS,PS,PS,PS,PS,PS,PS,PS,PS,PS,PS,PS,PS,PS,PS,PS,PS,PS,PS,PS,PS,PS,PS,PS,PS,PS,PS,PS,PS,PS,PS,PS,PS,PS,PS,PS,PS,PS,PS,PS,PS,PS,PS,PS,PS,PS,0,17,17,50727,0,21,21,48041,25,PS,PS,PS,PS,PS,PS,PS,PS,20,PS,PS,PS,PS,PS,0.40 - 0.59,PS,PS,PS,PS,PS,PS,PS,PS,PS,PS,22,68336,22,21,PS,PS,PS,PS,16,73074,PS,PS,PS,PS,PS,PS,PS,PS,0,PS,PS,PS,16,77102,PS,PS,18,84115,PS,PS,PS,PS,PS,PS,PS,PS,PS,PS,PS,PS,PS,20,PS,PS,PS,PS,PS,PS,PS,PS,1,0,23,95949,20,PS,PS,PS,PS,PS,PS,PS,PS,PS,PS,PS,PS,PS,PS
210304,003225,Warner Pacific University,"Private, nonprofit",1,5208,Finance and Financial Management Services.,3,Bachelor's Degree,1,0,,,,,,,,,,,,,,,,,,,,,,,,,,,,,,,,,,,,,,,,,,,,,,,,,,,,,,,,,,,,,,,,,,,,,,,,,,,,,,,,,,,,,,,,,,,,,,,,,,,,,,,,,,,,,,,,,,,,,,PS,PS,,,,,,,,,,,,,,,,,,,,,,,,,,,,,,1,,,,,,,,,,,,,,,PS,PS,PS,PS
210739,003986,DeSales University,"Private, nonprofit",1,5208,Finance and Financial Management Services.,3,Bachelor's Degree,17,23,45,PS,27000,45,PS,25000,10,33294,PS,PS,PS,PS,28,PS,PS,28,PS,PS,PS,PS,PS,PS,PS,PS,17,PS,PS,17,PS,PS,PS,PS,PS,PS,PS,PS,25,PS,27000,25,PS,24250,PS,PS,PS,PS,PS,PS,20,PS,27000,20,PS,26919,PS,PS,PS,PS,PS,PS,PS,PS,286,265,1,26,28,50149,2,23,24,58673,30,PS,PS,PS,PS,PS,0.60 - 0.79,PS,PS,26,PS,PS,PS,PS,PS,PS,PS,PS,21,52032,17,57677,PS,PS,PS,PS,27,59246,26,24,19,57418,PS,PS,20,55951,PS,PS,0,39,56817,32,PS,30,2,31,70430,PS,18,66100,PS,PS,PS,PS,PS,PS,PS,21,28,PS,PS,0.40 - 0.59,PS,PS,PS,PS,PS,26,PS,PS,PS,PS,PS,PS,PS,PS,2,3,23,72754,23,PS,PS,PS,PS,PS,PS,PS,PS,PS,18,43799,83343,60801,111527
210775,003233,Alvernia University,"Private, nonprofit",1,5208,Finance and Financial Management Services.,3,Bachelor's Degree,12,13,PS,PS,PS,PS,PS,PS,PS,PS,PS,PS,PS,PS,PS,PS,PS,PS,PS,PS,PS,PS,PS,PS,PS,PS,PS,PS,PS,PS,PS,PS,PS,PS,PS,PS,PS,PS,PS,PS,PS,PS,PS,PS,PS,PS,PS,PS,PS,PS,PS,PS,PS,PS,PS,PS,PS,PS,PS,PS,PS,PS,PS,PS,PS,PS,0,PS,PS,PS,PS,PS,PS,PS,PS,PS,PS,PS,PS,PS,PS,PS,PS,PS,PS,PS,PS,PS,PS,PS,PS,PS,PS,PS,PS,PS,PS,PS,PS,PS,PS,PS,PS,PS,PS,PS,PS,PS,PS,PS,PS,PS,0,PS,PS,PS,PS,PS,PS,PS,PS,PS,PS,PS,PS,PS,PS,PS,PS,PS,PS,PS,PS,PS,PS,PS,PS,PS,PS,PS,PS,PS,PS,PS,PS,PS,PS,PS,PS,PS,1,PS,PS,PS,PS,PS,PS,PS,PS,PS,PS,PS,PS,PS,PS,43799,83343,60801,111527
211088,003235,Arcadia University,"Private, nonprofit",1,5208,Finance and Financial Management Services.,3,Bachelor's Degree,5,2,PS,PS,PS,PS,PS,PS,PS,PS,PS,PS,PS,PS,PS,PS,PS,PS,PS,PS,PS,PS,PS,PS,PS,PS,PS,PS,PS,PS,PS,PS,PS,PS,PS,PS,PS,PS,PS,PS,PS,PS,PS,PS,PS,PS,PS,PS,PS,PS,PS,PS,PS,PS,PS,PS,PS,PS,PS,PS,PS,PS,PS,PS,PS,PS,PS,PS,PS,PS,PS,PS,PS,PS,PS,PS,PS,PS,PS,PS,PS,PS,PS,PS,PS,PS,PS,PS,PS,PS,PS,PS,PS,PS,PS,PS,PS,PS,PS,PS,PS,PS,PS,PS,PS,PS,PS,PS,PS,PS,PS,PS,0,PS,PS,PS,PS,PS,PS,PS,PS,PS,PS,PS,PS,PS,PS,PS,PS,PS,PS,PS,PS,PS,PS,PS,PS,PS,PS,PS,PS,PS,PS,PS,PS,PS,PS,PS,PS,PS,1,PS,PS,PS,PS,PS,PS,PS,PS,PS,PS,PS,PS,PS,PS,43799,83343,60801,111527
211352,003241,Cabrini University,"Private, nonprofit",1,5208,Finance and Financial Management Services.,3,Bachelor's Degree,8,7,PS,PS,PS,PS,PS,PS,PS,PS,PS,PS,PS,PS,PS,PS,PS,PS,PS,PS,PS,PS,PS,PS,PS,PS,PS,PS,PS,PS,PS,PS,PS,PS,PS,PS,PS,PS,PS,PS,PS,PS,PS,PS,PS,PS,PS,PS,PS,PS,PS,PS,PS,PS,PS,PS,PS,PS,PS,PS,PS,PS,PS,PS,PS,PS,0,PS,PS,PS,0,16,18,47846,15,PS,PS,PS,PS,PS,PS,PS,PS,14,PS,PS,PS,PS,PS,PS,PS,PS,PS,PS,PS,PS,PS,PS,PS,PS,16,66436,16,16,PS,PS,PS,PS,PS,PS,PS,PS,0,PS,PS,PS,PS,PS,0,PS,PS,PS,PS,PS,PS,PS,PS,PS,PS,PS,PS,PS,PS,PS,PS,PS,PS,PS,PS,PS,PS,14,PS,PS,PS,PS,PS,PS,PS,PS,1,1,PS,PS,PS,PS,PS,PS,PS,PS,PS,PS,PS,PS,PS,43799,83343,60801,111527
211440,003242,Carnegie Mellon University,"Private, nonprofit",1,5208,Finance and Financial Management Services.,3,Bachelor's Degree,0,0,PS,PS,PS,PS,PS,PS,PS,PS,PS,PS,PS,PS,PS,PS,PS,PS,PS,PS,PS,PS,PS,PS,PS,PS,PS,PS,PS,PS,PS,PS,PS,PS,PS,PS,PS,PS,PS,PS,PS,PS,PS,PS,PS,PS,PS,PS,PS,PS,PS,PS,PS,PS,PS,PS,PS,PS,PS,PS,PS,PS,PS,PS,PS,PS,0,PS,PS,PS,0,25,26,95295,17,PS,PS,PS,PS,PS,PS,PS,PS,22,PS,PS,PS,PS,PS,0.40 - 0.59,PS,PS,PS,PS,PS,PS,PS,PS,PS,PS,26,112628,26,24,PS,PS,21,106972,19,123189,PS,PS,1,PS,PS,PS,PS,PS,0,PS,PS,PS,PS,PS,21,134155,19,158976,PS,PS,PS,PS,PS,PS,PS,PS,PS,PS,PS,PS,PS,22,PS,PS,PS,PS,PS,PS,0.40 - 0.59,PS,1,0,24,177848,25,PS,PS,PS,PS,PS,PS,PS,PS,PS,PS,43799,83343,60801,111527
212054,003256,Drexel University,"Private, nonprofit",1,5208,Finance and Financial Management Services.,3,Bachelor's Degree,0,0,PS,PS,PS,PS,PS,PS,PS,PS,PS,PS,PS,PS,PS,PS,PS,PS,PS,PS,PS,PS,PS,PS,PS,PS,PS,PS,PS,PS,PS,PS,PS,PS,PS,PS,PS,PS,PS,PS,PS,PS,PS,PS,PS,PS,PS,PS,PS,PS,PS,PS,PS,PS,PS,PS,PS,PS,PS,PS,PS,PS,PS,PS,PS,PS,4,141,150,63424,6,176,186,64672,187,<=0.10,<=0.10,<=0.10,<=0.10,0.10 - 0.19,0.40 - 0.49,0.20 - 0.29,<=0.10,182,<=0.10,<=0.10,<=0.10,<=0.10,0.10 - 0.19,0.40 - 0.49,0.20 - 0.29,<=0.10,PS,PS,PS,PS,PS,PS,PS,PS,191,74781,178,174,84,70729,107,79721,138,73700,53,76760,0,PS,PS,PS,PS,PS,5,44,121832,PS,83,77305,105,88478,137,85222,50,85684,PS,113,22,PS,PS,PS,PS,PS,PS,PS,PS,182,<=0.10,<=0.10,0.30 - 0.39,<=0.10,<=0.10,0.20 - 0.29,0.30 - 0.39,<=0.10,1,6,187,101329,179,82,91499,105,105596,139,101254,48,105570,PS,102,43799,83343,60801,111527
212106,003258,Duquesne University,"Private, nonprofit",1,5208,Finance and Financial Management Services.,3,Bachelor's Degree,68,66,91,PS,27000,91,PS,26830,32,PS,66592,32,PS,66592,65,PS,26670,65,PS,26445,21,PS,PS,21,PS,PS,26,PS,27000,26,PS,27000,11,PS,PS,11,PS,PS,32,PS,26415,32,PS,26000,13,PS,PS,13,PS,PS,59,PS,27000,59,PS,27000,19,PS,PS,19,PS,PS,792,792,286,284,1,91,99,49793,1,80,82,50856,85,<=0.20,<=0.20,<=0.20,<=0.20,<=0.20,0.60 - 0.79,<=0.20,<=0.20,82,<=0.20,<=0.20,<=0.20,<=0.20,<=0.20,0.40 - 0.59,<=0.20,<=0.20,28,54553,66,61061,73,58107,20,60307,85,55343,78,71,28,55425,57,57422,72,55181,PS,PS,4,93,59878,87,PS,77,0,79,83781,PS,26,64418,58,72085,68,66745,16,73068,PS,62,72,<=0.20,<=0.20,0.40 - 0.59,<=0.20,<=0.20,0.20 - 0.39,<=0.20,<=0.20,82,<=0.20,<=0.20,0.40 - 0.59,<=0.20,<=0.20,0.20 - 0.39,0.20 - 0.39,<=0.20,1,1,83,78484,83,26,75395,57,82885,67,78919,16,85753,PS,58,43799,83343,60801,111527
212115,003320,East Stroudsburg University of Pennsylvania,Public,1,5208,Finance and Financial Management Services.,3,Bachelor's Degree,7,9,PS,PS,PS,PS,PS,PS,PS,PS,PS,PS,PS,PS,PS,PS,PS,PS,PS,PS,PS,PS,PS,PS,PS,PS,PS,PS,PS,PS,PS,PS,PS,PS,PS,PS,PS,PS,PS,PS,PS,PS,PS,PS,PS,PS,PS,PS,PS,PS,PS,PS,PS,PS,PS,PS,PS,PS,PS,PS,PS,PS,PS,PS,PS,PS,PS,PS,PS,PS,,,,,PS,PS,PS,PS,PS,PS,PS,PS,PS,PS,PS,PS,PS,PS,PS,PS,PS,PS,PS,PS,PS,PS,PS,PS,PS,PS,PS,PS,PS,PS,PS,PS,PS,PS,PS,PS,PS,PS,0,PS,PS,PS,PS,PS,PS,PS,PS,PS,PS,PS,PS,PS,PS,PS,PS,PS,PS,PS,PS,PS,PS,PS,PS,PS,PS,PS,PS,PS,PS,PS,PS,PS,PS,PS,PS,PS,1,PS,PS,PS,PS,PS,PS,PS,PS,PS,PS,PS,PS,PS,PS,PS,PS,PS,PS
212197,003262,Elizabethtown College,"Private, nonprofit",1,5208,Finance and Financial Management Services.,3,Bachelor's Degree,4,8,PS,PS,PS,PS,PS,PS,PS,PS,PS,PS,PS,PS,PS,PS,PS,PS,PS,PS,PS,PS,PS,PS,PS,PS,PS,PS,PS,PS,PS,PS,PS,PS,PS,PS,PS,PS,PS,PS,PS,PS,PS,PS,PS,PS,PS,PS,PS,PS,PS,PS,PS,PS,PS,PS,PS,PS,PS,PS,PS,PS,PS,PS,PS,PS,PS,PS,PS,PS,PS,PS,PS,PS,PS,PS,PS,PS,PS,PS,PS,PS,PS,PS,PS,PS,PS,PS,PS,PS,PS,PS,PS,PS,PS,PS,PS,PS,PS,PS,PS,PS,PS,PS,PS,PS,PS,PS,PS,PS,PS,PS,0,PS,PS,PS,PS,PS,PS,PS,PS,PS,PS,PS,PS,PS,PS,PS,PS,PS,PS,PS,PS,PS,PS,PS,PS,PS,PS,PS,PS,PS,PS,PS,PS,PS,PS,PS,PS,PS,1,PS,PS,PS,PS,PS,PS,PS,PS,PS,PS,PS,PS,PS,PS,43799,83343,60801,111527
212601,003266,Gannon University,"Private, nonprofit",1,5208,Finance and Financial Management Services.,3,Bachelor's Degree,25,27,PS,PS,PS,PS,PS,PS,PS,PS,PS,PS,PS,PS,PS,PS,PS,PS,PS,PS,PS,PS,PS,PS,PS,PS,PS,PS,PS,PS,PS,PS,PS,PS,PS,PS,PS,PS,PS,PS,PS,PS,PS,PS,PS,PS,PS,PS,PS,PS,PS,PS,PS,PS,PS,PS,PS,PS,PS,PS,PS,PS,PS,PS,PS,PS,0,PS,PS,PS,0,11,11,40467,15,PS,PS,PS,PS,PS,PS,PS,PS,13,PS,PS,PS,PS,PS,PS,PS,PS,PS,PS,PS,PS,PS,PS,PS,PS,PS,PS,PS,PS,PS,PS,PS,PS,PS,PS,PS,PS,0,PS,PS,PS,PS,PS,2,18,73971,PS,PS,PS,PS,PS,PS,PS,PS,PS,PS,PS,PS,PS,PS,PS,PS,PS,PS,PS,PS,13,PS,PS,PS,PS,PS,PS,PS,PS,1,1,PS,PS,PS,PS,PS,PS,PS,PS,PS,PS,PS,PS,PS,43799,83343,60801,111527
212656,003267,Geneva College,"Private, nonprofit",1,5208,Finance and Financial Management Services.,3,Bachelor's Degree,5,11,PS,PS,PS,PS,PS,PS,PS,PS,PS,PS,PS,PS,PS,PS,PS,PS,PS,PS,PS,PS,PS,PS,PS,PS,PS,PS,PS,PS,PS,PS,PS,PS,PS,PS,PS,PS,PS,PS,PS,PS,PS,PS,PS,PS,PS,PS,PS,PS,PS,PS,PS,PS,PS,PS,PS,PS,PS,PS,PS,PS,PS,PS,PS,PS,PS,PS,PS,PS,,,,,PS,PS,PS,PS,PS,PS,PS,PS,PS,PS,PS,PS,PS,PS,PS,PS,PS,PS,PS,PS,PS,PS,PS,PS,PS,PS,PS,PS,PS,PS,PS,PS,PS,PS,PS,PS,PS,PS,PS,PS,PS,PS,PS,PS,PS,PS,PS,PS,PS,PS,PS,PS,PS,PS,PS,PS,PS,PS,PS,PS,PS,PS,PS,PS,PS,PS,PS,PS,PS,PS,PS,PS,PS,PS,PS,PS,1,PS,PS,PS,PS,PS,PS,PS,PS,PS,PS,PS,PS,PS,PS,PS,PS,PS,PS
212805,003269,Grove City College,"Private, nonprofit",1,5208,Finance and Financial Management Services.,3,Bachelor's Degree,22,22,PS,PS,PS,PS,PS,PS,PS,PS,PS,PS,PS,PS,PS,PS,PS,PS,PS,PS,PS,PS,PS,PS,PS,PS,PS,PS,PS,PS,PS,PS,PS,PS,PS,PS,PS,PS,PS,PS,PS,PS,PS,PS,PS,PS,PS,PS,PS,PS,PS,PS,PS,PS,PS,PS,PS,PS,PS,PS,PS,PS,PS,PS,PS,PS,0,PS,PS,PS,PS,PS,PS,PS,PS,PS,PS,PS,PS,PS,PS,PS,PS,PS,PS,PS,PS,PS,PS,PS,PS,PS,PS,PS,PS,PS,PS,PS,PS,PS,PS,PS,PS,PS,PS,PS,PS,PS,PS,PS,PS,PS,0,PS,PS,PS,PS,PS,PS,PS,PS,PS,PS,PS,PS,PS,PS,PS,PS,PS,PS,PS,PS,PS,PS,PS,PS,PS,PS,PS,PS,PS,PS,PS,PS,PS,PS,PS,PS,PS,1,PS,PS,PS,PS,PS,PS,PS,PS,PS,PS,PS,PS,PS,PS,43799,83343,60801,111527
212984,003275,Holy Family University,"Private, nonprofit",1,5208,Finance and Financial Management Services.,3,Bachelor's Degree,,,PS,PS,PS,PS,PS,PS,PS,PS,PS,PS,PS,PS,PS,PS,PS,PS,PS,PS,PS,PS,PS,PS,PS,PS,PS,PS,PS,PS,PS,PS,PS,PS,PS,PS,PS,PS,PS,PS,PS,PS,PS,PS,PS,PS,PS,PS,PS,PS,PS,PS,PS,PS,PS,PS,PS,PS,PS,PS,PS,PS,PS,PS,PS,PS,0,PS,PS,PS,PS,PS,PS,PS,PS,PS,PS,PS,PS,PS,PS,PS,PS,PS,PS,PS,PS,PS,PS,PS,PS,PS,PS,PS,PS,PS,PS,PS,PS,PS,PS,PS,PS,PS,PS,PS,PS,PS,PS,PS,PS,PS,PS,PS,PS,PS,PS,PS,1,PS,PS,PS,PS,PS,PS,PS,PS,PS,PS,PS,PS,PS,PS,PS,PS,PS,PS,PS,PS,PS,PS,PS,PS,PS,PS,PS,PS,PS,PS,PS,0,0,PS,PS,PS,PS,PS,PS,PS,PS,PS,PS,PS,PS,PS,43799,83343,60801,111527
213011,003276,Immaculata University,"Private, nonprofit",1,5208,Finance and Financial Management Services.,3,Bachelor's Degree,11,17,15,PS,PS,15,PS,PS,PS,PS,PS,PS,PS,PS,PS,PS,PS,PS,PS,PS,PS,PS,PS,PS,PS,PS,PS,PS,PS,PS,PS,PS,PS,PS,PS,PS,PS,PS,PS,PS,PS,PS,PS,PS,PS,PS,PS,PS,PS,PS,PS,PS,PS,PS,PS,PS,PS,PS,PS,PS,PS,PS,PS,PS,PS,PS,1,16,16,60313,0,16,17,57995,20,PS,PS,PS,PS,PS,PS,PS,PS,14,PS,PS,PS,PS,PS,PS,PS,PS,PS,PS,PS,PS,PS,PS,PS,PS,16,60615,16,PS,PS,PS,PS,PS,PS,PS,PS,PS,0,PS,PS,PS,PS,PS,0,16,72915,PS,PS,PS,PS,PS,PS,PS,PS,PS,PS,PS,PS,PS,PS,PS,PS,PS,PS,PS,PS,14,PS,PS,PS,PS,PS,PS,PS,PS,1,1,PS,PS,PS,PS,PS,PS,PS,PS,PS,PS,PS,PS,PS,43799,83343,60801,111527
213020,003277,Indiana University of Pennsylvania,Public,1,5208,Finance and Financial Management Services.,3,Bachelor's Degree,44,38,71,25007,25959,70,24347,25447,25,43310,37000,23,44267,37000,51,24685,25910,50,24293,25817,PS,PS,PS,PS,PS,PS,20,PS,26382,20,PS,25109,PS,PS,PS,PS,PS,PS,32,PS,26094,32,PS,25979,13,24320,PS,11,26771,PS,39,23544,25675,38,22945,25000,12,PS,PS,12,PS,PS,440,440,275,270,0,58,65,42890,1,41,45,45696,57,<=0.20,<=0.20,0.20 - 0.39,<=0.20,<=0.20,0.20 - 0.39,<=0.20,<=0.20,47,PS,PS,PS,PS,0.20 - 0.39,0.20 - 0.39,PS,PS,32,51493,42,46550,53,47574,20,48318,45,56918,42,42,22,52084,23,59426,31,52877,PS,PS,2,73,47912,56,PS,65,1,73,68794,PS,22,68503,21,69290,31,64944,PS,PS,PS,33,64,<=0.20,<=0.20,0.40 - 0.59,<=0.20,<=0.20,<=0.20,<=0.20,<=0.20,47,PS,PS,0.40 - 0.59,PS,PS,PS,PS,PS,1,1,46,71998,42,25,67953,23,72146,PS,PS,PS,PS,PS,32,43799,83343,60801,111527
213251,003279,Juniata College,"Private, nonprofit",1,5208,Finance and Financial Management Services.,3,Bachelor's Degree,10,3,10,PS,PS,10,PS,PS,PS,PS,PS,PS,PS,PS,PS,PS,PS,PS,PS,PS,PS,PS,PS,PS,PS,PS,PS,PS,PS,PS,PS,PS,PS,PS,PS,PS,PS,PS,PS,PS,PS,PS,PS,PS,PS,PS,PS,PS,PS,PS,PS,PS,PS,PS,PS,PS,PS,PS,PS,PS,PS,PS,PS,PS,PS,PS,0,PS,PS,PS,PS,PS,PS,PS,12,PS,PS,PS,PS,PS,PS,PS,PS,PS,PS,PS,PS,PS,PS,PS,PS,PS,PS,PS,PS,PS,PS,PS,PS,PS,PS,PS,PS,PS,PS,PS,PS,PS,PS,PS,PS,PS,0,PS,PS,PS,PS,PS,0,PS,PS,PS,PS,PS,PS,PS,PS,PS,PS,PS,PS,PS,11,PS,PS,PS,PS,PS,PS,PS,PS,PS,PS,PS,PS,PS,PS,PS,PS,PS,1,1,PS,PS,PS,PS,PS,PS,PS,PS,PS,PS,PS,PS,PS,43799,83343,60801,111527
213303,003280,Keystone College,"Private, nonprofit",1,5208,Finance and Financial Management Services.,3,Bachelor's Degree,,1,,,,,,,,,,,,,,,,,,,,,,,,,,,,,,,,,,,,,,,,,,,,,,,,,,,,,,,,,,,,,,,,,,,,,,,,,,,,,,,,,,,,,,,,,,,,,,,,,,,,,,,,,,,,,,,,,,,,,,PS,PS,,,,,,,,,,,,,,,,,,,,,,,,,,,,,,1,,,,,,,,,,,,,,,PS,PS,PS,PS
213321,003282,King's College,"Private, nonprofit",1,5208,Finance and Financial Management Services.,3,Bachelor's Degree,0,0,18,PS,PS,18,PS,PS,PS,PS,PS,PS,PS,PS,PS,PS,PS,PS,PS,PS,PS,PS,PS,PS,PS,PS,PS,PS,PS,PS,PS,PS,PS,PS,PS,PS,PS,PS,PS,PS,PS,PS,PS,PS,PS,PS,PS,PS,PS,PS,PS,PS,PS,PS,PS,PS,PS,PS,PS,PS,PS,PS,PS,PS,PS,PS,0,21,22,51640,0,21,23,52733,21,PS,PS,PS,PS,PS,PS,PS,PS,22,PS,PS,PS,PS,PS,PS,PS,PS,PS,PS,PS,PS,PS,PS,PS,PS,22,59602,20,19,PS,PS,PS,PS,18,58735,PS,PS,0,17,44787,PS,PS,PS,2,18,67467,PS,PS,PS,PS,PS,PS,PS,PS,PS,PS,PS,22,PS,PS,0.40 - 0.59,PS,PS,PS,PS,PS,22,PS,PS,PS,PS,PS,0.40 - 0.59,PS,PS,1,1,20,81659,17,PS,PS,PS,PS,PS,PS,PS,PS,PS,PS,43799,83343,60801,111527
213358,003987,La Roche University,"Private, nonprofit",1,5208,Finance and Financial Management Services.,3,Bachelor's Degree,14,6,10,PS,PS,10,PS,PS,PS,PS,PS,PS,PS,PS,PS,PS,PS,PS,PS,PS,PS,PS,PS,PS,PS,PS,PS,PS,PS,PS,PS,PS,PS,PS,PS,PS,PS,PS,PS,PS,PS,PS,PS,PS,PS,PS,PS,PS,PS,PS,PS,PS,PS,PS,PS,PS,PS,PS,PS,PS,PS,PS,PS,PS,PS,PS,0,PS,PS,PS,PS,PS,PS,PS,11,PS,PS,PS,PS,PS,PS,PS,PS,PS,PS,PS,PS,PS,PS,PS,PS,PS,PS,PS,PS,PS,PS,PS,PS,PS,PS,PS,PS,PS,PS,PS,PS,PS,PS,PS,PS,PS,1,PS,PS,PS,PS,PS,0,PS,PS,PS,PS,PS,PS,PS,PS,PS,PS,PS,PS,PS,PS,PS,PS,PS,PS,PS,PS,PS,PS,PS,PS,PS,PS,PS,PS,PS,PS,PS,1,0,PS,PS,PS,PS,PS,PS,PS,PS,PS,PS,PS,PS,PS,43799,83343,60801,111527
213367,003287,La Salle University,"Private, nonprofit",1,5208,Finance and Financial Management Services.,3,Bachelor's Degree,59,60,60,22597,25500,59,22027,25000,26,PS,43042,26,PS,43042,39,22567,25000,38,21681,23625,16,PS,PS,16,PS,PS,21,PS,26000,21,PS,26000,10,PS,PS,10,PS,PS,29,24561,26516,28,23991,25250,16,PS,PS,16,PS,PS,31,PS,23250,31,PS,23250,10,PS,PS,10,PS,PS,512,512,270,265,0,68,74,49448,2,29,29,55512,65,<=0.20,<=0.20,<=0.20,<=0.20,<=0.20,0.40 - 0.59,<=0.20,<=0.20,33,PS,PS,PS,PS,PS,0.40 - 0.59,PS,PS,27,53153,29,56932,36,53476,19,59470,35,67797,32,31,PS,PS,19,68229,29,68075,PS,PS,2,56,56485,46,PS,33,2,72,89087,PS,PS,PS,16,77182,26,73755,PS,PS,PS,18,61,<=0.20,<=0.20,0.20 - 0.39,<=0.20,<=0.20,0.20 - 0.39,<=0.20,<=0.20,33,PS,PS,0.40 - 0.59,PS,PS,PS,PS,PS,1,0,36,91270,35,20,92533,16,86787,PS,PS,PS,PS,PS,24,43799,83343,60801,111527
213543,003289,Lehigh University,"Private, nonprofit",1,5208,Finance and Financial Management Services.,3,Bachelor's Degree,197,193,156,PS,23250,156,PS,23250,20,PS,53632,20,PS,53632,111,PS,23419,111,PS,23419,PS,PS,PS,PS,PS,PS,45,PS,23000,45,PS,23000,PS,PS,PS,PS,PS,PS,45,PS,23000,45,PS,23000,PS,PS,PS,PS,PS,PS,111,PS,23250,111,PS,23250,PS,PS,PS,PS,PS,PS,638,638,246,246,7,135,137,71409,2,115,117,74142,126,<=0.10,<=0.10,<=0.10,<=0.10,<=0.10,0.50 - 0.59,0.20 - 0.29,<=0.10,121,<=0.10,<=0.10,<=0.10,<=0.10,<=0.10,0.40 - 0.49,0.40 - 0.49,<=0.10,47,73683,104,78673,107,74826,43,82329,125,96587,114,114,39,102679,85,89362,91,91751,34,97266,3,151,76720,134,PS,33,5,165,127210,PS,37,116143,80,104715,85,106821,32,106910,PS,PS,155,<=0.10,<=0.10,0.40 - 0.49,<=0.10,<=0.10,0.30 - 0.39,0.10 - 0.19,<=0.10,121,<=0.10,<=0.10,0.30 - 0.39,<=0.10,<=0.10,0.20 - 0.29,0.40 - 0.49,<=0.10,1,6,116,134072,115,37,135859,79,133640,83,132680,34,135370,PS,PS,43799,83343,60801,111527
213598,003290,Lincoln University,Public,1,5208,Finance and Financial Management Services.,3,Bachelor's Degree,9,3,PS,PS,PS,PS,PS,PS,PS,PS,PS,PS,PS,PS,PS,PS,PS,PS,PS,PS,PS,PS,PS,PS,PS,PS,PS,PS,PS,PS,PS,PS,PS,PS,PS,PS,PS,PS,PS,PS,PS,PS,PS,PS,PS,PS,PS,PS,PS,PS,PS,PS,PS,PS,PS,PS,PS,PS,PS,PS,PS,PS,PS,PS,PS,PS,2,PS,PS,PS,PS,PS,PS,PS,PS,PS,PS,PS,PS,PS,PS,PS,PS,PS,PS,PS,PS,PS,PS,PS,PS,PS,PS,PS,PS,PS,PS,PS,PS,PS,PS,PS,PS,PS,PS,PS,PS,PS,PS,PS,PS,PS,2,PS,PS,PS,PS,PS,0,PS,PS,PS,PS,PS,PS,PS,PS,PS,PS,PS,PS,PS,PS,PS,PS,PS,PS,PS,PS,PS,PS,PS,PS,PS,PS,PS,PS,PS,PS,PS,1,0,PS,PS,PS,PS,PS,PS,PS,PS,PS,PS,PS,PS,PS,43799,83343,60801,111527
213826,003296,Marywood University,"Private, nonprofit",1,5208,Finance and Financial Management Services.,3,Bachelor's Degree,8,5,10,PS,PS,10,PS,PS,PS,PS,PS,PS,PS,PS,PS,PS,PS,PS,PS,PS,PS,PS,PS,PS,PS,PS,PS,PS,PS,PS,PS,PS,PS,PS,PS,PS,PS,PS,PS,PS,PS,PS,PS,PS,PS,PS,PS,PS,PS,PS,PS,PS,PS,PS,PS,PS,PS,PS,PS,PS,PS,PS,PS,PS,PS,PS,0,PS,PS,PS,PS,PS,PS,PS,PS,PS,PS,PS,PS,PS,PS,PS,PS,PS,PS,PS,PS,PS,PS,PS,PS,PS,PS,PS,PS,PS,PS,PS,PS,PS,PS,PS,PS,PS,PS,PS,PS,PS,PS,PS,PS,PS,0,PS,PS,PS,PS,PS,0,PS,PS,PS,PS,PS,PS,PS,PS,PS,PS,PS,PS,PS,12,PS,PS,PS,PS,PS,PS,PS,PS,PS,PS,PS,PS,PS,PS,PS,PS,PS,1,0,PS,PS,PS,PS,PS,PS,PS,PS,PS,PS,PS,PS,PS,43799,83343,60801,111527
213987,003297,Mercyhurst University,"Private, nonprofit",1,5208,Finance and Financial Management Services.,3,Bachelor's Degree,16,14,25,PS,27000,25,PS,26269,PS,PS,PS,PS,PS,PS,PS,PS,PS,PS,PS,PS,PS,PS,PS,PS,PS,PS,PS,PS,PS,PS,PS,PS,PS,PS,PS,PS,PS,PS,11,PS,PS,11,PS,PS,PS,PS,PS,PS,PS,PS,14,PS,PS,14,PS,PS,PS,PS,PS,PS,PS,PS,PS,PS,286,278,0,19,21,41743,3,24,23,48432,30,PS,PS,PS,PS,PS,0.40 - 0.59,PS,PS,22,PS,PS,PS,PS,PS,PS,PS,PS,PS,PS,PS,PS,PS,PS,PS,PS,29,54163,26,24,PS,PS,17,63565,23,53808,PS,PS,1,16,49251,PS,PS,PS,1,18,63128,PS,PS,PS,18,70177,23,61820,PS,PS,PS,PS,20,PS,PS,PS,PS,PS,PS,PS,PS,22,PS,PS,PS,PS,PS,PS,PS,PS,1,2,27,74593,23,PS,PS,PS,PS,PS,PS,PS,PS,PS,PS,43799,83343,60801,111527
213996,003298,Messiah University,"Private, nonprofit",1,5208,Finance and Financial Management Services.,3,Bachelor's Degree,13,17,PS,PS,PS,PS,PS,PS,PS,PS,PS,PS,PS,PS,PS,PS,PS,PS,PS,PS,PS,PS,PS,PS,PS,PS,PS,PS,PS,PS,PS,PS,PS,PS,PS,PS,PS,PS,PS,PS,PS,PS,PS,PS,PS,PS,PS,PS,PS,PS,PS,PS,PS,PS,PS,PS,PS,PS,PS,PS,PS,PS,PS,PS,PS,PS,PS,PS,PS,PS,PS,PS,PS,PS,PS,PS,PS,PS,PS,PS,PS,PS,PS,PS,PS,PS,PS,PS,PS,PS,PS,PS,PS,PS,PS,PS,PS,PS,PS,PS,PS,PS,PS,PS,PS,PS,PS,PS,PS,PS,PS,PS,0,PS,PS,PS,PS,PS,PS,PS,PS,PS,PS,PS,PS,PS,PS,PS,PS,PS,PS,PS,PS,PS,PS,PS,PS,PS,PS,PS,PS,PS,PS,PS,PS,PS,PS,PS,PS,PS,1,PS,PS,PS,PS,PS,PS,PS,PS,PS,PS,PS,PS,PS,PS,PS,PS,PS,PS
214041,003325,Millersville University of Pennsylvania,Public,1,5208,Finance and Financial Management Services.,3,Bachelor's Degree,1,6,,,,,,,,,,,,,,,,,,,,,,,,,,,,,,,,,,,,,,,,,,,,,,,,,,,,,,,,,,,,,,,,,,,,,,,,,,,,,,,,,,,,,,,,,,,PS,PS,PS,PS,PS,PS,PS,PS,,,,,,,,,,,,,PS,PS,PS,PS,PS,PS,,PS,PS,,,,,,,,,,,,,,,,,,,,,,,,,,,,,,3,PS,PS,PS,PS,PS,PS,PS,PS,PS,PS,PS,PS,PS,PS,PS,PS,PS,PS
214157,003301,Moravian University,"Private, nonprofit",1,5208,Finance and Financial Management Services.,3,Bachelor's Degree,0,0,,,,,,,,,,,,,,,,,,,,,,,,,,,,,,,,,,,,,,,,,,,,,,,,,,,,,,,,,,,,,,,,,,,,,,,,,,,,,,,,,,,,,,,,,,,,,,,,,,,,,,,,,,,,,,,,,,,,,,PS,PS,,,,,,,,,,,,,,,,,,,,,,,,,,,,,,1,,,,,,,,,,,,,,,PS,PS,PS,PS
214175,003304,Muhlenberg College,"Private, nonprofit",1,5208,Finance and Financial Management Services.,3,Bachelor's Degree,39,39,63,23063,27000,60,22889,26733,14,PS,PS,14,PS,PS,50,23883,PS,48,23436,PS,PS,PS,PS,PS,PS,PS,13,19910,PS,12,20703,PS,PS,PS,PS,PS,PS,PS,14,25375,PS,13,24904,PS,PS,PS,PS,PS,PS,PS,49,22403,PS,47,22332,PS,PS,PS,PS,PS,PS,PS,PS,PS,286,283,0,51,56,48892,0,36,39,65387,41,PS,PS,PS,PS,PS,0.60 - 0.79,PS,PS,38,PS,PS,PS,PS,PS,0.40 - 0.59,PS,PS,PS,PS,PS,PS,PS,PS,PS,PS,39,76365,38,37,PS,PS,29,78260,34,74975,PS,PS,5,54,61304,48,PS,PS,2,63,94403,PS,PS,PS,28,92663,32,86592,PS,PS,PS,PS,62,<=0.20,<=0.20,0.40 - 0.59,<=0.20,<=0.20,0.20 - 0.39,<=0.20,<=0.20,38,PS,PS,PS,PS,PS,0.20 - 0.39,0.20 - 0.39,PS,1,1,38,113440,36,PS,PS,PS,PS,PS,PS,PS,PS,PS,PS,43799,83343,60801,111527
214591,003329,Pennsylvania State University-Penn State Erie-Behrend College,Public,0,5208,Finance and Financial Management Services.,3,Bachelor's Degree,40,43,581,23535,25375,569,22517,25000,151,54667,38982,136,58722,47633,434,23481,25452,423,22726,25000,122,52402,36786,108,56798,42350,147,23694,25000,146,21910,23233,29,64197,66452,28,66142,66975,228,26497,27000,220,24348,25389,61,43375,30599,51,49210,38982,353,21622,24950,349,21363,24250,90,62321,47633,85,64428,51000,464,566,269,265,20,456,484,61200,14,369,386,65013,448,<=0.05,<=0.05,0.10 - 0.14,<=0.05,0.10 - 0.14,0.55 - 0.59,0.15 - 0.19,<=0.05,387,<=0.05,<=0.05,0.05 - 0.09,<=0.05,0.05 - 0.09,0.50 - 0.54,0.25 - 0.29,<=0.05,224,64897,347,70582,423,68756,148,68089,417,77166,378,363,161,67607,256,81356,303,77370,113,76546,18,571,68552,519,54,309,14,513,96714,381,150,82992,251,92303,295,90636,108,89330,37,171,488,<=0.05,<=0.05,0.50 - 0.54,<=0.05,0.10 - 0.14,0.20 - 0.24,0.10 - 0.14,<=0.05,387,<=0.05,<=0.05,0.40 - 0.44,<=0.05,<=0.05,0.20 - 0.24,0.30 - 0.34,<=0.05,1,18,393,105563,377,151,100601,241,107753,288,105525,105,105880,41,180,43799,83343,60801,111527
214670,003329,Pennsylvania State University-Penn State Lehigh Valley,Public,0,5208,Finance and Financial Management Services.,3,Bachelor's Degree,,1,581,23535,25375,569,22517,25000,151,54667,38982,136,58722,47633,434,23481,25452,423,22726,25000,122,52402,36786,108,56798,42350,147,23694,25000,146,21910,23233,29,64197,66452,28,66142,66975,228,26497,27000,220,24348,25389,61,43375,30599,51,49210,38982,353,21622,24950,349,21363,24250,90,62321,47633,85,64428,51000,464,566,269,265,20,456,484,61200,14,369,386,65013,448,<=0.05,<=0.05,0.10 - 0.14,<=0.05,0.10 - 0.14,0.55 - 0.59,0.15 - 0.19,<=0.05,387,<=0.05,<=0.05,0.05 - 0.09,<=0.05,0.05 - 0.09,0.50 - 0.54,0.25 - 0.29,<=0.05,224,64897,347,70582,423,68756,148,68089,417,77166,378,363,161,67607,256,81356,303,77370,113,76546,18,571,68552,519,54,309,14,513,96714,381,150,82992,251,92303,295,90636,108,89330,37,171,488,<=0.05,<=0.05,0.50 - 0.54,<=0.05,0.10 - 0.14,0.20 - 0.24,0.10 - 0.14,<=0.05,387,<=0.05,<=0.05,0.40 - 0.44,<=0.05,<=0.05,0.20 - 0.24,0.30 - 0.34,<=0.05,1,18,393,105563,377,151,100601,241,107753,288,105525,105,105880,41,180,43799,83343,60801,111527
214713,003329,Pennsylvania State University-Penn State Harrisburg,Public,0,5208,Finance and Financial Management Services.,3,Bachelor's Degree,37,38,581,23535,25375,569,22517,25000,151,54667,38982,136,58722,47633,434,23481,25452,423,22726,25000,122,52402,36786,108,56798,42350,147,23694,25000,146,21910,23233,29,64197,66452,28,66142,66975,228,26497,27000,220,24348,25389,61,43375,30599,51,49210,38982,353,21622,24950,349,21363,24250,90,62321,47633,85,64428,51000,464,566,269,265,20,456,484,61200,14,369,386,65013,448,<=0.05,<=0.05,0.10 - 0.14,<=0.05,0.10 - 0.14,0.55 - 0.59,0.15 - 0.19,<=0.05,387,<=0.05,<=0.05,0.05 - 0.09,<=0.05,0.05 - 0.09,0.50 - 0.54,0.25 - 0.29,<=0.05,224,64897,347,70582,423,68756,148,68089,417,77166,378,363,161,67607,256,81356,303,77370,113,76546,18,571,68552,519,54,309,14,513,96714,381,150,82992,251,92303,295,90636,108,89330,37,171,488,<=0.05,<=0.05,0.50 - 0.54,<=0.05,0.10 - 0.14,0.20 - 0.24,0.10 - 0.14,<=0.05,387,<=0.05,<=0.05,0.40 - 0.44,<=0.05,<=0.05,0.20 - 0.24,0.30 - 0.34,<=0.05,1,18,393,105563,377,151,100601,241,107753,288,105525,105,105880,41,180,43799,83343,60801,111527
214777,003329,Pennsylvania State University-Main Campus,Public,1,5208,Finance and Financial Management Services.,3,Bachelor's Degree,449,577,581,23535,25375,569,22517,25000,151,54667,38982,136,58722,47633,434,23481,25452,423,22726,25000,122,52402,36786,108,56798,42350,147,23694,25000,146,21910,23233,29,64197,66452,28,66142,66975,228,26497,27000,220,24348,25389,61,43375,30599,51,49210,38982,353,21622,24950,349,21363,24250,90,62321,47633,85,64428,51000,464,566,269,265,20,456,484,61200,14,369,386,65013,448,<=0.05,<=0.05,0.10 - 0.14,<=0.05,0.10 - 0.14,0.55 - 0.59,0.15 - 0.19,<=0.05,387,<=0.05,<=0.05,0.05 - 0.09,<=0.05,0.05 - 0.09,0.50 - 0.54,0.25 - 0.29,<=0.05,224,64897,347,70582,423,68756,148,68089,417,77166,378,363,161,67607,256,81356,303,77370,113,76546,18,571,68552,519,54,309,14,513,96714,381,150,82992,251,92303,295,90636,108,89330,37,171,488,<=0.05,<=0.05,0.50 - 0.54,<=0.05,0.10 - 0.14,0.20 - 0.24,0.10 - 0.14,<=0.05,387,<=0.05,<=0.05,0.40 - 0.44,<=0.05,<=0.05,0.20 - 0.24,0.30 - 0.34,<=0.05,1,18,393,105563,377,151,100601,241,107753,288,105525,105,105880,41,180,43799,83343,60801,111527
214801,003329,Pennsylvania State University-Penn State Abington,Public,0,5208,Finance and Financial Management Services.,3,Bachelor's Degree,24,33,581,23535,25375,569,22517,25000,151,54667,38982,136,58722,47633,434,23481,25452,423,22726,25000,122,52402,36786,108,56798,42350,147,23694,25000,146,21910,23233,29,64197,66452,28,66142,66975,228,26497,27000,220,24348,25389,61,43375,30599,51,49210,38982,353,21622,24950,349,21363,24250,90,62321,47633,85,64428,51000,464,566,269,265,20,456,484,61200,14,369,386,65013,448,<=0.05,<=0.05,0.10 - 0.14,<=0.05,0.10 - 0.14,0.55 - 0.59,0.15 - 0.19,<=0.05,387,<=0.05,<=0.05,0.05 - 0.09,<=0.05,0.05 - 0.09,0.50 - 0.54,0.25 - 0.29,<=0.05,224,64897,347,70582,423,68756,148,68089,417,77166,378,363,161,67607,256,81356,303,77370,113,76546,18,571,68552,519,54,309,14,513,96714,381,150,82992,251,92303,295,90636,108,89330,37,171,488,<=0.05,<=0.05,0.50 - 0.54,<=0.05,0.10 - 0.14,0.20 - 0.24,0.10 - 0.14,<=0.05,387,<=0.05,<=0.05,0.40 - 0.44,<=0.05,<=0.05,0.20 - 0.24,0.30 - 0.34,<=0.05,1,18,393,105563,377,151,100601,241,107753,288,105525,105,105880,41,180,43799,83343,60801,111527
215062,003378,University of Pennsylvania,"Private, nonprofit",1,5208,Finance and Financial Management Services.,3,Bachelor's Degree,398,62,98,13689,12865,95,13842,12999,29,PS,42051,29,PS,42051,66,13558,12000,64,13842,12375,PS,PS,PS,PS,PS,PS,32,13957,13384,31,13843,13000,PS,PS,PS,PS,PS,PS,31,11670,10800,30,11743,10900,PS,PS,PS,PS,PS,PS,67,14622,15000,65,14811,15000,PS,PS,PS,PS,PS,PS,500,500,136,138,0,116,118,118578,3,123,124,122725,89,<=0.20,<=0.20,<=0.20,<=0.20,<=0.20,0.40 - 0.59,0.20 - 0.39,<=0.20,86,<=0.20,<=0.20,<=0.20,<=0.20,<=0.20,0.20 - 0.39,0.40 - 0.59,<=0.20,64,118842,71,123836,87,120415,47,124480,124,170021,117,114,60,147764,63,194985,84,171716,PS,PS,4,135,122698,132,PS,PS,4,111,202069,PS,56,185199,63,229111,81,227233,39,191712,PS,PS,81,<=0.20,<=0.20,0.40 - 0.59,<=0.20,<=0.20,0.20 - 0.39,<=0.20,<=0.20,86,<=0.20,<=0.20,0.20 - 0.39,<=0.20,<=0.20,<=0.20,0.40 - 0.59,<=0.20,1,8,109,242357,105,53,237154,56,240678,74,256862,35,222666,PS,PS,43799,83343,60801,111527
215114,003351,Cairn University-Langhorne,"Private, nonprofit",1,5208,Finance and Financial Management Services.,3,Bachelor's Degree,,1,,,,,,,,,,,,,,,,,,,,,,,,,,,,,,,,,,,,,,,,,,,,,,,,,,,,,,,,,,,,,,,,,,,,,,,,,,,,,,,,,,,,,,,,,,,,,,,,,,,,,,,,,,,,,,,,,,,,,,PS,PS,,,,,,,,,,,,,,,,,,,,,,,,,,,,,,1,,,,,,,,,,,,,,,PS,PS,PS,PS
215284,003379,University of Pittsburgh-Johnstown,Public,0,5208,Finance and Financial Management Services.,3,Bachelor's Degree,14,13,228,PS,24000,228,PS,21750,39,59941,46376,36,60409,49535,172,PS,24000,172,PS,20500,PS,PS,PS,PS,PS,PS,56,PS,23759,56,PS,23375,PS,PS,PS,PS,PS,PS,61,PS,25000,61,PS,23250,11,34776,PS,10,34372,PS,167,PS,23188,167,PS,20500,28,69828,PS,26,70424,PS,551,589,254,231,4,233,248,54370,5,165,173,52977,220,<=0.05,<=0.05,0.10 - 0.14,<=0.05,0.10 - 0.14,0.55 - 0.59,0.15 - 0.19,<=0.05,176,<=0.10,<=0.10,<=0.10,<=0.10,<=0.10,0.50 - 0.59,0.20 - 0.29,<=0.10,59,58867,144,62762,156,60768,47,63726,181,62311,171,165,58,57310,122,65004,141,62259,40,64844,10,203,61062,178,PS,138,8,224,95087,PS,55,66460,117,78488,133,73148,39,74069,PS,93,233,<=0.05,<=0.05,0.45 - 0.49,<=0.05,0.05 - 0.09,0.25 - 0.29,0.10 - 0.14,<=0.05,176,<=0.10,<=0.10,0.40 - 0.49,<=0.10,<=0.10,0.10 - 0.19,0.20 - 0.29,<=0.10,1,5,172,91242,164,55,83020,117,93361,132,91816,39,88242,PS,98,43799,83343,60801,111527
215293,003379,University of Pittsburgh-Pittsburgh Campus,Public,1,5208,Finance and Financial Management Services.,3,Bachelor's Degree,244,182,228,PS,24000,228,PS,21750,39,59941,46376,36,60409,49535,172,PS,24000,172,PS,20500,PS,PS,PS,PS,PS,PS,56,PS,23759,56,PS,23375,PS,PS,PS,PS,PS,PS,61,PS,25000,61,PS,23250,11,34776,PS,10,34372,PS,167,PS,23188,167,PS,20500,28,69828,PS,26,70424,PS,551,589,254,231,4,233,248,54370,5,165,173,52977,220,<=0.05,<=0.05,0.10 - 0.14,<=0.05,0.10 - 0.14,0.55 - 0.59,0.15 - 0.19,<=0.05,176,<=0.10,<=0.10,<=0.10,<=0.10,<=0.10,0.50 - 0.59,0.20 - 0.29,<=0.10,59,58867,144,62762,156,60768,47,63726,181,62311,171,165,58,57310,122,65004,141,62259,40,64844,10,203,61062,178,PS,138,8,224,95087,PS,55,66460,117,78488,133,73148,39,74069,PS,93,233,<=0.05,<=0.05,0.45 - 0.49,<=0.05,0.05 - 0.09,0.25 - 0.29,0.10 - 0.14,<=0.05,176,<=0.10,<=0.10,0.40 - 0.49,<=0.10,<=0.10,0.10 - 0.19,0.20 - 0.29,<=0.10,1,5,172,91242,164,55,83020,117,93361,132,91816,39,88242,PS,98,43799,83343,60801,111527
215655,003359,Robert Morris University,"Private, nonprofit",1,5208,Finance and Financial Management Services.,3,Bachelor's Degree,43,42,68,PS,27000,68,PS,26690,21,54386,40200,18,58315,PS,54,PS,PS,54,PS,PS,PS,PS,PS,PS,PS,PS,14,PS,PS,14,PS,PS,PS,PS,PS,PS,PS,PS,34,PS,27000,34,PS,26000,11,32580,PS,PS,PS,PS,34,PS,26995,34,PS,26690,10,PS,PS,PS,PS,PS,478,PS,286,283,2,60,66,40259,1,23,25,43798,69,<=0.20,<=0.20,<=0.20,<=0.20,<=0.20,0.40 - 0.59,<=0.20,<=0.20,36,PS,PS,PS,PS,PS,0.40 - 0.59,PS,PS,30,52235,28,49985,PS,PS,PS,PS,29,51243,27,24,PS,PS,19,57078,25,55039,PS,PS,2,58,50728,53,PS,47,1,66,72129,PS,PS,PS,19,62161,24,55520,PS,PS,PS,23,58,<=0.20,<=0.20,0.40 - 0.59,<=0.20,<=0.20,<=0.20,<=0.20,<=0.20,36,PS,PS,PS,PS,PS,PS,PS,PS,1,1,27,73327,27,PS,PS,PS,PS,PS,PS,PS,PS,PS,23,43799,83343,60801,111527
215691,003360,Rosemont College,"Private, nonprofit",1,5208,Finance and Financial Management Services.,3,Bachelor's Degree,2,4,PS,PS,PS,PS,PS,PS,PS,PS,PS,PS,PS,PS,PS,PS,PS,PS,PS,PS,PS,PS,PS,PS,PS,PS,PS,PS,PS,PS,PS,PS,PS,PS,PS,PS,PS,PS,PS,PS,PS,PS,PS,PS,PS,PS,PS,PS,PS,PS,PS,PS,PS,PS,PS,PS,PS,PS,PS,PS,PS,PS,PS,PS,PS,PS,0,PS,PS,PS,PS,PS,PS,PS,PS,PS,PS,PS,PS,PS,PS,PS,PS,PS,PS,PS,PS,PS,PS,PS,PS,PS,PS,PS,PS,PS,PS,PS,PS,PS,PS,PS,PS,PS,PS,PS,PS,PS,PS,PS,PS,PS,0,PS,PS,PS,PS,PS,PS,PS,PS,PS,PS,PS,PS,PS,PS,PS,PS,PS,PS,PS,PS,PS,PS,PS,PS,PS,PS,PS,PS,PS,PS,PS,PS,PS,PS,PS,PS,PS,2,PS,PS,PS,PS,PS,PS,PS,PS,PS,PS,PS,PS,PS,PS,43799,83343,60801,111527
215743,003366,Saint Francis University,"Private, nonprofit",1,5208,Finance and Financial Management Services.,3,Bachelor's Degree,6,9,PS,PS,27000,PS,PS,27000,PS,PS,PS,PS,PS,PS,PS,PS,PS,PS,PS,PS,PS,PS,PS,PS,PS,PS,PS,PS,PS,PS,PS,PS,PS,PS,PS,PS,PS,PS,PS,PS,PS,PS,PS,PS,PS,PS,PS,PS,PS,PS,PS,PS,PS,PS,PS,PS,PS,PS,PS,PS,PS,PS,PS,PS,286,286,1,PS,PS,PS,PS,PS,PS,PS,17,PS,PS,PS,PS,PS,PS,PS,PS,11,PS,PS,PS,PS,PS,PS,PS,PS,PS,PS,PS,PS,PS,PS,PS,PS,PS,PS,PS,PS,PS,PS,PS,PS,PS,PS,PS,PS,3,PS,PS,PS,PS,PS,0,25,90838,PS,PS,PS,PS,PS,PS,PS,PS,PS,PS,PS,19,PS,PS,PS,PS,PS,PS,PS,PS,11,PS,PS,PS,PS,PS,PS,PS,PS,1,0,PS,PS,PS,PS,PS,PS,PS,PS,PS,PS,PS,PS,PS,43799,83343,60801,111527
215770,003367,Saint Joseph's University - Philadelphia,"Private, nonprofit",1,5208,Finance and Financial Management Services.,3,Bachelor's Degree,128,110,149,20933,25000,148,20442,23925,39,PS,81830,39,PS,81830,117,20548,23750,116,20021,23250,28,PS,PS,28,PS,PS,32,PS,25989,32,PS,25989,11,PS,PS,11,PS,PS,32,24466,26750,31,23462,25000,10,PS,PS,10,PS,PS,117,PS,22664,117,PS,22644,29,PS,PS,29,PS,PS,973,973,265,254,5,143,150,56042,4,138,146,60623,161,<=0.10,<=0.10,<=0.10,<=0.10,<=0.10,0.50 - 0.59,0.20 - 0.29,<=0.10,149,<=0.10,<=0.10,<=0.10,<=0.10,<=0.10,0.50 - 0.59,0.30 - 0.39,<=0.10,30,65142,108,66598,111,63904,27,70903,147,72898,141,138,37,72246,110,73390,124,73049,23,76201,4,138,66072,128,PS,71,5,143,96993,PS,35,85172,106,86331,118,85708,22,82766,PS,66,131,<=0.10,<=0.10,0.30 - 0.39,<=0.10,0.10 - 0.19,0.30 - 0.39,0.10 - 0.19,<=0.10,149,<=0.10,<=0.10,0.30 - 0.39,<=0.10,<=0.10,0.20 - 0.29,0.40 - 0.49,<=0.10,1,6,136,102452,132,31,100657,105,103540,118,102379,19,98346,PS,56,43799,83343,60801,111527
215798,003368,Saint Vincent College,"Private, nonprofit",1,5208,Finance and Financial Management Services.,3,Bachelor's Degree,13,13,24,PS,26797,24,PS,26797,PS,PS,PS,PS,PS,PS,PS,PS,PS,PS,PS,PS,PS,PS,PS,PS,PS,PS,PS,PS,PS,PS,PS,PS,PS,PS,PS,PS,PS,PS,PS,PS,PS,PS,PS,PS,PS,PS,PS,PS,PS,PS,PS,PS,PS,PS,PS,PS,PS,PS,PS,PS,PS,PS,PS,PS,284,284,0,16,16,50339,1,18,18,50856,14,PS,PS,PS,PS,PS,PS,PS,PS,20,PS,PS,PS,PS,PS,PS,PS,PS,PS,PS,PS,PS,PS,PS,PS,PS,17,60272,18,17,PS,PS,PS,PS,PS,PS,PS,PS,0,20,61518,19,PS,17,0,18,84478,PS,PS,PS,16,72109,16,73901,PS,PS,PS,16,23,PS,PS,0.40 - 0.59,PS,PS,PS,PS,PS,20,PS,PS,PS,PS,PS,PS,PS,PS,1,1,19,78341,20,PS,PS,PS,PS,PS,PS,PS,PS,PS,PS,43799,83343,60801,111527
215929,003384,University of Scranton,"Private, nonprofit",1,5208,Finance and Financial Management Services.,3,Bachelor's Degree,46,72,59,PS,27000,59,PS,26423,23,53258,50125,22,54068,49177,48,PS,PS,48,PS,PS,PS,PS,PS,PS,PS,PS,11,PS,PS,11,PS,PS,PS,PS,PS,PS,PS,PS,17,PS,PS,17,PS,PS,10,PS,PS,10,PS,PS,42,PS,PS,42,PS,PS,13,61421,PS,12,63586,PS,596,585,286,280,2,52,54,50583,1,46,51,62260,45,PS,PS,PS,PS,PS,0.40 - 0.59,PS,PS,48,PS,PS,PS,PS,PS,0.40 - 0.59,PS,PS,PS,PS,PS,PS,PS,PS,PS,PS,52,81737,50,49,PS,PS,42,81900,45,81230,PS,PS,4,55,56978,47,PS,PS,1,65,100962,PS,PS,PS,40,89267,44,87319,PS,PS,PS,PS,59,<=0.20,<=0.20,0.40 - 0.59,<=0.20,<=0.20,0.20 - 0.39,<=0.20,<=0.20,48,PS,PS,0.20 - 0.39,PS,PS,0.40 - 0.59,PS,PS,1,3,47,98282,43,PS,PS,PS,PS,PS,PS,PS,PS,PS,PS,43799,83343,60801,111527
216010,003326,Shippensburg University of Pennsylvania,Public,1,5208,Finance and Financial Management Services.,3,Bachelor's Degree,59,36,101,23422,26000,95,24099,26000,22,PS,32275,22,PS,31186,68,24504,26544,65,25085,26897,PS,PS,PS,PS,PS,PS,33,21193,21439,30,21962,25250,PS,PS,PS,PS,PS,PS,34,28600,27000,33,28603,27000,PS,PS,PS,PS,PS,PS,67,20794,25000,62,21701,25500,PS,PS,PS,PS,PS,PS,384,371,276,276,4,91,96,48590,0,60,61,51169,86,<=0.20,<=0.20,<=0.20,<=0.20,<=0.20,0.40 - 0.59,<=0.20,<=0.20,75,<=0.20,<=0.20,<=0.20,<=0.20,<=0.20,0.40 - 0.59,<=0.20,<=0.20,32,47371,62,47803,66,46902,27,49297,60,57662,58,55,22,44448,38,58877,48,58366,PS,PS,0,94,47651,77,PS,74,3,103,71432,PS,22,61719,36,65079,48,66208,PS,PS,PS,45,91,<=0.20,<=0.20,0.40 - 0.59,<=0.20,<=0.20,<=0.20,<=0.20,<=0.20,75,<=0.20,<=0.20,0.40 - 0.59,<=0.20,<=0.20,0.20 - 0.39,0.20 - 0.39,<=0.20,1,0,59,70935,54,23,67206,35,71634,PS,PS,PS,PS,PS,47,43799,83343,60801,111527
216038,003327,Slippery Rock University of Pennsylvania,Public,1,5208,Finance and Financial Management Services.,3,Bachelor's Degree,35,57,86,21333,22609,85,18979,19688,21,26482,19300,19,24249,18000,58,21924,22406,57,19357,19688,PS,PS,PS,PS,PS,PS,28,PS,23453,28,PS,19734,PS,PS,PS,PS,PS,PS,42,23946,24594,41,21093,19969,PS,PS,PS,PS,PS,PS,44,PS,20692,44,PS,16844,PS,PS,PS,PS,PS,PS,229,214,240,209,1,58,62,36559,PS,PS,PS,PS,31,PS,PS,PS,PS,PS,0.40 - 0.59,PS,PS,PS,PS,PS,PS,PS,PS,PS,PS,PS,36,48130,39,50070,51,49571,24,52262,PS,PS,PS,PS,PS,PS,PS,PS,PS,PS,PS,PS,3,75,49248,64,PS,58,PS,85,62805,PS,PS,PS,PS,PS,PS,PS,PS,PS,PS,PS,86,<=0.20,<=0.20,0.40 - 0.59,<=0.20,<=0.20,0.20 - 0.39,<=0.20,<=0.20,PS,PS,PS,PS,PS,PS,PS,PS,PS,1,PS,PS,PS,PS,PS,PS,PS,PS,PS,PS,PS,PS,PS,PS,43799,83343,60801,111527
216278,003369,Susquehanna University,"Private, nonprofit",1,5208,Finance and Financial Management Services.,3,Bachelor's Degree,28,32,47,PS,27000,47,PS,27000,14,PS,PS,14,PS,PS,PS,PS,PS,PS,PS,PS,PS,PS,PS,PS,PS,PS,PS,PS,PS,PS,PS,PS,PS,PS,PS,PS,PS,PS,15,PS,PS,15,PS,PS,PS,PS,PS,PS,PS,PS,32,PS,PS,32,PS,PS,PS,PS,PS,PS,PS,PS,PS,PS,286,286,0,42,44,53032,0,31,33,47846,47,PS,PS,PS,PS,PS,0.60 - 0.79,PS,PS,36,PS,PS,PS,PS,PS,0.40 - 0.59,PS,PS,PS,PS,PS,PS,PS,PS,PS,PS,35,62846,33,32,PS,PS,22,60682,28,68216,PS,PS,2,45,57855,39,PS,20,1,48,79899,PS,PS,PS,21,73546,27,83593,PS,PS,PS,PS,50,PS,PS,0.40 - 0.59,PS,PS,PS,PS,PS,36,PS,PS,0.60 - 0.79,PS,PS,PS,PS,PS,1,0,34,91637,32,PS,PS,PS,PS,PS,PS,PS,PS,PS,PS,43799,83343,60801,111527
216339,003371,Temple University,Public,1,5208,Finance and Financial Management Services.,3,Bachelor's Degree,269,235,440,23729,26000,433,21836,23125,111,62001,51215,100,61692,55982,333,23814,26000,329,21707,23000,87,64369,51215,79,63074,58000,107,23463,26000,104,22244,23187,24,53418,51206,21,56491,45391,210,26141,26030,206,23414,23250,50,54403,44188,44,52561,46195,230,21527,25241,227,20403,23000,61,68230,66400,56,68866,65449,609,666,276,245,14,336,367,50577,8,324,351,50981,328,<=0.05,<=0.05,0.10 - 0.14,<=0.05,0.10 - 0.14,0.55 - 0.59,0.15 - 0.19,<=0.05,343,<=0.05,<=0.05,0.15 - 0.19,<=0.05,0.10 - 0.14,0.40 - 0.44,0.20 - 0.24,<=0.05,214,53463,222,61578,325,57011,111,61898,357,59581,341,320,203,52928,154,65537,261,62204,97,53507,21,436,58807,366,PS,345,13,377,85011,310,191,66226,150,76107,250,72919,92,63178,PS,250,385,<=0.05,<=0.05,0.55 - 0.59,<=0.05,0.05 - 0.09,0.15 - 0.19,0.10 - 0.14,<=0.05,343,<=0.05,<=0.05,0.40 - 0.44,<=0.05,<=0.05,0.20 - 0.24,0.20 - 0.24,<=0.05,1,14,343,82053,315,194,73676,149,90761,253,85502,91,71832,19,247,43799,83343,60801,111527
216366,012393,Thomas Jefferson University,"Private, nonprofit",1,5208,Finance and Financial Management Services.,3,Bachelor's Degree,6,11,PS,PS,PS,PS,PS,PS,PS,PS,PS,PS,PS,PS,PS,PS,PS,PS,PS,PS,PS,PS,PS,PS,PS,PS,PS,PS,PS,PS,PS,PS,PS,PS,PS,PS,PS,PS,PS,PS,PS,PS,PS,PS,PS,PS,PS,PS,PS,PS,PS,PS,PS,PS,PS,PS,PS,PS,PS,PS,PS,PS,PS,PS,PS,PS,0,PS,PS,PS,PS,PS,PS,PS,PS,PS,PS,PS,PS,PS,PS,PS,PS,PS,PS,PS,PS,PS,PS,PS,PS,PS,PS,PS,PS,PS,PS,PS,PS,PS,PS,PS,PS,PS,PS,PS,PS,PS,PS,PS,PS,PS,1,PS,PS,PS,PS,PS,0,PS,PS,PS,PS,PS,PS,PS,PS,PS,PS,PS,PS,PS,PS,PS,PS,PS,PS,PS,PS,PS,PS,PS,PS,PS,PS,PS,PS,PS,PS,PS,1,0,PS,PS,PS,PS,PS,PS,PS,PS,PS,PS,PS,PS,PS,43799,83343,60801,111527
216597,003388,Villanova University,"Private, nonprofit",1,5208,Finance and Financial Management Services.,3,Bachelor's Degree,231,253,222,PS,26197,222,PS,26000,43,PS,60434,43,PS,60434,152,PS,26983,152,PS,26940,29,PS,PS,29,PS,PS,70,PS,25419,70,PS,25419,14,PS,PS,14,PS,PS,50,PS,27000,50,PS,27000,12,PS,PS,12,PS,PS,172,PS,24990,172,PS,24990,31,PS,PS,31,PS,PS,719,719,278,276,6,252,265,72757,5,202,206,73579,196,<=0.10,<=0.10,<=0.10,<=0.10,<=0.10,0.60 - 0.69,0.20 - 0.29,<=0.10,189,<=0.10,<=0.10,<=0.10,<=0.10,<=0.10,0.50 - 0.59,0.40 - 0.49,<=0.10,52,83208,195,81600,161,79942,86,85555,216,88419,210,207,57,92572,159,87388,157,88396,60,89106,8,247,82008,232,PS,45,6,275,131996,PS,54,109786,157,109307,153,111143,59,105031,PS,35,219,<=0.05,<=0.05,0.40 - 0.44,<=0.05,0.05 - 0.09,0.30 - 0.34,0.15 - 0.19,<=0.05,189,<=0.10,<=0.10,0.20 - 0.29,<=0.10,<=0.10,0.20 - 0.29,0.40 - 0.49,<=0.10,1,7,203,133548,200,51,139767,151,132170,149,133286,53,137303,PS,33,43799,83343,60801,111527
216667,003389,Washington & Jefferson College,"Private, nonprofit",1,5208,Finance and Financial Management Services.,3,Bachelor's Degree,6,6,,,,,,,,,,,,,,,,,,,,,,,,,,,,,,,,,,,,,,,,,,,,,,,,,,,,,,,,,,,,,,,,,,,,,,,,,,,,,,,,,,,,,,,,,,,PS,PS,PS,PS,PS,PS,PS,PS,,,,,,,,,,,,,PS,PS,PS,PS,PS,PS,,PS,PS,,,,,,,,,,,,,,,,,,,,,,,,,,,,,,1,PS,PS,PS,PS,PS,PS,PS,PS,PS,PS,PS,PS,PS,PS,PS,PS,PS,PS
216694,003391,Waynesburg University,"Private, nonprofit",1,5208,Finance and Financial Management Services.,3,Bachelor's Degree,10,3,PS,PS,PS,PS,PS,PS,PS,PS,PS,PS,PS,PS,PS,PS,PS,PS,PS,PS,PS,PS,PS,PS,PS,PS,PS,PS,PS,PS,PS,PS,PS,PS,PS,PS,PS,PS,PS,PS,PS,PS,PS,PS,PS,PS,PS,PS,PS,PS,PS,PS,PS,PS,PS,PS,PS,PS,PS,PS,PS,PS,PS,PS,PS,PS,0,PS,PS,PS,PS,PS,PS,PS,PS,PS,PS,PS,PS,PS,PS,PS,PS,PS,PS,PS,PS,PS,PS,PS,PS,PS,PS,PS,PS,PS,PS,PS,PS,PS,PS,PS,PS,PS,PS,PS,PS,PS,PS,PS,PS,PS,0,PS,PS,PS,PS,PS,0,PS,PS,PS,PS,PS,PS,PS,PS,PS,PS,PS,PS,PS,PS,PS,PS,PS,PS,PS,PS,PS,PS,PS,PS,PS,PS,PS,PS,PS,PS,PS,1,0,PS,PS,PS,PS,PS,PS,PS,PS,PS,PS,PS,PS,PS,43799,83343,60801,111527
216764,003328,West Chester University of Pennsylvania,Public,1,5208,Finance and Financial Management Services.,3,Bachelor's Degree,200,202,PS,PS,PS,PS,PS,PS,PS,PS,PS,PS,PS,PS,PS,PS,PS,PS,PS,PS,PS,PS,PS,PS,PS,PS,PS,PS,PS,PS,PS,PS,PS,PS,PS,PS,PS,PS,PS,PS,PS,PS,PS,PS,PS,PS,PS,PS,PS,PS,PS,PS,PS,PS,PS,PS,PS,PS,PS,PS,PS,PS,PS,PS,PS,PS,2,136,141,53367,1,190,198,53508,203,<=0.05,<=0.05,<=0.05,<=0.05,0.15 - 0.19,0.60 - 0.64,0.10 - 0.14,<=0.05,227,<=0.05,<=0.05,0.15 - 0.19,0.05 - 0.09,0.10 - 0.14,0.40 - 0.44,0.15 - 0.19,<=0.05,PS,PS,PS,PS,PS,PS,PS,PS,189,61456,181,177,73,58608,116,63436,140,61215,49,62177,0,PS,PS,PS,PS,PS,7,PS,PS,PS,67,70161,115,72580,133,72234,50,70963,PS,138,PS,PS,PS,PS,PS,PS,PS,PS,PS,227,<=0.05,<=0.05,0.45 - 0.49,<=0.05,<=0.05,0.25 - 0.29,0.20 - 0.24,<=0.05,1,6,185,81203,173,70,79517,115,86630,135,81655,50,78198,PS,136,43799,83343,60801,111527
216852,003313,Widener University,"Private, nonprofit",1,5208,Finance and Financial Management Services.,3,Bachelor's Degree,18,21,35,PS,26980,35,PS,26980,PS,PS,PS,PS,PS,PS,PS,PS,PS,PS,PS,PS,PS,PS,PS,PS,PS,PS,PS,PS,PS,PS,PS,PS,PS,PS,PS,PS,PS,PS,PS,PS,PS,PS,PS,PS,PS,PS,PS,PS,PS,PS,PS,PS,PS,PS,PS,PS,PS,PS,PS,PS,PS,PS,PS,PS,286,286,0,23,25,51427,PS,PS,PS,PS,25,PS,PS,PS,PS,PS,PS,PS,PS,PS,PS,PS,PS,PS,PS,PS,PS,PS,PS,PS,PS,PS,PS,PS,PS,PS,PS,PS,PS,PS,PS,PS,PS,PS,PS,PS,PS,PS,1,37,62672,31,PS,20,2,31,78817,PS,PS,PS,PS,PS,PS,PS,PS,PS,PS,PS,31,PS,PS,0.60 - 0.79,PS,PS,PS,PS,PS,PS,PS,PS,PS,PS,PS,PS,PS,PS,1,1,PS,PS,PS,PS,PS,PS,PS,PS,PS,PS,PS,PS,PS,43799,83343,60801,111527
216931,003394,Wilkes University,"Private, nonprofit",1,5208,Finance and Financial Management Services.,3,Bachelor's Degree,20,13,22,PS,25091,22,PS,25000,PS,PS,PS,PS,PS,PS,PS,PS,PS,PS,PS,PS,PS,PS,PS,PS,PS,PS,PS,PS,PS,PS,PS,PS,PS,PS,PS,PS,PS,PS,10,PS,PS,10,PS,PS,PS,PS,PS,PS,PS,PS,12,PS,PS,12,PS,PS,PS,PS,PS,PS,PS,PS,PS,PS,266,265,0,20,23,42445,3,10,12,50856,24,PS,PS,PS,PS,PS,0.40 - 0.59,PS,PS,18,PS,PS,PS,PS,PS,PS,PS,PS,PS,PS,PS,PS,PS,PS,PS,PS,PS,PS,PS,PS,PS,PS,PS,PS,PS,PS,PS,PS,0,21,41758,16,PS,PS,2,24,72961,PS,PS,PS,PS,PS,PS,PS,PS,PS,PS,PS,23,PS,PS,0.40 - 0.59,PS,PS,PS,PS,PS,18,PS,PS,PS,PS,PS,PS,PS,PS,1,2,PS,PS,PS,PS,PS,PS,PS,PS,PS,PS,PS,PS,PS,43799,83343,60801,111527
217013,003396,Wilson College,"Private, nonprofit",1,5208,Finance and Financial Management Services.,3,Bachelor's Degree,,2,,,,,,,,,,,,,,,,,,,,,,,,,,,,,,,,,,,,,,,,,,,,,,,,,,,,,,,,,,,,,,,,,,,,,,,,,,,,,,,,,,,,,,,,,,,,,,,,,,,,,,,,,,,,,,,,,,,,,,PS,PS,,,,,,,,,,,,,,,,,,,,,,,,,,,,,,3,,,,,,,,,,,,,,,PS,PS,PS,PS
217059,003399,York College of Pennsylvania,"Private, nonprofit",1,5208,Finance and Financial Management Services.,3,Bachelor's Degree,12,10,28,PS,25812,28,PS,24173,PS,PS,PS,PS,PS,PS,PS,PS,PS,PS,PS,PS,PS,PS,PS,PS,PS,PS,PS,PS,PS,PS,PS,PS,PS,PS,PS,PS,PS,PS,PS,PS,PS,PS,PS,PS,PS,PS,PS,PS,PS,PS,PS,PS,PS,PS,PS,PS,PS,PS,PS,PS,PS,PS,PS,PS,274,256,0,23,25,52325,0,12,12,50465,19,PS,PS,PS,PS,PS,PS,PS,PS,18,PS,PS,PS,PS,PS,PS,PS,PS,PS,PS,PS,PS,PS,PS,PS,PS,PS,PS,PS,PS,PS,PS,PS,PS,PS,PS,PS,PS,0,28,46890,23,PS,17,0,23,79444,PS,PS,PS,PS,PS,PS,PS,PS,PS,PS,PS,27,PS,PS,0.40 - 0.59,PS,PS,PS,PS,PS,18,PS,PS,PS,PS,PS,PS,PS,PS,1,0,PS,PS,PS,PS,PS,PS,PS,PS,PS,PS,PS,PS,PS,43799,83343,60801,111527
217165,003402,Bryant University,"Private, nonprofit",1,5208,Finance and Financial Management Services.,3,Bachelor's Degree,186,173,214,PS,26953,214,PS,26714,28,63433,51120,26,63484,65485,188,PS,26912,188,PS,26000,PS,PS,PS,PS,PS,PS,26,PS,27000,26,PS,27000,PS,PS,PS,PS,PS,PS,52,PS,27000,52,PS,27000,10,38226,PS,PS,PS,PS,162,PS,26754,162,PS,26088,18,77437,PS,PS,PS,PS,608,779,286,283,4,188,201,53930,4,175,183,60821,192,<=0.10,<=0.10,<=0.10,<=0.10,<=0.10,0.60 - 0.69,0.10 - 0.19,<=0.10,187,<=0.10,<=0.10,<=0.10,<=0.10,<=0.10,0.50 - 0.59,0.20 - 0.29,<=0.10,51,61214,146,62093,173,61445,24,68909,180,71096,166,160,54,65970,126,73188,147,70478,33,72337,7,197,61993,175,PS,27,8,200,90499,PS,49,75440,126,82896,141,82287,34,82390,PS,25,208,<=0.05,<=0.05,0.35 - 0.39,<=0.05,0.10 - 0.14,0.35 - 0.39,0.10 - 0.14,<=0.05,187,<=0.10,<=0.10,0.30 - 0.39,<=0.10,<=0.10,0.20 - 0.29,0.30 - 0.39,<=0.10,1,7,170,96206,162,47,87246,124,97980,140,94432,31,101305,PS,20,43799,83343,60801,111527
217235,003404,Johnson & Wales University-Providence,"Private, nonprofit",1,5208,Finance and Financial Management Services.,3,Bachelor's Degree,15,12,38,PS,27000,38,PS,27000,13,42628,PS,10,54395,PS,PS,PS,PS,PS,PS,PS,PS,PS,PS,PS,PS,PS,PS,PS,PS,PS,PS,PS,PS,PS,PS,PS,PS,PS,19,PS,30750,19,PS,27000,PS,PS,PS,PS,PS,PS,19,PS,26100,19,PS,25500,PS,PS,PS,PS,PS,PS,PS,PS,286,286,2,PS,17,57354,0,17,20,56641,24,PS,PS,PS,PS,PS,PS,PS,PS,16,PS,PS,PS,PS,PS,PS,PS,PS,PS,PS,PS,PS,PS,PS,PS,PS,22,59213,19,17,PS,PS,PS,PS,PS,PS,PS,PS,1,30,53555,23,PS,PS,0,25,73152,PS,PS,PS,PS,PS,PS,PS,PS,PS,PS,PS,27,PS,PS,0.40 - 0.59,PS,PS,PS,PS,PS,17,PS,PS,PS,PS,PS,PS,PS,PS,1,0,22,55940,17,PS,PS,PS,PS,PS,PS,PS,PS,PS,PS,43799,83343,60801,111527
217402,003406,Providence College,"Private, nonprofit",1,5208,Finance and Financial Management Services.,3,Bachelor's Degree,207,177,166,PS,27000,166,PS,27000,41,PS,52122,41,PS,52122,122,PS,27000,122,PS,27000,PS,PS,PS,PS,PS,PS,44,PS,27000,44,PS,27000,PS,PS,PS,PS,PS,PS,37,PS,27000,37,PS,27000,10,PS,PS,10,PS,PS,129,PS,27000,129,PS,27000,31,PS,PS,31,PS,PS,620,620,286,286,5,170,179,58761,2,103,106,55964,145,<=0.10,<=0.10,<=0.10,<=0.10,<=0.10,0.60 - 0.69,0.10 - 0.19,<=0.10,109,<=0.10,<=0.10,<=0.10,<=0.10,<=0.10,0.60 - 0.69,0.10 - 0.19,<=0.10,31,62489,148,65156,130,62725,49,74263,113,75198,104,101,32,76019,81,73761,88,71938,25,79362,7,179,64427,159,PS,PS,5,205,103021,PS,30,81647,79,83739,85,81046,24,89257,PS,PS,163,<=0.10,<=0.10,0.40 - 0.49,<=0.10,<=0.10,0.30 - 0.39,0.10 - 0.19,<=0.10,109,<=0.10,<=0.10,0.40 - 0.49,<=0.10,<=0.10,0.20 - 0.29,0.20 - 0.29,<=0.10,1,3,110,100232,105,29,106915,80,100129,86,99102,25,104447,PS,PS,43799,83343,60801,111527
217420,003407,Rhode Island College,Public,1,5208,Finance and Financial Management Services.,3,Bachelor's Degree,20,10,31,23513,23750,30,19466,19041,PS,PS,PS,PS,PS,PS,PS,PS,PS,PS,PS,PS,PS,PS,PS,PS,PS,PS,PS,PS,PS,PS,PS,PS,PS,PS,PS,PS,PS,PS,PS,PS,PS,PS,PS,PS,PS,PS,PS,PS,PS,PS,PS,PS,PS,PS,PS,PS,PS,PS,PS,PS,PS,PS,PS,PS,252,202,1,26,31,43330,1,29,30,52607,24,PS,PS,PS,PS,PS,PS,PS,PS,30,PS,PS,PS,PS,PS,0.20 - 0.39,PS,PS,PS,PS,PS,PS,PS,PS,PS,PS,31,56197,30,29,21,54172,PS,PS,22,57039,PS,PS,1,28,34991,17,PS,24,3,32,70470,PS,19,59996,PS,PS,19,59879,PS,PS,PS,17,29,PS,PS,0.40 - 0.59,PS,PS,PS,PS,PS,30,PS,PS,0.20 - 0.39,PS,PS,PS,PS,PS,1,2,28,74665,26,PS,PS,PS,PS,PS,PS,PS,PS,PS,16,43799,83343,60801,111527
217484,003414,University of Rhode Island,Public,1,5208,Finance and Financial Management Services.,3,Bachelor's Degree,111,105,106,PS,23620,106,PS,21875,41,46614,45000,40,46757,46500,78,PS,21250,78,PS,20426,PS,PS,PS,PS,PS,PS,28,PS,25597,28,PS,25047,PS,PS,PS,PS,PS,PS,33,PS,18500,33,PS,18500,12,PS,PS,12,PS,PS,73,PS,25195,73,PS,25000,29,51844,PS,28,52235,PS,535,553,250,232,2,73,82,50030,1,70,76,54970,76,<=0.20,<=0.20,<=0.20,<=0.20,<=0.20,0.40 - 0.59,<=0.20,<=0.20,82,<=0.20,<=0.20,<=0.20,<=0.20,<=0.20,0.40 - 0.59,<=0.20,<=0.20,35,51448,70,49845,79,53113,25,48489,80,67209,76,75,25,64417,55,68215,64,66657,16,67150,4,105,50529,84,PS,36,1,85,87196,PS,24,73976,54,75345,63,74589,PS,PS,PS,30,86,<=0.20,<=0.20,0.40 - 0.59,<=0.20,<=0.20,0.20 - 0.39,<=0.20,<=0.20,82,<=0.20,<=0.20,0.20 - 0.39,<=0.20,<=0.20,0.20 - 0.39,0.20 - 0.39,<=0.20,1,1,79,88632,78,25,85870,53,87519,PS,PS,PS,PS,PS,29,43799,83343,60801,111527
217518,003410,Roger Williams University,"Private, nonprofit",1,5208,Finance and Financial Management Services.,3,Bachelor's Degree,41,44,75,PS,26500,75,PS,24500,18,PS,PS,18,PS,PS,PS,PS,27000,PS,PS,26000,PS,PS,PS,PS,PS,PS,PS,PS,PS,PS,PS,PS,PS,PS,PS,PS,PS,PS,16,PS,PS,16,PS,PS,PS,PS,PS,PS,PS,PS,59,PS,PS,59,PS,PS,PS,PS,PS,PS,PS,PS,PS,PS,281,260,1,68,73,53141,0,59,63,51607,67,<=0.20,<=0.20,<=0.20,<=0.20,<=0.20,0.40 - 0.59,<=0.20,<=0.20,57,<=0.20,<=0.20,<=0.20,<=0.20,<=0.20,0.40 - 0.59,0.20 - 0.39,<=0.20,PS,PS,PS,PS,53,57386,17,69405,62,67010,57,56,21,64132,42,67660,48,68591,PS,PS,2,69,60042,62,PS,PS,5,83,94919,PS,18,80097,35,77854,42,77836,PS,PS,PS,PS,73,<=0.20,<=0.20,0.40 - 0.59,<=0.20,<=0.20,0.20 - 0.39,<=0.20,<=0.20,57,<=0.20,<=0.20,0.20 - 0.39,<=0.20,<=0.20,0.20 - 0.39,0.20 - 0.39,<=0.20,1,2,60,85122,55,19,85458,41,84691,PS,PS,PS,PS,PS,PS,43799,83343,60801,111527
217536,003411,Salve Regina University,"Private, nonprofit",1,5208,Finance and Financial Management Services.,3,Bachelor's Degree,17,31,38,PS,27000,38,PS,27000,PS,PS,PS,PS,PS,PS,PS,PS,PS,PS,PS,PS,PS,PS,PS,PS,PS,PS,PS,PS,PS,PS,PS,PS,PS,PS,PS,PS,PS,PS,PS,PS,PS,PS,PS,PS,PS,PS,PS,PS,PS,PS,PS,PS,PS,PS,PS,PS,PS,PS,PS,PS,PS,PS,PS,PS,286,286,0,PS,PS,PS,PS,PS,PS,PS,15,PS,PS,PS,PS,PS,PS,PS,PS,PS,PS,PS,PS,PS,PS,PS,PS,PS,PS,PS,PS,PS,PS,PS,PS,PS,PS,PS,PS,PS,PS,PS,PS,PS,PS,PS,PS,PS,1,27,66034,25,PS,PS,0,36,89657,PS,PS,PS,PS,PS,PS,PS,PS,PS,PS,PS,30,PS,PS,0.60 - 0.79,PS,PS,PS,PS,PS,PS,PS,PS,PS,PS,PS,PS,PS,PS,1,3,PS,PS,PS,PS,PS,PS,PS,PS,PS,PS,PS,PS,PS,43799,83343,60801,111527
217633,003418,Anderson University,"Private, nonprofit",1,5208,Finance and Financial Management Services.,3,Bachelor's Degree,9,9,PS,PS,PS,PS,PS,PS,PS,PS,PS,PS,PS,PS,PS,PS,PS,PS,PS,PS,PS,PS,PS,PS,PS,PS,PS,PS,PS,PS,PS,PS,PS,PS,PS,PS,PS,PS,PS,PS,PS,PS,PS,PS,PS,PS,PS,PS,PS,PS,PS,PS,PS,PS,PS,PS,PS,PS,PS,PS,PS,PS,PS,PS,PS,PS,PS,PS,PS,PS,,,,,PS,PS,PS,PS,PS,PS,PS,PS,PS,PS,PS,PS,PS,PS,PS,PS,PS,PS,PS,PS,PS,PS,PS,PS,PS,PS,PS,PS,PS,PS,PS,PS,PS,PS,PS,PS,PS,PS,PS,PS,PS,PS,PS,PS,PS,PS,PS,PS,PS,PS,PS,PS,PS,PS,PS,PS,PS,PS,PS,PS,PS,PS,PS,PS,PS,PS,PS,PS,PS,PS,PS,PS,PS,PS,PS,PS,1,PS,PS,PS,PS,PS,PS,PS,PS,PS,PS,PS,PS,PS,PS,PS,PS,PS,PS
217688,003419,Charleston Southern University,"Private, nonprofit",1,5208,Finance and Financial Management Services.,3,Bachelor's Degree,11,6,PS,PS,PS,PS,PS,PS,PS,PS,PS,PS,PS,PS,PS,PS,PS,PS,PS,PS,PS,PS,PS,PS,PS,PS,PS,PS,PS,PS,PS,PS,PS,PS,PS,PS,PS,PS,PS,PS,PS,PS,PS,PS,PS,PS,PS,PS,PS,PS,PS,PS,PS,PS,PS,PS,PS,PS,PS,PS,PS,PS,PS,PS,PS,PS,0,PS,PS,PS,PS,PS,PS,PS,PS,PS,PS,PS,PS,PS,PS,PS,PS,PS,PS,PS,PS,PS,PS,PS,PS,PS,PS,PS,PS,PS,PS,PS,PS,PS,PS,PS,PS,PS,PS,PS,PS,PS,PS,PS,PS,PS,0,PS,PS,PS,PS,PS,0,PS,PS,PS,PS,PS,PS,PS,PS,PS,PS,PS,PS,PS,10,PS,PS,PS,PS,PS,PS,PS,PS,PS,PS,PS,PS,PS,PS,PS,PS,PS,1,0,PS,PS,PS,PS,PS,PS,PS,PS,PS,PS,PS,PS,PS,43799,83343,60801,111527
217721,003420,Benedict College,"Private, nonprofit",1,5208,Finance and Financial Management Services.,3,Bachelor's Degree,3,6,,,,,,,,,,,,,,,,,,,,,,,,,,,,,,,,,,,,,,,,,,,,,,,,,,,,,,,,,,,,,,,,,,,,,,,,,,,,,,,,,,,,,,,,,,,,,,,,,,,,,,,,,,,,,,,,,,,,,,PS,PS,,,,,,,,,,,,,,,,,,,,,,,,,,,,,,1,,,,,,,,,,,,,,,PS,PS,PS,PS
217749,003421,Bob Jones University,"Private, nonprofit",1,5208,Finance and Financial Management Services.,3,Bachelor's Degree,0,,PS,PS,PS,PS,PS,PS,PS,PS,PS,PS,PS,PS,PS,PS,PS,PS,PS,PS,PS,PS,PS,PS,PS,PS,PS,PS,PS,PS,PS,PS,PS,PS,PS,PS,PS,PS,PS,PS,PS,PS,PS,PS,PS,PS,PS,PS,PS,PS,PS,PS,PS,PS,PS,PS,PS,PS,PS,PS,PS,PS,PS,PS,PS,PS,PS,PS,PS,PS,,,,,PS,PS,PS,PS,PS,PS,PS,PS,PS,PS,PS,PS,PS,PS,PS,PS,PS,PS,PS,PS,PS,PS,PS,PS,PS,PS,PS,PS,PS,PS,PS,PS,PS,PS,PS,PS,PS,PS,PS,PS,PS,PS,PS,PS,PS,PS,PS,PS,PS,PS,PS,PS,PS,PS,PS,PS,PS,PS,PS,PS,PS,PS,PS,PS,PS,PS,PS,PS,PS,PS,PS,PS,PS,PS,PS,PS,0,PS,PS,PS,PS,PS,PS,PS,PS,PS,PS,PS,PS,PS,PS,PS,PS,PS,PS
217819,003428,College of Charleston,Public,1,5208,Finance and Financial Management Services.,3,Bachelor's Degree,65,55,67,21581,22500,63,20496,20500,30,54912,34238,27,59597,37178,50,21559,PS,46,20458,PS,PS,PS,PS,PS,PS,PS,17,PS,PS,17,PS,PS,PS,PS,PS,PS,PS,PS,28,23665,23750,25,23345,21000,PS,PS,PS,PS,PS,PS,39,20086,22485,38,18621,19125,PS,PS,PS,PS,PS,PS,407,442,239,217,2,55,60,47506,2,41,48,52941,50,PS,PS,PS,PS,PS,0.40 - 0.59,0.20 - 0.39,PS,50,PS,PS,PS,PS,PS,0.40 - 0.59,0.20 - 0.39,PS,34,44032,39,61124,54,55718,PS,PS,53,70637,50,48,26,58632,27,68882,44,68799,PS,PS,2,73,54634,56,PS,35,4,76,84187,PS,22,78510,25,91891,38,84416,PS,PS,PS,PS,57,<=0.20,<=0.20,0.40 - 0.59,<=0.20,<=0.20,0.20 - 0.39,<=0.20,<=0.20,50,PS,PS,0.40 - 0.59,PS,PS,PS,0.20 - 0.39,PS,1,4,43,88966,43,PS,PS,24,95985,PS,PS,PS,PS,PS,PS,43799,83343,60801,111527
217864,003423,Citadel Military College of South Carolina,Public,1,5208,Finance and Financial Management Services.,3,Bachelor's Degree,14,22,PS,PS,PS,PS,PS,PS,PS,PS,PS,PS,PS,PS,PS,PS,PS,PS,PS,PS,PS,PS,PS,PS,PS,PS,PS,PS,PS,PS,PS,PS,PS,PS,PS,PS,PS,PS,PS,PS,PS,PS,PS,PS,PS,PS,PS,PS,PS,PS,PS,PS,PS,PS,PS,PS,PS,PS,PS,PS,PS,PS,PS,PS,PS,PS,PS,PS,PS,PS,,,,,PS,PS,PS,PS,PS,PS,PS,PS,PS,PS,PS,PS,PS,PS,PS,PS,PS,PS,PS,PS,PS,PS,PS,PS,PS,PS,PS,PS,PS,PS,PS,PS,PS,PS,PS,PS,PS,PS,1,PS,PS,PS,PS,PS,PS,PS,PS,PS,PS,PS,PS,PS,PS,PS,PS,PS,PS,PS,PS,PS,PS,PS,PS,PS,PS,PS,PS,PS,PS,PS,PS,PS,PS,PS,PS,PS,1,PS,PS,PS,PS,PS,PS,PS,PS,PS,PS,PS,PS,PS,PS,PS,PS,PS,PS
217882,003425,Clemson University,Public,1,5208,Finance and Financial Management Services.,3,Bachelor's Degree,241,280,131,19910,20000,126,18682,19312,41,62629,46140,38,64274,48346,96,18993,19500,91,17686,19000,31,67997,PS,PS,PS,PS,35,PS,25000,35,PS,24064,10,45985,PS,PS,PS,PS,39,23952,26000,38,21289,21500,11,45448,PS,10,47827,PS,92,18196,19062,88,17556,19000,30,68928,PS,28,70148,PS,549,575,212,205,3,94,102,52256,3,87,96,48326,110,<=0.10,<=0.10,0.10 - 0.19,<=0.10,<=0.10,0.50 - 0.59,0.10 - 0.19,<=0.10,98,<=0.20,<=0.20,<=0.20,<=0.20,<=0.20,0.40 - 0.59,<=0.20,<=0.20,40,57813,98,60032,102,57526,37,68124,98,62339,90,87,40,56386,58,69386,75,67597,23,49930,3,139,58876,115,PS,51,3,104,91269,PS,38,69463,59,74815,75,74908,21,58783,PS,34,97,<=0.20,<=0.20,0.40 - 0.59,<=0.20,<=0.20,0.20 - 0.39,<=0.20,<=0.20,98,<=0.20,<=0.20,0.20 - 0.39,<=0.20,<=0.20,0.20 - 0.39,0.20 - 0.39,<=0.20,1,3,96,85488,92,36,84597,61,86672,75,89909,22,74743,PS,33,43799,83343,60801,111527
217907,003427,Coker University,"Private, nonprofit",1,5208,Finance and Financial Management Services.,3,Bachelor's Degree,,0,,,,,,,,,,,,,,,,,,,,,,,,,,,,,,,,,,,,,,,,,,,,,,,,,,,,,,,,,,,,,,,,,,,,,,,,,,,,,,,,,,,,,,,,,,,,,,,,,,,,,,,,,,,,,,,,,,,,,,PS,PS,,,,,,,,,,,,,,,,,,,,,,,,,,,,,,1,,,,,,,,,,,,,,,PS,PS,PS,PS
218061,009226,Francis Marion University,Public,1,5208,Finance and Financial Management Services.,3,Bachelor's Degree,19,11,10,PS,PS,10,PS,PS,PS,PS,PS,PS,PS,PS,PS,PS,PS,PS,PS,PS,PS,PS,PS,PS,PS,PS,PS,PS,PS,PS,PS,PS,PS,PS,PS,PS,PS,PS,PS,PS,PS,PS,PS,PS,PS,PS,PS,PS,PS,PS,PS,PS,PS,PS,PS,PS,PS,PS,PS,PS,PS,PS,PS,PS,PS,PS,0,PS,PS,PS,0,11,12,37208,PS,PS,PS,PS,PS,PS,PS,PS,PS,13,PS,PS,PS,PS,PS,PS,PS,PS,PS,PS,PS,PS,PS,PS,PS,PS,PS,PS,PS,PS,PS,PS,PS,PS,PS,PS,PS,PS,0,PS,PS,PS,PS,PS,2,PS,PS,PS,PS,PS,PS,PS,PS,PS,PS,PS,PS,PS,11,PS,PS,PS,PS,PS,PS,PS,PS,13,PS,PS,PS,PS,PS,PS,PS,PS,1,0,PS,PS,PS,PS,PS,PS,PS,PS,PS,PS,PS,PS,PS,43799,83343,60801,111527
218663,003448,University of South Carolina-Columbia,Public,1,5208,Finance and Financial Management Services.,3,Bachelor's Degree,608,597,448,20904,25000,447,20593,23250,101,60540,48915,96,62728,50749,313,PS,23250,313,PS,21500,69,64506,54459,67,66066,54818,135,21480,26000,134,21362,25000,32,51989,41753,29,55016,43431,115,PS,26000,115,PS,25500,25,43923,30337,23,47242,40461,333,20140,23250,332,19912,22165,76,66006,53719,73,67607,54818,582,603,265,246,10,415,445,53758,6,239,260,55190,381,<=0.05,<=0.05,0.10 - 0.14,<=0.05,0.10 - 0.14,0.50 - 0.54,0.20 - 0.24,<=0.05,254,<=0.05,<=0.05,<=0.05,<=0.05,0.05 - 0.09,0.55 - 0.59,0.20 - 0.24,<=0.05,122,59809,344,63199,323,60735,141,67958,270,65524,243,235,91,59801,178,68867,199,67259,69,63194,13,466,62231,399,PS,110,11,495,92578,241,88,72542,172,82505,193,80811,67,76101,20,68,416,<=0.05,<=0.05,0.45 - 0.49,<=0.05,0.10 - 0.14,0.20 - 0.24,0.10 - 0.14,<=0.05,254,<=0.05,<=0.05,0.30 - 0.34,<=0.05,<=0.05,0.25 - 0.29,0.25 - 0.29,<=0.05,1,11,262,91441,246,88,82564,174,97388,193,93413,69,89107,24,66,43799,83343,60801,111527
218724,003451,Coastal Carolina University,Public,1,5208,Finance and Financial Management Services.,3,Bachelor's Degree,55,66,77,24523,26000,76,23420,25683,29,61425,54260,28,59563,55177,60,24517,PS,59,23297,PS,PS,PS,PS,PS,PS,PS,17,PS,PS,17,PS,PS,PS,PS,PS,PS,PS,PS,25,24504,26000,24,24301,26000,PS,PS,PS,PS,PS,PS,52,PS,26000,52,PS,25389,PS,PS,PS,PS,PS,PS,645,656,276,272,1,54,63,42464,1,31,37,37856,50,PS,PS,0.20 - 0.39,PS,PS,0.40 - 0.59,PS,PS,41,PS,PS,0.20 - 0.39,PS,PS,0.20 - 0.39,PS,PS,23,44745,53,47983,59,48978,17,38923,43,44425,37,29,18,43022,25,44993,29,44661,PS,PS,4,76,46911,58,PS,26,3,81,70181,PS,19,54189,25,53597,29,57371,PS,PS,PS,16,63,<=0.20,<=0.20,0.60 - 0.79,<=0.20,<=0.20,<=0.20,<=0.20,<=0.20,41,PS,PS,0.40 - 0.59,PS,PS,PS,PS,PS,1,3,45,66069,41,18,53460,27,75870,PS,PS,PS,PS,PS,PS,43799,83343,60801,111527
218973,003457,Wofford College,"Private, nonprofit",1,5208,Finance and Financial Management Services.,3,Bachelor's Degree,74,62,45,PS,27000,45,PS,27000,11,PS,PS,11,PS,PS,26,PS,27000,26,PS,27000,PS,PS,PS,PS,PS,PS,19,PS,27000,19,PS,27000,PS,PS,PS,PS,PS,PS,18,PS,PS,18,PS,PS,PS,PS,PS,PS,PS,PS,27,PS,PS,27,PS,PS,PS,PS,PS,PS,PS,PS,PS,PS,286,286,0,44,50,48463,3,34,36,47729,34,PS,PS,PS,PS,PS,0.40 - 0.59,PS,PS,40,PS,PS,PS,PS,PS,0.40 - 0.59,0.20 - 0.39,PS,24,56188,28,60712,34,53574,17,64389,40,59172,33,33,19,53358,PS,PS,31,60109,PS,PS,4,52,57335,45,PS,19,1,65,79643,PS,17,63172,23,64769,30,66788,PS,PS,PS,17,50,PS,PS,0.40 - 0.59,PS,PS,PS,0.20 - 0.39,PS,40,PS,PS,0.20 - 0.39,PS,PS,PS,0.20 - 0.39,PS,1,1,42,76153,40,17,67594,24,83039,PS,PS,PS,PS,PS,16,43799,83343,60801,111527
219000,003458,Augustana University,"Private, nonprofit",1,5208,Finance and Financial Management Services.,3,Bachelor's Degree,8,16,,,,,,,,,,,,,,,,,,,,,,,,,,,,,,,,,,,,,,,,,,,,,,,,,,,,,,,,,,,,,,,,,,,,,,,,,,,,,,,,,,,,,,,,,,,PS,PS,PS,PS,PS,PS,PS,PS,,,,,,,,,,,,,PS,PS,PS,PS,PS,PS,,PS,PS,,,,,,,,,,,,,,,,,,,,,,,,,,,,,,1,PS,PS,PS,PS,PS,PS,PS,PS,PS,PS,PS,PS,PS,PS,PS,PS,PS,PS
219082,003463,Dakota State University,Public,1,5208,Finance and Financial Management Services.,3,Bachelor's Degree,2,5,PS,PS,PS,PS,PS,PS,PS,PS,PS,PS,PS,PS,PS,PS,PS,PS,PS,PS,PS,PS,PS,PS,PS,PS,PS,PS,PS,PS,PS,PS,PS,PS,PS,PS,PS,PS,PS,PS,PS,PS,PS,PS,PS,PS,PS,PS,PS,PS,PS,PS,PS,PS,PS,PS,PS,PS,PS,PS,PS,PS,PS,PS,PS,PS,0,PS,PS,PS,PS,PS,PS,PS,PS,PS,PS,PS,PS,PS,PS,PS,PS,PS,PS,PS,PS,PS,PS,PS,PS,PS,PS,PS,PS,PS,PS,PS,PS,PS,PS,PS,PS,PS,PS,PS,PS,PS,PS,PS,PS,PS,0,PS,PS,PS,PS,PS,0,PS,PS,PS,PS,PS,PS,PS,PS,PS,PS,PS,PS,PS,PS,PS,PS,PS,PS,PS,PS,PS,PS,PS,PS,PS,PS,PS,PS,PS,PS,PS,1,0,PS,PS,PS,PS,PS,PS,PS,PS,PS,PS,PS,PS,PS,43799,83343,60801,111527
219091,003461,Dakota Wesleyan University,"Private, nonprofit",1,5208,Finance and Financial Management Services.,3,Bachelor's Degree,1,0,PS,PS,PS,PS,PS,PS,PS,PS,PS,PS,PS,PS,PS,PS,PS,PS,PS,PS,PS,PS,PS,PS,PS,PS,PS,PS,PS,PS,PS,PS,PS,PS,PS,PS,PS,PS,PS,PS,PS,PS,PS,PS,PS,PS,PS,PS,PS,PS,PS,PS,PS,PS,PS,PS,PS,PS,PS,PS,PS,PS,PS,PS,PS,PS,0,PS,PS,PS,PS,PS,PS,PS,PS,PS,PS,PS,PS,PS,PS,PS,PS,PS,PS,PS,PS,PS,PS,PS,PS,PS,PS,PS,PS,PS,PS,PS,PS,PS,PS,PS,PS,PS,PS,PS,PS,PS,PS,PS,PS,PS,1,PS,PS,PS,PS,PS,PS,PS,PS,PS,PS,PS,PS,PS,PS,PS,PS,PS,PS,PS,PS,PS,PS,PS,PS,PS,PS,PS,PS,PS,PS,PS,PS,PS,PS,PS,PS,PS,2,PS,PS,PS,PS,PS,PS,PS,PS,PS,PS,PS,PS,PS,PS,43799,83343,60801,111527
219204,004057,National American University-Rapid City,"Private, for-profit",1,5208,Finance and Financial Management Services.,3,Bachelor's Degree,0,0,PS,PS,PS,PS,PS,PS,PS,PS,PS,PS,PS,PS,PS,PS,PS,PS,PS,PS,PS,PS,PS,PS,PS,PS,PS,PS,PS,PS,PS,PS,PS,PS,PS,PS,PS,PS,PS,PS,PS,PS,PS,PS,PS,PS,PS,PS,PS,PS,PS,PS,PS,PS,PS,PS,PS,PS,PS,PS,PS,PS,PS,PS,PS,PS,0,PS,PS,PS,PS,PS,PS,PS,PS,PS,PS,PS,PS,PS,PS,PS,PS,PS,PS,PS,PS,PS,PS,PS,PS,PS,PS,PS,PS,PS,PS,PS,PS,PS,PS,PS,PS,PS,PS,PS,PS,PS,PS,PS,PS,PS,0,PS,PS,PS,PS,PS,0,PS,PS,PS,PS,PS,PS,PS,PS,PS,PS,PS,PS,PS,PS,PS,PS,PS,PS,PS,PS,PS,PS,PS,PS,PS,PS,PS,PS,PS,PS,PS,3,0,PS,PS,PS,PS,PS,PS,PS,PS,PS,PS,PS,PS,PS,43799,83343,60801,111527
219259,003466,Northern State University,Public,1,5208,Finance and Financial Management Services.,3,Bachelor's Degree,17,7,18,PS,PS,18,PS,PS,PS,PS,PS,PS,PS,PS,PS,PS,PS,PS,PS,PS,PS,PS,PS,PS,PS,PS,PS,PS,PS,PS,PS,PS,PS,PS,PS,PS,PS,PS,PS,PS,PS,PS,PS,PS,PS,PS,PS,PS,PS,PS,PS,PS,PS,PS,PS,PS,PS,PS,PS,PS,PS,PS,PS,PS,PS,PS,0,17,19,33892,1,14,14,42123,14,PS,PS,PS,PS,PS,PS,PS,PS,17,PS,PS,PS,PS,PS,PS,PS,PS,PS,PS,PS,PS,PS,PS,PS,PS,PS,PS,PS,PS,PS,PS,PS,PS,PS,PS,PS,PS,0,20,47781,18,PS,16,0,17,48324,PS,PS,PS,PS,PS,PS,PS,PS,PS,PS,PS,18,PS,PS,PS,PS,PS,PS,PS,PS,17,PS,PS,PS,PS,PS,PS,PS,PS,1,0,16,70144,16,PS,PS,PS,PS,PS,PS,PS,PS,PS,PS,43799,83343,60801,111527
219471,003474,University of South Dakota,Public,1,5208,Finance and Financial Management Services.,3,Bachelor's Degree,46,55,35,PS,24320,35,PS,20500,11,PS,PS,11,PS,PS,24,PS,PS,24,PS,PS,PS,PS,PS,PS,PS,PS,11,PS,PS,11,PS,PS,PS,PS,PS,PS,PS,PS,11,PS,PS,11,PS,PS,PS,PS,PS,PS,PS,PS,24,PS,PS,24,PS,PS,PS,PS,PS,PS,PS,PS,PS,PS,258,217,0,28,29,44484,1,13,14,44971,20,PS,PS,PS,PS,PS,PS,PS,PS,15,PS,PS,PS,PS,PS,PS,PS,PS,PS,PS,PS,PS,PS,PS,PS,PS,PS,PS,PS,PS,PS,PS,PS,PS,PS,PS,PS,PS,0,32,49472,30,PS,21,0,42,70100,PS,PS,PS,PS,PS,PS,PS,PS,PS,PS,PS,35,PS,PS,0.40 - 0.59,PS,PS,PS,PS,PS,15,PS,PS,PS,PS,PS,PS,PS,PS,2,0,19,69362,17,PS,PS,PS,PS,PS,PS,PS,PS,PS,PS,43799,83343,60801,111527
219602,003478,Austin Peay State University,Public,1,5208,Finance and Financial Management Services.,3,Bachelor's Degree,25,28,20,22238,17500,17,22333,PS,PS,PS,PS,PS,PS,PS,PS,PS,PS,PS,PS,PS,PS,PS,PS,PS,PS,PS,PS,PS,PS,PS,PS,PS,PS,PS,PS,PS,PS,PS,PS,PS,PS,PS,PS,PS,PS,PS,PS,PS,PS,PS,PS,PS,PS,PS,PS,PS,PS,PS,PS,PS,PS,PS,PS,PS,186,PS,1,PS,PS,PS,PS,PS,PS,PS,PS,PS,PS,PS,PS,PS,PS,PS,PS,PS,PS,PS,PS,PS,PS,PS,PS,PS,PS,PS,PS,PS,PS,PS,PS,PS,PS,PS,PS,PS,PS,PS,PS,PS,PS,PS,PS,PS,3,21,48264,16,PS,17,PS,24,71567,PS,PS,PS,PS,PS,PS,PS,PS,PS,PS,PS,16,PS,PS,PS,PS,PS,PS,PS,PS,PS,PS,PS,PS,PS,PS,PS,PS,PS,2,PS,PS,PS,PS,PS,PS,PS,PS,PS,PS,PS,PS,PS,PS,43799,83343,60801,111527
219709,003479,Belmont University,"Private, nonprofit",1,5208,Finance and Financial Management Services.,3,Bachelor's Degree,21,19,11,19684,PS,10,20502,PS,PS,PS,PS,PS,PS,PS,PS,PS,PS,PS,PS,PS,PS,PS,PS,PS,PS,PS,PS,PS,PS,PS,PS,PS,PS,PS,PS,PS,PS,PS,PS,PS,PS,PS,PS,PS,PS,PS,PS,PS,PS,PS,PS,PS,PS,PS,PS,PS,PS,PS,PS,PS,PS,PS,PS,PS,PS,PS,0,PS,PS,PS,PS,PS,PS,PS,PS,PS,PS,PS,PS,PS,PS,PS,PS,PS,PS,PS,PS,PS,PS,PS,PS,PS,PS,PS,PS,PS,PS,PS,PS,PS,PS,PS,PS,PS,PS,PS,PS,PS,PS,PS,PS,PS,0,PS,PS,PS,PS,PS,0,16,124270,PS,PS,PS,PS,PS,PS,PS,PS,PS,PS,PS,11,PS,PS,PS,PS,PS,PS,PS,PS,PS,PS,PS,PS,PS,PS,PS,PS,PS,1,0,PS,PS,PS,PS,PS,PS,PS,PS,PS,PS,PS,PS,PS,43799,83343,60801,111527
219790,003536,Bryan College-Dayton,"Private, nonprofit",1,5208,Finance and Financial Management Services.,3,Bachelor's Degree,0,4,PS,PS,PS,PS,PS,PS,PS,PS,PS,PS,PS,PS,PS,PS,PS,PS,PS,PS,PS,PS,PS,PS,PS,PS,PS,PS,PS,PS,PS,PS,PS,PS,PS,PS,PS,PS,PS,PS,PS,PS,PS,PS,PS,PS,PS,PS,PS,PS,PS,PS,PS,PS,PS,PS,PS,PS,PS,PS,PS,PS,PS,PS,PS,PS,PS,PS,PS,PS,PS,PS,PS,PS,PS,PS,PS,PS,PS,PS,PS,PS,PS,PS,PS,PS,PS,PS,PS,PS,PS,PS,PS,PS,PS,PS,PS,PS,PS,PS,PS,PS,PS,PS,PS,PS,PS,PS,PS,PS,PS,PS,PS,PS,PS,PS,PS,PS,PS,PS,PS,PS,PS,PS,PS,PS,PS,PS,PS,PS,PS,PS,PS,PS,PS,PS,PS,PS,PS,PS,PS,PS,PS,PS,PS,PS,PS,PS,PS,PS,1,PS,PS,PS,PS,PS,PS,PS,PS,PS,PS,PS,PS,PS,PS,PS,PS,PS,PS
219806,003481,Carson-Newman University,"Private, nonprofit",1,5208,Finance and Financial Management Services.,3,Bachelor's Degree,6,4,PS,PS,PS,PS,PS,PS,PS,PS,PS,PS,PS,PS,PS,PS,PS,PS,PS,PS,PS,PS,PS,PS,PS,PS,PS,PS,PS,PS,PS,PS,PS,PS,PS,PS,PS,PS,PS,PS,PS,PS,PS,PS,PS,PS,PS,PS,PS,PS,PS,PS,PS,PS,PS,PS,PS,PS,PS,PS,PS,PS,PS,PS,PS,PS,0,PS,PS,PS,PS,PS,PS,PS,PS,PS,PS,PS,PS,PS,PS,PS,PS,PS,PS,PS,PS,PS,PS,PS,PS,PS,PS,PS,PS,PS,PS,PS,PS,PS,PS,PS,PS,PS,PS,PS,PS,PS,PS,PS,PS,PS,0,PS,PS,PS,PS,PS,0,PS,PS,PS,PS,PS,PS,PS,PS,PS,PS,PS,PS,PS,PS,PS,PS,PS,PS,PS,PS,PS,PS,PS,PS,PS,PS,PS,PS,PS,PS,PS,1,0,PS,PS,PS,PS,PS,PS,PS,PS,PS,PS,PS,PS,PS,43799,83343,60801,111527
219833,003482,Christian Brothers University,"Private, nonprofit",1,5208,Finance and Financial Management Services.,3,Bachelor's Degree,12,5,PS,PS,PS,PS,PS,PS,PS,PS,PS,PS,PS,PS,PS,PS,PS,PS,PS,PS,PS,PS,PS,PS,PS,PS,PS,PS,PS,PS,PS,PS,PS,PS,PS,PS,PS,PS,PS,PS,PS,PS,PS,PS,PS,PS,PS,PS,PS,PS,PS,PS,PS,PS,PS,PS,PS,PS,PS,PS,PS,PS,PS,PS,PS,PS,PS,PS,PS,PS,PS,PS,PS,PS,PS,PS,PS,PS,PS,PS,PS,PS,PS,PS,PS,PS,PS,PS,PS,PS,PS,PS,PS,PS,PS,PS,PS,PS,PS,PS,PS,PS,PS,PS,PS,PS,PS,PS,PS,PS,PS,PS,PS,PS,PS,PS,PS,PS,PS,PS,PS,PS,PS,PS,PS,PS,PS,PS,PS,PS,PS,PS,PS,PS,PS,PS,PS,PS,PS,PS,PS,PS,PS,PS,PS,PS,PS,PS,PS,PS,2,PS,PS,PS,PS,PS,PS,PS,PS,PS,PS,PS,PS,PS,PS,PS,PS,PS,PS
219976,003486,Lipscomb University,"Private, nonprofit",1,5208,Finance and Financial Management Services.,3,Bachelor's Degree,19,24,15,PS,PS,15,PS,PS,PS,PS,PS,PS,PS,PS,PS,PS,PS,PS,PS,PS,PS,PS,PS,PS,PS,PS,PS,PS,PS,PS,PS,PS,PS,PS,PS,PS,PS,PS,PS,PS,PS,PS,PS,PS,PS,PS,PS,PS,PS,PS,PS,PS,PS,PS,PS,PS,PS,PS,PS,PS,PS,PS,PS,PS,PS,PS,1,PS,PS,PS,PS,PS,PS,PS,11,PS,PS,PS,PS,PS,PS,PS,PS,11,PS,PS,PS,PS,PS,PS,PS,PS,PS,PS,PS,PS,PS,PS,PS,PS,PS,PS,PS,PS,PS,PS,PS,PS,PS,PS,PS,PS,2,PS,PS,PS,PS,PS,1,PS,PS,PS,PS,PS,PS,PS,PS,PS,PS,PS,PS,PS,10,PS,PS,PS,PS,PS,PS,PS,PS,11,PS,PS,PS,PS,PS,PS,PS,PS,1,2,PS,PS,PS,PS,PS,PS,PS,PS,PS,PS,PS,PS,PS,43799,83343,60801,111527
220075,003487,East Tennessee State University,Public,1,5208,Finance and Financial Management Services.,3,Bachelor's Degree,59,44,42,PS,18125,42,PS,17739,PS,PS,PS,PS,PS,PS,32,PS,PS,32,PS,PS,PS,PS,PS,PS,PS,PS,10,PS,PS,10,PS,PS,PS,PS,PS,PS,PS,PS,18,PS,PS,18,PS,PS,PS,PS,PS,PS,PS,PS,24,PS,PS,24,PS,PS,PS,PS,PS,PS,PS,PS,PS,PS,192,188,5,49,54,34285,3,26,29,38289,39,PS,PS,PS,PS,0.20 - 0.39,0.20 - 0.39,PS,PS,25,PS,PS,PS,PS,PS,PS,PS,PS,26,40870,23,37343,PS,PS,PS,PS,31,47504,27,24,25,49520,PS,PS,21,59183,PS,PS,2,49,39936,36,PS,40,2,64,58232,PS,22,57269,PS,PS,19,62923,PS,PS,PS,21,42,PS,PS,0.40 - 0.59,PS,0.20 - 0.39,PS,PS,PS,25,PS,PS,0.40 - 0.59,PS,PS,PS,PS,PS,1,2,33,64300,31,PS,PS,PS,PS,PS,PS,PS,PS,PS,26,43799,83343,60801,111527
220215,003492,Freed-Hardeman University,"Private, nonprofit",1,5208,Finance and Financial Management Services.,3,Bachelor's Degree,12,15,PS,PS,PS,PS,PS,PS,PS,PS,PS,PS,PS,PS,PS,PS,PS,PS,PS,PS,PS,PS,PS,PS,PS,PS,PS,PS,PS,PS,PS,PS,PS,PS,PS,PS,PS,PS,PS,PS,PS,PS,PS,PS,PS,PS,PS,PS,PS,PS,PS,PS,PS,PS,PS,PS,PS,PS,PS,PS,PS,PS,PS,PS,PS,PS,0,PS,PS,PS,PS,PS,PS,PS,PS,PS,PS,PS,PS,PS,PS,PS,PS,PS,PS,PS,PS,PS,PS,PS,PS,PS,PS,PS,PS,PS,PS,PS,PS,PS,PS,PS,PS,PS,PS,PS,PS,PS,PS,PS,PS,PS,0,PS,PS,PS,PS,PS,0,PS,PS,PS,PS,PS,PS,PS,PS,PS,PS,PS,PS,PS,PS,PS,PS,PS,PS,PS,PS,PS,PS,PS,PS,PS,PS,PS,PS,PS,PS,PS,1,0,PS,PS,PS,PS,PS,PS,PS,PS,PS,PS,PS,PS,PS,43799,83343,60801,111527
220552,004938,South College,"Private, for-profit",1,5208,Finance and Financial Management Services.,3,Bachelor's Degree,2,1,,,,,,,,,,,,,,,,,,,,,,,,,,,,,,,,,,,,,,,,,,,,,,,,,,,,,,,,,,,,,,,,,,,,,,,,,,,,,,,,,,,,,,,,,,,PS,PS,PS,PS,PS,PS,PS,PS,,,,,,,,,,,,,PS,PS,PS,PS,PS,PS,,PS,PS,,,,,,,,,,,,,,,,,,,,,,,,,,,,,,3,PS,PS,PS,PS,PS,PS,PS,PS,PS,PS,PS,PS,PS,PS,PS,PS,PS,PS
220613,003500,Lee University,"Private, nonprofit",1,5208,Finance and Financial Management Services.,3,Bachelor's Degree,13,12,,,,,,,,,,,,,,,,,,,,,,,,,,,,,,,,,,,,,,,,,,,,,,,,,,,,,,,,,,,,,,,,,,,,,,,,,,,,,,,,,,,,,,,,,,,PS,PS,PS,PS,PS,PS,PS,PS,,,,,,,,,,,,,PS,PS,PS,PS,PS,PS,,PS,PS,,,,,,,,,,,,,,,,,,,,,,,,,,,,,,1,PS,PS,PS,PS,PS,PS,PS,PS,PS,PS,PS,PS,PS,PS,PS,PS,PS,PS
220631,003502,Lincoln Memorial University,"Private, nonprofit",1,5208,Finance and Financial Management Services.,3,Bachelor's Degree,5,5,PS,PS,PS,PS,PS,PS,PS,PS,PS,PS,PS,PS,PS,PS,PS,PS,PS,PS,PS,PS,PS,PS,PS,PS,PS,PS,PS,PS,PS,PS,PS,PS,PS,PS,PS,PS,PS,PS,PS,PS,PS,PS,PS,PS,PS,PS,PS,PS,PS,PS,PS,PS,PS,PS,PS,PS,PS,PS,PS,PS,PS,PS,PS,PS,0,PS,PS,PS,PS,PS,PS,PS,PS,PS,PS,PS,PS,PS,PS,PS,PS,PS,PS,PS,PS,PS,PS,PS,PS,PS,PS,PS,PS,PS,PS,PS,PS,PS,PS,PS,PS,PS,PS,PS,PS,PS,PS,PS,PS,PS,1,PS,PS,PS,PS,PS,PS,PS,PS,PS,PS,PS,PS,PS,PS,PS,PS,PS,PS,PS,PS,PS,PS,PS,PS,PS,PS,PS,PS,PS,PS,PS,PS,PS,PS,PS,PS,PS,1,PS,PS,PS,PS,PS,PS,PS,PS,PS,PS,PS,PS,PS,PS,43799,83343,60801,111527
220710,003505,Maryville College,"Private, nonprofit",1,5208,Finance and Financial Management Services.,3,Bachelor's Degree,,,PS,PS,PS,PS,PS,PS,PS,PS,PS,PS,PS,PS,PS,PS,PS,PS,PS,PS,PS,PS,PS,PS,PS,PS,PS,PS,PS,PS,PS,PS,PS,PS,PS,PS,PS,PS,PS,PS,PS,PS,PS,PS,PS,PS,PS,PS,PS,PS,PS,PS,PS,PS,PS,PS,PS,PS,PS,PS,PS,PS,PS,PS,PS,PS,1,PS,PS,PS,PS,PS,PS,PS,12,PS,PS,PS,PS,PS,PS,PS,PS,PS,PS,PS,PS,PS,PS,PS,PS,PS,PS,PS,PS,PS,PS,PS,PS,PS,PS,PS,PS,PS,PS,PS,PS,PS,PS,PS,PS,PS,PS,PS,PS,PS,PS,PS,0,PS,PS,PS,PS,PS,PS,PS,PS,PS,PS,PS,PS,PS,PS,PS,PS,PS,PS,PS,PS,PS,PS,PS,PS,PS,PS,PS,PS,PS,PS,PS,0,0,PS,PS,PS,PS,PS,PS,PS,PS,PS,PS,PS,PS,PS,43799,83343,60801,111527
220862,003509,University of Memphis,Public,1,5208,Finance and Financial Management Services.,3,Bachelor's Degree,102,100,93,26893,27000,90,25057,23550,PS,PS,PS,PS,PS,PS,65,24514,23251,62,22129,18375,PS,PS,PS,PS,PS,PS,28,PS,30932,28,PS,30932,PS,PS,PS,PS,PS,PS,70,28555,28020,68,26461,25000,PS,PS,PS,PS,PS,PS,23,21832,20500,22,20719,18875,PS,PS,PS,PS,PS,PS,PS,PS,286,250,3,93,97,42738,2,53,59,44468,89,<=0.20,<=0.20,0.20 - 0.39,<=0.20,0.20 - 0.39,0.20 - 0.39,<=0.20,<=0.20,70,<=0.20,<=0.20,0.20 - 0.39,<=0.20,<=0.20,0.20 - 0.39,<=0.20,<=0.20,69,44494,20,34942,65,44467,25,38185,58,50997,52,48,38,44360,20,55916,39,52941,19,50018,3,90,44395,63,PS,70,2,93,65132,PS,42,51884,19,64465,40,62250,21,50886,PS,45,87,<=0.20,<=0.20,0.60 - 0.79,<=0.20,<=0.20,<=0.20,<=0.20,<=0.20,70,<=0.20,<=0.20,0.60 - 0.79,<=0.20,<=0.20,<=0.20,0.20 - 0.39,<=0.20,3,2,62,63377,55,44,58229,18,71324,38,71390,24,48006,PS,46,43799,83343,60801,111527
220978,003510,Middle Tennessee State University,Public,1,5208,Finance and Financial Management Services.,3,Bachelor's Degree,94,85,73,21836,22700,68,20870,21250,14,18210,PS,11,18488,PS,46,21928,21500,42,21475,22250,PS,PS,PS,PS,PS,PS,27,21679,22798,26,19893,20355,PS,PS,PS,PS,PS,PS,45,23486,24500,43,21109,17298,PS,PS,PS,PS,PS,PS,28,19185,21454,25,20459,22500,PS,PS,PS,PS,PS,PS,PS,PS,241,225,2,77,83,44271,3,57,61,41789,64,<=0.20,<=0.20,0.20 - 0.39,<=0.20,<=0.20,0.20 - 0.39,<=0.20,<=0.20,64,<=0.20,<=0.20,0.20 - 0.39,<=0.20,0.20 - 0.39,<=0.20,<=0.20,<=0.20,50,45451,29,49117,55,47067,24,44605,59,45765,55,53,49,46112,PS,PS,32,49078,27,43639,1,80,46505,64,PS,76,2,87,66701,PS,49,54340,PS,PS,31,53580,26,50686,PS,49,74,<=0.20,<=0.20,0.40 - 0.59,<=0.20,<=0.20,0.20 - 0.39,<=0.20,<=0.20,64,<=0.20,<=0.20,0.40 - 0.59,<=0.20,<=0.20,<=0.20,0.20 - 0.39,<=0.20,1,2,51,63083,46,PS,PS,PS,PS,28,64891,25,60955,PS,43,43799,83343,60801,111527
221519,003534,The University of the South,"Private, nonprofit",1,5208,Finance and Financial Management Services.,3,Bachelor's Degree,12,15,PS,PS,PS,PS,PS,PS,PS,PS,PS,PS,PS,PS,PS,PS,PS,PS,PS,PS,PS,PS,PS,PS,PS,PS,PS,PS,PS,PS,PS,PS,PS,PS,PS,PS,PS,PS,PS,PS,PS,PS,PS,PS,PS,PS,PS,PS,PS,PS,PS,PS,PS,PS,PS,PS,PS,PS,PS,PS,PS,PS,PS,PS,PS,PS,PS,PS,PS,PS,,,,,PS,PS,PS,PS,PS,PS,PS,PS,PS,PS,PS,PS,PS,PS,PS,PS,PS,PS,PS,PS,PS,PS,PS,PS,PS,PS,PS,PS,PS,PS,PS,PS,PS,PS,PS,PS,PS,PS,PS,PS,PS,PS,PS,PS,PS,PS,PS,PS,PS,PS,PS,PS,PS,PS,PS,PS,PS,PS,PS,PS,PS,PS,PS,PS,PS,PS,PS,PS,PS,PS,PS,PS,PS,PS,PS,PS,1,PS,PS,PS,PS,PS,PS,PS,PS,PS,PS,PS,PS,PS,PS,PS,PS,PS,PS
221661,003518,Southern Adventist University,"Private, nonprofit",1,5208,Finance and Financial Management Services.,3,Bachelor's Degree,6,6,PS,PS,PS,PS,PS,PS,PS,PS,PS,PS,PS,PS,PS,PS,PS,PS,PS,PS,PS,PS,PS,PS,PS,PS,PS,PS,PS,PS,PS,PS,PS,PS,PS,PS,PS,PS,PS,PS,PS,PS,PS,PS,PS,PS,PS,PS,PS,PS,PS,PS,PS,PS,PS,PS,PS,PS,PS,PS,PS,PS,PS,PS,PS,PS,0,PS,PS,PS,PS,PS,PS,PS,PS,PS,PS,PS,PS,PS,PS,PS,PS,PS,PS,PS,PS,PS,PS,PS,PS,PS,PS,PS,PS,PS,PS,PS,PS,PS,PS,PS,PS,PS,PS,PS,PS,PS,PS,PS,PS,PS,1,PS,PS,PS,PS,PS,1,PS,PS,PS,PS,PS,PS,PS,PS,PS,PS,PS,PS,PS,PS,PS,PS,PS,PS,PS,PS,PS,PS,PS,PS,PS,PS,PS,PS,PS,PS,PS,1,0,PS,PS,PS,PS,PS,PS,PS,PS,PS,PS,PS,PS,PS,43799,83343,60801,111527
221731,003525,Tennessee Wesleyan University,"Private, nonprofit",1,5208,Finance and Financial Management Services.,3,Bachelor's Degree,9,7,PS,PS,PS,PS,PS,PS,PS,PS,PS,PS,PS,PS,PS,PS,PS,PS,PS,PS,PS,PS,PS,PS,PS,PS,PS,PS,PS,PS,PS,PS,PS,PS,PS,PS,PS,PS,PS,PS,PS,PS,PS,PS,PS,PS,PS,PS,PS,PS,PS,PS,PS,PS,PS,PS,PS,PS,PS,PS,PS,PS,PS,PS,PS,PS,PS,PS,PS,PS,PS,PS,PS,PS,PS,PS,PS,PS,PS,PS,PS,PS,PS,PS,PS,PS,PS,PS,PS,PS,PS,PS,PS,PS,PS,PS,PS,PS,PS,PS,PS,PS,PS,PS,PS,PS,PS,PS,PS,PS,PS,PS,PS,PS,PS,PS,PS,PS,0,PS,PS,PS,PS,PS,PS,PS,PS,PS,PS,PS,PS,PS,PS,PS,PS,PS,PS,PS,PS,PS,PS,PS,PS,PS,PS,PS,PS,PS,PS,PS,1,0,PS,PS,PS,PS,PS,PS,PS,PS,PS,PS,PS,PS,PS,43799,83343,60801,111527
221740,003529,The University of Tennessee-Chattanooga,Public,1,5208,Finance and Financial Management Services.,3,Bachelor's Degree,66,85,PS,PS,PS,PS,PS,PS,PS,PS,PS,PS,PS,PS,PS,PS,PS,PS,PS,PS,PS,PS,PS,PS,PS,PS,PS,PS,PS,PS,PS,PS,PS,PS,PS,PS,PS,PS,PS,PS,PS,PS,PS,PS,PS,PS,PS,PS,PS,PS,PS,PS,PS,PS,PS,PS,PS,PS,PS,PS,PS,PS,PS,PS,PS,PS,PS,PS,PS,PS,,,,,PS,PS,PS,PS,PS,PS,PS,PS,PS,PS,PS,PS,PS,PS,PS,PS,PS,PS,PS,PS,PS,PS,PS,PS,PS,PS,PS,PS,PS,PS,PS,PS,PS,PS,PS,PS,PS,PS,0,PS,PS,PS,PS,PS,PS,PS,PS,PS,PS,PS,PS,PS,PS,PS,PS,PS,PS,PS,PS,PS,PS,PS,PS,PS,PS,PS,PS,PS,PS,PS,PS,PS,PS,PS,PS,PS,1,PS,PS,PS,PS,PS,PS,PS,PS,PS,PS,PS,PS,PS,PS,PS,PS,PS,PS
221759,003530,The University of Tennessee-Knoxville,Public,1,5208,Finance and Financial Management Services.,3,Bachelor's Degree,198,246,185,21043,23250,183,19707,20500,40,PS,54464,40,PS,51565,136,21148,23144,134,20036,21000,30,PS,PS,30,PS,PS,49,PS,23250,49,PS,20500,10,PS,PS,10,PS,PS,81,23770,25000,80,21647,21553,14,PS,PS,14,PS,PS,104,18919,20500,103,18200,19500,26,PS,PS,26,PS,PS,648,613,246,217,2,111,118,47575,3,66,74,50105,95,<=0.20,<=0.20,<=0.20,<=0.20,<=0.20,0.40 - 0.59,<=0.20,<=0.20,82,<=0.20,<=0.20,<=0.20,<=0.20,<=0.20,0.20 - 0.39,0.20 - 0.39,<=0.20,98,50387,112,55177,152,54805,58,52123,81,55459,70,66,49,52929,31,56811,61,54111,19,69209,8,210,53826,169,PS,161,3,174,83793,PS,46,65382,32,74010,59,66664,21,73576,PS,52,141,<=0.10,<=0.10,0.60 - 0.69,<=0.10,<=0.10,0.10 - 0.19,<=0.10,<=0.10,82,<=0.20,<=0.20,0.40 - 0.59,<=0.20,<=0.20,<=0.20,0.20 - 0.39,<=0.20,1,5,77,78862,66,45,71119,32,85841,57,71941,20,87375,PS,52,43799,83343,60801,111527
221768,003531,The University of Tennessee-Martin,Public,1,5208,Finance and Financial Management Services.,3,Bachelor's Degree,38,33,47,21445,20500,45,21634,20251,PS,PS,PS,PS,PS,PS,27,20499,19500,26,20619,17725,PS,PS,PS,PS,PS,PS,20,22722,26000,19,23022,25000,PS,PS,PS,PS,PS,PS,23,PS,27500,23,PS,27000,PS,PS,PS,PS,PS,PS,24,17139,19091,22,17658,19091,PS,PS,PS,PS,PS,PS,PS,PS,217,215,1,48,54,38555,2,41,45,42682,41,PS,PS,0.20 - 0.39,PS,PS,0.20 - 0.39,PS,PS,46,PS,PS,0.20 - 0.39,PS,PS,0.20 - 0.39,PS,PS,28,38554,24,51950,32,46251,20,45049,51,45563,45,42,36,41158,PS,PS,33,45706,18,41256,1,51,45325,39,PS,43,0,50,64840,PS,36,47706,PS,PS,33,48333,18,51927,PS,43,39,PS,PS,0.40 - 0.59,PS,PS,PS,PS,PS,46,PS,PS,0.60 - 0.79,PS,PS,PS,PS,PS,1,0,52,58503,45,37,56373,16,64657,34,57811,18,58488,PS,44,43799,83343,60801,111527
221847,003523,Tennessee Technological University,Public,1,5208,Finance and Financial Management Services.,3,Bachelor's Degree,42,43,36,PS,16087,36,PS,16087,PS,PS,PS,PS,PS,PS,26,PS,PS,26,PS,PS,PS,PS,PS,PS,PS,PS,10,PS,PS,10,PS,PS,PS,PS,PS,PS,PS,PS,19,PS,PS,19,PS,PS,PS,PS,PS,PS,PS,PS,17,PS,PS,17,PS,PS,PS,PS,PS,PS,PS,PS,PS,PS,171,171,1,34,41,40289,1,28,32,36992,33,PS,PS,PS,PS,PS,0.40 - 0.59,PS,PS,31,PS,PS,PS,PS,PS,0.20 - 0.39,PS,PS,PS,PS,PS,PS,PS,PS,PS,PS,32,47878,29,29,24,43822,PS,PS,25,48030,PS,PS,5,39,41176,30,PS,36,0,48,66535,PS,25,48653,PS,PS,25,52463,PS,PS,PS,27,30,PS,PS,0.40 - 0.59,PS,PS,PS,PS,PS,31,PS,PS,0.40 - 0.59,PS,PS,PS,PS,PS,1,0,35,61956,34,PS,PS,PS,PS,PS,PS,PS,PS,PS,29,43799,83343,60801,111527
221971,003528,Union University,"Private, nonprofit",1,5208,Finance and Financial Management Services.,3,Bachelor's Degree,2,3,,,,,,,,,,,,,,,,,,,,,,,,,,,,,,,,,,,,,,,,,,,,,,,,,,,,,,,,,,,,,,,,,,,,,,,,,,,,,,,,,,,,,,,,,,,,,,,,,,,,,,,,,,,,,,,,,,,,,,PS,PS,,,,,,,,,,,,,,,,,,,,,,,,,,,,,,1,,,,,,,,,,,,,,,PS,PS,PS,PS
222178,003537,Abilene Christian University,"Private, nonprofit",1,5208,Finance and Financial Management Services.,3,Bachelor's Degree,27,37,46,PS,22406,46,PS,22375,PS,PS,PS,PS,PS,PS,33,PS,PS,33,PS,PS,PS,PS,PS,PS,PS,PS,13,PS,PS,13,PS,PS,PS,PS,PS,PS,PS,PS,16,PS,PS,16,PS,PS,PS,PS,PS,PS,PS,PS,30,PS,PS,30,PS,PS,PS,PS,PS,PS,PS,PS,PS,PS,238,237,2,PS,PS,PS,2,15,17,57318,15,PS,PS,PS,PS,PS,PS,PS,PS,19,PS,PS,PS,PS,PS,PS,PS,PS,19,44094,27,59942,PS,PS,PS,PS,PS,PS,PS,PS,PS,PS,PS,PS,PS,PS,PS,PS,0,46,53590,39,PS,43,2,26,83525,PS,PS,PS,PS,PS,17,79664,PS,PS,PS,19,41,PS,PS,0.40 - 0.59,PS,PS,PS,PS,PS,19,PS,PS,PS,PS,PS,PS,PS,PS,3,2,21,93291,19,PS,PS,PS,PS,PS,PS,PS,PS,PS,21,43799,83343,60801,111527
222831,003541,Angelo State University,Public,1,5208,Finance and Financial Management Services.,3,Bachelor's Degree,29,26,24,PS,18809,24,PS,17950,PS,PS,PS,PS,PS,PS,13,PS,PS,13,PS,PS,PS,PS,PS,PS,PS,PS,11,PS,PS,11,PS,PS,PS,PS,PS,PS,PS,PS,PS,PS,PS,PS,PS,PS,PS,PS,PS,PS,PS,PS,PS,PS,PS,PS,PS,PS,PS,PS,PS,PS,PS,PS,PS,PS,199,190,0,PS,PS,PS,PS,PS,PS,PS,PS,PS,PS,PS,PS,PS,PS,PS,PS,PS,PS,PS,PS,PS,PS,PS,PS,PS,PS,PS,PS,PS,PS,PS,PS,PS,PS,PS,PS,PS,PS,PS,PS,PS,PS,PS,PS,PS,0,20,42309,PS,PS,19,0,24,61740,PS,PS,PS,PS,PS,PS,PS,PS,PS,PS,PS,19,PS,PS,PS,PS,PS,PS,PS,PS,PS,PS,PS,PS,PS,PS,PS,PS,PS,1,1,PS,PS,PS,PS,PS,PS,PS,PS,PS,PS,PS,PS,PS,43799,83343,60801,111527
222983,003543,Austin College,"Private, nonprofit",1,5208,Finance and Financial Management Services.,3,Bachelor's Degree,26,29,21,PS,26000,21,PS,26000,14,PS,PS,14,PS,PS,PS,PS,PS,PS,PS,PS,PS,PS,PS,PS,PS,PS,PS,PS,PS,PS,PS,PS,PS,PS,PS,PS,PS,PS,PS,PS,PS,PS,PS,PS,PS,PS,PS,PS,PS,PS,PS,PS,PS,PS,PS,PS,PS,PS,PS,PS,PS,PS,PS,PS,276,276,0,16,19,50108,PS,PS,PS,PS,12,PS,PS,PS,PS,PS,PS,PS,PS,PS,PS,PS,PS,PS,PS,PS,PS,PS,PS,PS,PS,PS,PS,PS,PS,PS,PS,PS,PS,PS,PS,PS,PS,PS,PS,PS,PS,PS,1,20,38592,PS,PS,20,0,32,81613,PS,PS,PS,PS,PS,PS,PS,PS,PS,PS,PS,26,PS,PS,0.40 - 0.59,PS,PS,PS,PS,PS,PS,PS,PS,PS,PS,PS,PS,PS,PS,1,0,PS,PS,PS,PS,PS,PS,PS,PS,PS,PS,PS,PS,PS,43799,83343,60801,111527
223232,003545,Baylor University,"Private, nonprofit",1,5208,Finance and Financial Management Services.,3,Bachelor's Degree,181,188,111,PS,23000,111,PS,21500,22,PS,73251,22,PS,73251,85,PS,21500,85,PS,21375,PS,PS,PS,PS,PS,PS,26,PS,23250,26,PS,22780,PS,PS,PS,PS,PS,PS,43,PS,25225,43,PS,24596,PS,PS,PS,PS,PS,PS,68,PS,19982,68,PS,19500,PS,PS,PS,PS,PS,PS,871,871,244,228,0,97,99,60896,2,101,105,59425,86,<=0.20,<=0.20,<=0.20,<=0.20,<=0.20,0.40 - 0.59,<=0.20,<=0.20,100,<=0.20,<=0.20,<=0.20,<=0.20,<=0.20,0.40 - 0.59,0.20 - 0.39,<=0.20,45,63250,72,71071,89,66494,28,74108,107,74337,101,97,43,70763,65,74954,80,76812,27,60574,3,117,67909,101,PS,98,4,121,102812,PS,42,82945,64,87079,79,90886,28,67854,PS,80,106,<=0.10,<=0.10,0.40 - 0.49,<=0.10,<=0.10,0.10 - 0.19,0.20 - 0.29,<=0.10,100,<=0.20,<=0.20,0.40 - 0.59,<=0.20,<=0.20,<=0.20,0.20 - 0.39,<=0.20,1,0,112,98333,102,45,90813,67,105842,81,111536,31,75666,PS,83,43799,83343,60801,111527
224147,011161,Texas A & M University-Corpus Christi,Public,1,5208,Finance and Financial Management Services.,3,Bachelor's Degree,44,41,36,23779,22750,30,21324,19750,15,29546,PS,14,29393,PS,24,22087,PS,19,20144,PS,PS,PS,PS,PS,PS,PS,12,27162,PS,11,23363,PS,PS,PS,PS,PS,PS,PS,19,29021,PS,18,22353,PS,PS,PS,PS,PS,PS,PS,17,17920,PS,12,19782,PS,PS,PS,PS,PS,PS,PS,PS,PS,241,209,2,33,38,37264,0,24,26,47729,37,PS,PS,0.20 - 0.39,PS,0.20 - 0.39,PS,PS,PS,28,PS,PS,0.20 - 0.39,PS,PS,PS,PS,PS,PS,PS,PS,PS,PS,PS,PS,PS,PS,PS,PS,PS,PS,PS,PS,PS,PS,PS,PS,PS,2,31,36656,24,PS,29,PS,38,66917,PS,PS,PS,PS,PS,PS,PS,PS,PS,PS,PS,28,PS,PS,0.40 - 0.59,PS,PS,PS,PS,PS,28,PS,PS,PS,PS,PS,PS,PS,PS,1,2,25,75797,22,PS,PS,PS,PS,PS,PS,PS,PS,PS,23,43799,83343,60801,111527
224226,003560,Dallas Baptist University,"Private, nonprofit",1,5208,Finance and Financial Management Services.,3,Bachelor's Degree,23,34,33,PS,22922,33,PS,20500,PS,PS,PS,PS,PS,PS,19,PS,PS,19,PS,PS,PS,PS,PS,PS,PS,PS,14,PS,PS,14,PS,PS,PS,PS,PS,PS,PS,PS,14,PS,PS,14,PS,PS,PS,PS,PS,PS,PS,PS,19,PS,PS,19,PS,PS,PS,PS,PS,PS,PS,PS,PS,PS,243,217,3,23,26,51912,2,17,19,50439,24,PS,PS,0.40 - 0.59,PS,PS,PS,PS,PS,18,PS,PS,PS,PS,PS,PS,PS,PS,PS,PS,PS,PS,PS,PS,PS,PS,22,50177,18,18,PS,PS,PS,PS,16,46316,PS,PS,2,33,51444,22,PS,31,0,36,78870,PS,PS,PS,PS,PS,PS,PS,PS,PS,PS,22,24,PS,PS,PS,PS,PS,PS,PS,PS,18,PS,PS,PS,PS,PS,PS,PS,PS,2,0,24,64333,20,PS,PS,PS,PS,PS,PS,PS,PS,PS,23,43799,83343,60801,111527
224527,003564,East Texas Baptist University,"Private, nonprofit",1,5208,Finance and Financial Management Services.,3,Bachelor's Degree,10,16,PS,PS,PS,PS,PS,PS,PS,PS,PS,PS,PS,PS,PS,PS,PS,PS,PS,PS,PS,PS,PS,PS,PS,PS,PS,PS,PS,PS,PS,PS,PS,PS,PS,PS,PS,PS,PS,PS,PS,PS,PS,PS,PS,PS,PS,PS,PS,PS,PS,PS,PS,PS,PS,PS,PS,PS,PS,PS,PS,PS,PS,PS,PS,PS,PS,PS,PS,PS,,,,,PS,PS,PS,PS,PS,PS,PS,PS,PS,PS,PS,PS,PS,PS,PS,PS,PS,PS,PS,PS,PS,PS,PS,PS,PS,PS,PS,PS,PS,PS,PS,PS,PS,PS,PS,PS,PS,PS,PS,PS,PS,PS,PS,PS,PS,PS,PS,PS,PS,PS,PS,PS,PS,PS,PS,PS,PS,PS,PS,PS,PS,PS,PS,PS,PS,PS,PS,PS,PS,PS,PS,PS,PS,PS,PS,PS,1,PS,PS,PS,PS,PS,PS,PS,PS,PS,PS,PS,PS,PS,PS,PS,PS,PS,PS
224554,003565,East Texas A&M University,Public,1,5208,Finance and Financial Management Services.,3,Bachelor's Degree,28,27,36,26229,23809,34,25339,25000,PS,PS,PS,PS,PS,PS,13,24329,PS,12,24181,PS,PS,PS,PS,PS,PS,PS,23,27304,PS,22,25971,PS,PS,PS,PS,PS,PS,PS,PS,PS,PS,PS,PS,PS,PS,PS,PS,PS,PS,PS,PS,PS,PS,PS,PS,PS,PS,PS,PS,PS,PS,PS,PS,PS,252,265,2,PS,PS,PS,1,7,12,24912,22,PS,PS,PS,PS,PS,PS,PS,PS,18,PS,PS,PS,PS,PS,PS,PS,PS,PS,PS,PS,PS,PS,PS,PS,PS,PS,PS,PS,PS,PS,PS,PS,PS,PS,PS,PS,PS,1,26,52898,18,PS,25,1,38,72682,PS,PS,PS,PS,PS,PS,PS,PS,PS,PS,PS,25,PS,PS,PS,PS,PS,PS,PS,PS,18,PS,PS,PS,PS,PS,PS,PS,PS,2,2,PS,PS,PS,PS,PS,PS,PS,PS,PS,PS,PS,PS,PS,43799,83343,60801,111527
225247,003571,Hardin-Simmons University,"Private, nonprofit",1,5208,Finance and Financial Management Services.,3,Bachelor's Degree,7,10,17,19974,PS,16,19201,PS,PS,PS,PS,PS,PS,PS,PS,PS,PS,PS,PS,PS,PS,PS,PS,PS,PS,PS,PS,PS,PS,PS,PS,PS,PS,PS,PS,PS,PS,PS,PS,PS,PS,PS,PS,PS,PS,PS,PS,PS,PS,PS,PS,PS,PS,PS,PS,PS,PS,PS,PS,PS,PS,PS,PS,PS,PS,PS,0,PS,PS,PS,PS,PS,PS,PS,PS,PS,PS,PS,PS,PS,PS,PS,PS,PS,PS,PS,PS,PS,PS,PS,PS,PS,PS,PS,PS,PS,PS,PS,PS,PS,PS,PS,PS,PS,PS,PS,PS,PS,PS,PS,PS,PS,2,PS,PS,PS,PS,PS,0,17,72425,PS,PS,PS,PS,PS,PS,PS,PS,PS,PS,PS,17,PS,PS,PS,PS,PS,PS,PS,PS,PS,PS,PS,PS,PS,PS,PS,PS,PS,1,0,PS,PS,PS,PS,PS,PS,PS,PS,PS,PS,PS,PS,PS,43799,83343,60801,111527
225399,003576,Houston Christian University,"Private, nonprofit",1,5208,Finance and Financial Management Services.,3,Bachelor's Degree,16,15,12,PS,PS,12,PS,PS,PS,PS,PS,PS,PS,PS,PS,PS,PS,PS,PS,PS,PS,PS,PS,PS,PS,PS,PS,PS,PS,PS,PS,PS,PS,PS,PS,PS,PS,PS,PS,PS,PS,PS,PS,PS,PS,PS,PS,PS,PS,PS,PS,PS,PS,PS,PS,PS,PS,PS,PS,PS,PS,PS,PS,PS,PS,PS,1,PS,PS,PS,1,11,12,48041,11,PS,PS,PS,PS,PS,PS,PS,PS,12,PS,PS,PS,PS,PS,PS,PS,PS,PS,PS,PS,PS,PS,PS,PS,PS,PS,PS,PS,PS,PS,PS,PS,PS,PS,PS,PS,PS,1,PS,PS,PS,PS,PS,1,PS,PS,PS,PS,PS,PS,PS,PS,PS,PS,PS,PS,PS,PS,PS,PS,PS,PS,PS,PS,PS,PS,12,PS,PS,PS,PS,PS,PS,PS,PS,1,1,PS,PS,PS,PS,PS,PS,PS,PS,PS,PS,PS,PS,PS,43799,83343,60801,111527
225414,011711,University of Houston-Clear Lake,Public,1,5208,Finance and Financial Management Services.,3,Bachelor's Degree,45,52,46,24244,23125,43,20722,19250,PS,PS,PS,PS,PS,PS,26,25096,26625,25,21618,PS,PS,PS,PS,PS,PS,PS,20,23137,21750,18,19478,PS,PS,PS,PS,PS,PS,PS,31,24083,PS,30,18953,PS,PS,PS,PS,PS,PS,PS,15,24577,PS,13,24805,PS,PS,PS,PS,PS,PS,PS,PS,PS,245,204,5,38,44,48830,3,32,36,50717,33,PS,PS,PS,PS,0.20 - 0.39,PS,PS,PS,28,PS,PS,PS,PS,PS,0.20 - 0.39,PS,PS,PS,PS,PS,PS,31,43564,25,42185,38,51006,34,30,28,51180,PS,PS,24,56779,PS,PS,5,56,43416,43,PS,54,3,48,74949,PS,27,58240,PS,PS,22,67410,PS,PS,PS,35,43,PS,PS,0.60 - 0.79,PS,PS,PS,PS,PS,28,PS,PS,0.60 - 0.79,PS,PS,PS,PS,PS,1,3,36,64524,36,PS,PS,PS,PS,PS,PS,PS,PS,PS,36,43799,83343,60801,111527
225432,003612,University of Houston-Downtown,Public,1,5208,Finance and Financial Management Services.,3,Bachelor's Degree,171,130,144,26109,25000,130,20847,19545,12,10584,PS,PS,PS,PS,79,26866,25742,70,21180,22250,PS,PS,PS,PS,PS,PS,65,25189,23250,60,20459,18409,PS,PS,PS,PS,PS,PS,123,26856,25000,113,20721,PS,PS,PS,PS,PS,PS,PS,21,21730,20000,17,21682,PS,PS,PS,PS,PS,PS,PS,PS,PS,265,207,10,148,169,43449,14,111,124,49370,110,<=0.10,<=0.10,0.30 - 0.39,<=0.10,0.20 - 0.29,0.30 - 0.39,<=0.10,<=0.10,110,<=0.10,<=0.10,0.20 - 0.29,<=0.10,0.10 - 0.19,0.30 - 0.39,<=0.10,<=0.10,145,44340,18,66770,84,49328,77,43568,133,51455,125,112,111,49316,22,74771,81,45312,53,58041,8,162,47108,122,PS,154,14,151,66591,107,107,59731,20,87751,74,59299,54,61692,PS,125,108,<=0.10,<=0.10,0.70 - 0.79,<=0.10,<=0.10,<=0.10,<=0.10,<=0.10,110,<=0.10,<=0.10,0.50 - 0.59,<=0.10,<=0.10,0.10 - 0.19,<=0.10,<=0.10,3,13,128,77451,108,110,70842,19,103949,73,79460,55,76818,PS,121,43799,83343,60801,111527
225502,013231,Texas A&M University-Victoria,Public,1,5208,Finance and Financial Management Services.,3,Bachelor's Degree,30,37,35,24141,17702,30,18265,16625,PS,PS,PS,PS,PS,PS,12,28339,PS,11,21004,PS,PS,PS,PS,PS,PS,PS,23,21951,PS,19,16678,PS,PS,PS,PS,PS,PS,PS,PS,PS,PS,PS,PS,PS,PS,PS,PS,PS,PS,PS,PS,PS,PS,PS,PS,PS,PS,PS,PS,PS,PS,PS,PS,PS,188,176,3,PS,PS,PS,2,21,24,49019,21,PS,PS,PS,PS,PS,PS,PS,PS,20,PS,PS,PS,PS,PS,PS,PS,PS,PS,PS,PS,PS,PS,PS,PS,PS,25,51437,23,20,21,49260,PS,PS,PS,PS,PS,PS,3,25,50812,22,PS,25,2,38,80774,PS,20,54456,PS,PS,PS,PS,PS,PS,PS,22,25,PS,PS,PS,PS,PS,PS,PS,PS,20,PS,PS,0.40 - 0.59,PS,PS,PS,PS,PS,1,2,25,64724,25,PS,PS,PS,PS,PS,PS,PS,PS,PS,24,43799,83343,60801,111527
225511,003652,University of Houston,Public,1,5208,Finance and Financial Management Services.,3,Bachelor's Degree,412,381,310,18237,17875,294,17000,15611,31,20365,11731,16,24931,PS,175,18183,18250,163,16870,15573,18,17656,PS,PS,PS,PS,135,18306,17500,131,17162,15650,13,24117,PS,PS,PS,PS,209,18133,16750,197,16920,15500,15,13611,PS,PS,PS,PS,101,18451,18750,97,17163,15800,16,26698,PS,PS,PS,PS,139,PS,190,166,19,216,255,45390,17,212,241,49962,233,<=0.05,<=0.05,0.20 - 0.24,0.05 - 0.09,0.10 - 0.14,0.35 - 0.39,0.15 - 0.19,<=0.05,226,<=0.05,<=0.05,0.20 - 0.24,<=0.05,0.10 - 0.14,0.35 - 0.39,0.15 - 0.19,<=0.05,258,53838,93,55809,202,54556,149,53575,255,54088,233,207,204,50738,50,68795,155,60066,100,47839,20,351,54041,273,PS,332,22,314,78009,202,187,66036,49,79736,148,73849,88,59976,PS,218,267,<=0.05,<=0.05,0.60 - 0.64,<=0.05,0.05 - 0.09,0.10 - 0.14,0.15 - 0.19,<=0.05,226,<=0.05,<=0.05,0.50 - 0.54,<=0.05,<=0.05,0.10 - 0.14,0.20 - 0.24,<=0.05,2,26,237,80588,215,187,76257,50,93517,151,87799,87,67929,PS,216,43799,83343,60801,111527
225548,003575,Howard Payne University,"Private, nonprofit",1,5208,Finance and Financial Management Services.,3,Bachelor's Degree,0,2,PS,PS,PS,PS,PS,PS,PS,PS,PS,PS,PS,PS,PS,PS,PS,PS,PS,PS,PS,PS,PS,PS,PS,PS,PS,PS,PS,PS,PS,PS,PS,PS,PS,PS,PS,PS,PS,PS,PS,PS,PS,PS,PS,PS,PS,PS,PS,PS,PS,PS,PS,PS,PS,PS,PS,PS,PS,PS,PS,PS,PS,PS,PS,PS,PS,PS,PS,PS,PS,PS,PS,PS,PS,PS,PS,PS,PS,PS,PS,PS,PS,PS,PS,PS,PS,PS,PS,PS,PS,PS,PS,PS,PS,PS,PS,PS,PS,PS,PS,PS,PS,PS,PS,PS,PS,PS,PS,PS,PS,PS,PS,PS,PS,PS,PS,PS,0,PS,PS,PS,PS,PS,PS,PS,PS,PS,PS,PS,PS,PS,PS,PS,PS,PS,PS,PS,PS,PS,PS,PS,PS,PS,PS,PS,PS,PS,PS,PS,1,0,PS,PS,PS,PS,PS,PS,PS,PS,PS,PS,PS,PS,PS,PS,PS,PS,PS
225627,003578,University of the Incarnate Word,"Private, nonprofit",1,5208,Finance and Financial Management Services.,3,Bachelor's Degree,21,14,PS,PS,PS,PS,PS,PS,PS,PS,PS,PS,PS,PS,PS,PS,PS,PS,PS,PS,PS,PS,PS,PS,PS,PS,PS,PS,PS,PS,PS,PS,PS,PS,PS,PS,PS,PS,PS,PS,PS,PS,PS,PS,PS,PS,PS,PS,PS,PS,PS,PS,PS,PS,PS,PS,PS,PS,PS,PS,PS,PS,PS,PS,PS,PS,PS,PS,PS,PS,PS,PS,PS,PS,PS,PS,PS,PS,PS,PS,PS,PS,PS,PS,PS,PS,PS,PS,PS,PS,PS,PS,PS,PS,PS,PS,PS,PS,PS,PS,PS,PS,PS,PS,PS,PS,PS,PS,PS,PS,PS,PS,PS,PS,PS,PS,PS,PS,PS,PS,PS,PS,PS,PS,PS,PS,PS,PS,PS,PS,PS,PS,PS,PS,PS,PS,PS,PS,PS,PS,PS,PS,PS,PS,PS,PS,PS,PS,PS,PS,2,PS,PS,PS,PS,PS,PS,PS,PS,PS,PS,PS,PS,PS,PS,PS,PS,PS,PS
226091,003581,Lamar University,Public,1,5208,Finance and Financial Management Services.,3,Bachelor's Degree,31,41,25,PS,20980,25,PS,19795,PS,PS,PS,PS,PS,PS,10,PS,PS,10,PS,PS,PS,PS,PS,PS,PS,PS,15,PS,PS,15,PS,PS,PS,PS,PS,PS,PS,PS,15,PS,PS,15,PS,PS,PS,PS,PS,PS,PS,PS,10,PS,PS,10,PS,PS,PS,PS,PS,PS,PS,PS,PS,PS,222,210,0,PS,PS,PS,2,11,13,42123,15,PS,PS,PS,PS,PS,PS,PS,PS,14,PS,PS,PS,PS,PS,PS,PS,PS,PS,PS,PS,PS,PS,PS,PS,PS,19,44024,17,PS,PS,PS,PS,PS,PS,PS,PS,PS,3,25,36325,PS,PS,24,0,26,63429,PS,PS,PS,PS,PS,PS,PS,PS,PS,PS,18,19,PS,PS,PS,PS,PS,PS,PS,PS,14,PS,PS,PS,PS,PS,PS,PS,PS,1,1,20,74494,18,PS,PS,PS,PS,PS,PS,PS,PS,PS,18,43799,83343,60801,111527
226152,009651,Texas A & M International University,Public,1,5208,Finance and Financial Management Services.,3,Bachelor's Degree,0,22,PS,PS,PS,PS,PS,PS,PS,PS,PS,PS,PS,PS,PS,PS,PS,PS,PS,PS,PS,PS,PS,PS,PS,PS,PS,PS,PS,PS,PS,PS,PS,PS,PS,PS,PS,PS,PS,PS,PS,PS,PS,PS,PS,PS,PS,PS,PS,PS,PS,PS,PS,PS,PS,PS,PS,PS,PS,PS,PS,PS,PS,PS,PS,PS,PS,PS,PS,PS,PS,PS,PS,PS,PS,PS,PS,PS,PS,PS,PS,PS,PS,PS,PS,PS,PS,PS,PS,PS,PS,PS,PS,PS,PS,PS,PS,PS,PS,PS,PS,PS,PS,PS,PS,PS,PS,PS,PS,PS,PS,PS,PS,PS,PS,PS,PS,PS,PS,PS,PS,PS,PS,PS,PS,PS,PS,PS,PS,PS,PS,PS,PS,PS,PS,PS,PS,PS,PS,PS,PS,PS,PS,PS,PS,PS,PS,PS,PS,PS,1,PS,PS,PS,PS,PS,PS,PS,PS,PS,PS,PS,PS,PS,PS,PS,PS,PS,PS
226231,003584,LeTourneau University,"Private, nonprofit",1,5208,Finance and Financial Management Services.,3,Bachelor's Degree,5,3,PS,PS,PS,PS,PS,PS,PS,PS,PS,PS,PS,PS,PS,PS,PS,PS,PS,PS,PS,PS,PS,PS,PS,PS,PS,PS,PS,PS,PS,PS,PS,PS,PS,PS,PS,PS,PS,PS,PS,PS,PS,PS,PS,PS,PS,PS,PS,PS,PS,PS,PS,PS,PS,PS,PS,PS,PS,PS,PS,PS,PS,PS,PS,PS,0,PS,PS,PS,PS,PS,PS,PS,PS,PS,PS,PS,PS,PS,PS,PS,PS,PS,PS,PS,PS,PS,PS,PS,PS,PS,PS,PS,PS,PS,PS,PS,PS,PS,PS,PS,PS,PS,PS,PS,PS,PS,PS,PS,PS,PS,0,PS,PS,PS,PS,PS,0,PS,PS,PS,PS,PS,PS,PS,PS,PS,PS,PS,PS,PS,PS,PS,PS,PS,PS,PS,PS,PS,PS,PS,PS,PS,PS,PS,PS,PS,PS,PS,2,0,PS,PS,PS,PS,PS,PS,PS,PS,PS,PS,PS,PS,PS,43799,83343,60801,111527
226383,003586,Lubbock Christian University,"Private, nonprofit",1,5208,Finance and Financial Management Services.,3,Bachelor's Degree,5,7,12,PS,PS,12,PS,PS,PS,PS,PS,PS,PS,PS,PS,PS,PS,PS,PS,PS,PS,PS,PS,PS,PS,PS,PS,PS,PS,PS,PS,PS,PS,PS,PS,PS,PS,PS,PS,PS,PS,PS,PS,PS,PS,PS,PS,PS,PS,PS,PS,PS,PS,PS,PS,PS,PS,PS,PS,PS,PS,PS,PS,PS,PS,PS,1,PS,PS,PS,2,10,11,33993,PS,PS,PS,PS,PS,PS,PS,PS,PS,11,PS,PS,PS,PS,PS,PS,PS,PS,PS,PS,PS,PS,PS,PS,PS,PS,PS,PS,PS,PS,PS,PS,PS,PS,PS,PS,PS,PS,0,PS,PS,PS,PS,PS,1,17,62348,PS,PS,PS,PS,PS,PS,PS,PS,PS,PS,PS,17,PS,PS,PS,PS,PS,PS,PS,PS,11,PS,PS,PS,PS,PS,PS,PS,PS,1,1,PS,PS,PS,PS,PS,PS,PS,PS,PS,PS,PS,PS,PS,43799,83343,60801,111527
226471,003588,University of Mary Hardin-Baylor,"Private, nonprofit",1,5208,Finance and Financial Management Services.,3,Bachelor's Degree,18,17,16,PS,PS,16,PS,PS,PS,PS,PS,PS,PS,PS,PS,PS,PS,PS,PS,PS,PS,PS,PS,PS,PS,PS,PS,PS,PS,PS,PS,PS,PS,PS,PS,PS,PS,PS,PS,PS,PS,PS,PS,PS,PS,PS,PS,PS,PS,PS,PS,PS,PS,PS,PS,PS,PS,PS,PS,PS,PS,PS,PS,PS,PS,PS,1,PS,PS,PS,PS,PS,PS,PS,13,PS,PS,PS,PS,PS,PS,PS,PS,PS,PS,PS,PS,PS,PS,PS,PS,PS,PS,PS,PS,PS,PS,PS,PS,PS,PS,PS,PS,PS,PS,PS,PS,PS,PS,PS,PS,PS,0,17,53751,PS,PS,PS,0,PS,PS,PS,PS,PS,PS,PS,PS,PS,PS,PS,PS,PS,17,PS,PS,PS,PS,PS,PS,PS,PS,PS,PS,PS,PS,PS,PS,PS,PS,PS,1,0,PS,PS,PS,PS,PS,PS,PS,PS,PS,PS,PS,PS,PS,43799,83343,60801,111527
226587,003591,McMurry University,"Private, nonprofit",1,5208,Finance and Financial Management Services.,3,Bachelor's Degree,6,3,PS,PS,PS,PS,PS,PS,PS,PS,PS,PS,PS,PS,PS,PS,PS,PS,PS,PS,PS,PS,PS,PS,PS,PS,PS,PS,PS,PS,PS,PS,PS,PS,PS,PS,PS,PS,PS,PS,PS,PS,PS,PS,PS,PS,PS,PS,PS,PS,PS,PS,PS,PS,PS,PS,PS,PS,PS,PS,PS,PS,PS,PS,PS,PS,0,PS,PS,PS,PS,PS,PS,PS,PS,PS,PS,PS,PS,PS,PS,PS,PS,PS,PS,PS,PS,PS,PS,PS,PS,PS,PS,PS,PS,PS,PS,PS,PS,PS,PS,PS,PS,PS,PS,PS,PS,PS,PS,PS,PS,PS,0,PS,PS,PS,PS,PS,1,PS,PS,PS,PS,PS,PS,PS,PS,PS,PS,PS,PS,PS,PS,PS,PS,PS,PS,PS,PS,PS,PS,PS,PS,PS,PS,PS,PS,PS,PS,PS,1,0,PS,PS,PS,PS,PS,PS,PS,PS,PS,PS,PS,PS,PS,43799,83343,60801,111527
226833,003592,Midwestern State University,Public,1,5208,Finance and Financial Management Services.,3,Bachelor's Degree,41,28,28,24403,23338,27,23875,23661,11,20962,PS,PS,PS,PS,PS,PS,PS,PS,PS,PS,PS,PS,PS,PS,PS,PS,PS,PS,PS,PS,PS,PS,PS,PS,PS,PS,PS,PS,18,PS,PS,PS,PS,PS,PS,PS,PS,PS,PS,PS,10,23133,PS,PS,PS,PS,PS,PS,PS,PS,PS,PS,PS,PS,247,251,1,20,21,49013,1,21,22,46478,22,PS,PS,PS,PS,PS,PS,PS,PS,22,PS,PS,PS,PS,PS,0.40 - 0.59,PS,PS,PS,PS,PS,PS,PS,PS,PS,PS,25,47249,23,24,18,46984,PS,PS,PS,PS,PS,PS,0,32,49413,24,PS,29,2,26,84547,PS,18,53639,PS,PS,PS,PS,PS,PS,PS,21,28,PS,PS,0.60 - 0.79,PS,PS,PS,PS,PS,22,PS,PS,PS,PS,PS,PS,PS,PS,1,1,28,59541,25,PS,PS,PS,PS,PS,PS,PS,PS,PS,24,43799,83343,60801,111527
227216,003594,University of North Texas,Public,1,5208,Finance and Financial Management Services.,3,Bachelor's Degree,190,208,175,22504,22500,172,20215,20175,66,29886,20214,60,30629,20957,119,21983,22076,117,19647,19000,48,32103,PS,44,32512,PS,56,23610,25700,55,21424,22250,18,23974,PS,16,25449,PS,111,PS,24000,111,PS,22500,32,24643,15685,28,25967,15685,64,19060,20300,61,17839,16750,34,34820,32427,32,34708,33927,240,249,239,214,6,163,186,49089,2,129,140,50693,157,<=0.10,<=0.10,0.10 - 0.19,<=0.10,0.10 - 0.19,0.40 - 0.49,<=0.10,<=0.10,144,<=0.10,<=0.10,0.10 - 0.19,<=0.10,0.10 - 0.19,0.40 - 0.49,0.10 - 0.19,<=0.10,128,54995,58,62039,125,59472,62,56463,137,58359,127,120,95,55986,42,60834,95,58435,42,56378,8,187,57524,166,PS,178,7,192,77061,PS,88,67640,41,66689,91,67576,39,68296,PS,120,159,<=0.10,<=0.10,0.60 - 0.69,<=0.10,0.10 - 0.19,0.10 - 0.19,<=0.10,<=0.10,144,<=0.10,<=0.10,0.50 - 0.59,<=0.10,<=0.10,0.10 - 0.19,0.10 - 0.19,<=0.10,1,5,139,78441,129,97,77761,42,78925,97,79371,43,77728,PS,127,43799,83343,60801,111527
227331,003598,Our Lady of the Lake University,"Private, nonprofit",1,5208,Finance and Financial Management Services.,3,Bachelor's Degree,10,9,PS,PS,PS,PS,PS,PS,PS,PS,PS,PS,PS,PS,PS,PS,PS,PS,PS,PS,PS,PS,PS,PS,PS,PS,PS,PS,PS,PS,PS,PS,PS,PS,PS,PS,PS,PS,PS,PS,PS,PS,PS,PS,PS,PS,PS,PS,PS,PS,PS,PS,PS,PS,PS,PS,PS,PS,PS,PS,PS,PS,PS,PS,PS,PS,0,PS,PS,PS,PS,PS,PS,PS,PS,PS,PS,PS,PS,PS,PS,PS,PS,PS,PS,PS,PS,PS,PS,PS,PS,PS,PS,PS,PS,PS,PS,PS,PS,PS,PS,PS,PS,PS,PS,PS,PS,PS,PS,PS,PS,PS,0,PS,PS,PS,PS,PS,0,PS,PS,PS,PS,PS,PS,PS,PS,PS,PS,PS,PS,PS,PS,PS,PS,PS,PS,PS,PS,PS,PS,PS,PS,PS,PS,PS,PS,PS,PS,PS,1,0,PS,PS,PS,PS,PS,PS,PS,PS,PS,PS,PS,PS,PS,43799,83343,60801,111527
227368,003599,The University of Texas Rio Grande Valley,Public,1,5208,Finance and Financial Management Services.,3,Bachelor's Degree,70,80,99,18344,16896,93,16753,15000,PS,PS,PS,PS,PS,PS,62,19867,18565,57,18605,18306,PS,PS,PS,PS,PS,PS,37,15792,12954,36,13821,11382,PS,PS,PS,PS,PS,PS,PS,PS,PS,PS,PS,PS,PS,PS,PS,PS,PS,PS,PS,PS,PS,PS,PS,PS,PS,PS,PS,PS,PS,PS,PS,PS,179,159,10,84,101,38808,7,65,82,32094,84,<=0.20,<=0.20,0.20 - 0.39,<=0.20,<=0.20,0.40 - 0.59,<=0.20,<=0.20,84,<=0.20,<=0.20,0.20 - 0.39,<=0.20,<=0.20,0.20 - 0.39,<=0.20,<=0.20,PS,PS,PS,PS,67,37908,35,34840,90,32653,82,62,82,33272,PS,PS,46,38009,44,29637,13,102,37711,63,PS,98,4,107,50156,51,80,41447,PS,PS,45,49037,42,28433,PS,79,79,<=0.20,<=0.20,0.60 - 0.79,<=0.20,<=0.20,<=0.20,<=0.20,<=0.20,84,<=0.20,<=0.20,0.60 - 0.79,<=0.20,<=0.20,<=0.20,<=0.20,<=0.20,1,6,83,49184,63,PS,PS,PS,PS,45,55221,38,44210,PS,78,43799,83343,60801,111527
227429,003602,Paul Quinn College,"Private, nonprofit",1,5208,Finance and Financial Management Services.,3,Bachelor's Degree,,1,,,,,,,,,,,,,,,,,,,,,,,,,,,,,,,,,,,,,,,,,,,,,,,,,,,,,,,,,,,,,,,,,,,,,,,,,,,,,,,,,,,,,,,,,,,,,,,,,,,,,,,,,,,,,,,,,,,,,,PS,PS,,,,,,,,,,,,,,,,,,,,,,,,,,,,,,3,,,,,,,,,,,,,,,PS,PS,PS,PS
227526,003630,Prairie View A & M University,Public,1,5208,Finance and Financial Management Services.,3,Bachelor's Degree,26,24,23,PS,35414,23,PS,32500,PS,PS,PS,PS,PS,PS,PS,PS,PS,PS,PS,PS,PS,PS,PS,PS,PS,PS,PS,PS,PS,PS,PS,PS,PS,PS,PS,PS,PS,PS,PS,PS,PS,PS,PS,PS,PS,PS,PS,PS,PS,PS,PS,PS,PS,PS,PS,PS,PS,PS,PS,PS,PS,PS,PS,PS,375,345,1,PS,PS,PS,PS,PS,PS,PS,12,PS,PS,PS,PS,PS,PS,PS,PS,10,PS,PS,PS,PS,PS,PS,PS,PS,PS,PS,PS,PS,PS,PS,PS,PS,PS,PS,PS,PS,PS,PS,PS,PS,PS,PS,PS,PS,0,19,56791,16,PS,PS,1,PS,PS,PS,PS,PS,PS,PS,PS,PS,PS,PS,PS,PS,17,PS,PS,PS,PS,PS,PS,PS,PS,10,PS,PS,PS,PS,PS,PS,PS,PS,1,1,PS,PS,PS,PS,PS,PS,PS,PS,PS,PS,PS,PS,PS,43799,83343,60801,111527
227845,003621,Saint Edward's University,"Private, nonprofit",1,5208,Finance and Financial Management Services.,3,Bachelor's Degree,31,18,42,21300,22062,41,21426,21875,PS,PS,PS,PS,PS,PS,27,19742,PS,26,19880,PS,PS,PS,PS,PS,PS,PS,15,PS,PS,15,PS,PS,PS,PS,PS,PS,PS,PS,27,PS,PS,27,PS,PS,PS,PS,PS,PS,PS,PS,15,18487,PS,14,19415,PS,PS,PS,PS,PS,PS,PS,PS,PS,234,232,1,33,36,49585,0,27,30,50856,30,PS,PS,PS,PS,PS,0.40 - 0.59,PS,PS,29,PS,PS,PS,PS,PS,0.40 - 0.59,PS,PS,PS,PS,PS,PS,PS,PS,PS,PS,32,66169,30,28,PS,PS,16,81955,19,78781,PS,PS,2,42,55177,38,PS,38,0,45,90286,PS,16,63092,PS,PS,20,83495,PS,PS,PS,23,41,PS,PS,0.40 - 0.59,PS,PS,PS,PS,PS,29,PS,PS,0.40 - 0.59,PS,PS,PS,PS,PS,1,0,30,72576,24,PS,PS,PS,PS,PS,PS,PS,PS,PS,21,43799,83343,60801,111527
227863,003654,University of St Thomas,"Private, nonprofit",1,5208,Finance and Financial Management Services.,3,Bachelor's Degree,25,37,20,31252,30625,19,29273,31236,PS,PS,PS,PS,PS,PS,PS,PS,PS,PS,PS,PS,PS,PS,PS,PS,PS,PS,PS,PS,PS,PS,PS,PS,PS,PS,PS,PS,PS,PS,PS,PS,PS,PS,PS,PS,PS,PS,PS,PS,PS,PS,PS,PS,PS,PS,PS,PS,PS,PS,PS,PS,PS,PS,PS,PS,325,331,5,PS,PS,PS,PS,PS,PS,PS,11,PS,PS,PS,PS,PS,PS,PS,PS,PS,PS,PS,PS,PS,PS,PS,PS,PS,PS,PS,PS,PS,PS,PS,PS,PS,PS,PS,PS,PS,PS,PS,PS,PS,PS,PS,PS,PS,1,20,47699,16,PS,20,0,PS,PS,PS,PS,PS,PS,PS,PS,PS,PS,PS,PS,PS,13,PS,PS,PS,PS,PS,PS,PS,PS,PS,PS,PS,PS,PS,PS,PS,PS,PS,1,1,PS,PS,PS,PS,PS,PS,PS,PS,PS,PS,PS,PS,PS,43799,83343,60801,111527
227881,003606,Sam Houston State University,Public,1,5208,Finance and Financial Management Services.,3,Bachelor's Degree,123,119,112,26137,27253,108,23504,23750,38,21182,15022,35,21531,15157,64,27721,27832,63,23776,24000,23,19802,PS,22,18868,PS,48,24026,26191,45,23122,21500,15,23298,PS,13,26036,PS,74,28176,28420,72,25227,24750,20,14672,PS,18,15568,PS,38,22168,26000,36,20056,20859,18,28416,PS,17,27844,PS,179,180,289,252,7,90,100,43325,2,79,91,45383,92,<=0.20,<=0.20,0.20 - 0.39,<=0.20,<=0.20,0.40 - 0.59,<=0.20,<=0.20,80,<=0.20,<=0.20,0.20 - 0.39,<=0.20,<=0.20,0.20 - 0.39,<=0.20,<=0.20,83,48630,34,56149,68,54780,49,48217,91,54211,88,82,68,52882,23,58177,51,55494,40,51045,3,117,53281,92,PS,110,1,135,72388,PS,72,56573,24,66337,52,63621,44,56241,PS,90,95,<=0.20,<=0.20,0.60 - 0.79,<=0.20,<=0.20,<=0.20,<=0.20,<=0.20,80,<=0.20,<=0.20,0.40 - 0.59,<=0.20,<=0.20,<=0.20,<=0.20,<=0.20,1,3,95,72461,86,72,66587,23,78184,51,71138,43,74824,PS,90,43799,83343,60801,111527
228042,003610,Schreiner University,"Private, nonprofit",1,5208,Finance and Financial Management Services.,3,Bachelor's Degree,7,8,PS,PS,PS,PS,PS,PS,PS,PS,PS,PS,PS,PS,PS,PS,PS,PS,PS,PS,PS,PS,PS,PS,PS,PS,PS,PS,PS,PS,PS,PS,PS,PS,PS,PS,PS,PS,PS,PS,PS,PS,PS,PS,PS,PS,PS,PS,PS,PS,PS,PS,PS,PS,PS,PS,PS,PS,PS,PS,PS,PS,PS,PS,PS,PS,0,PS,PS,PS,PS,PS,PS,PS,PS,PS,PS,PS,PS,PS,PS,PS,PS,PS,PS,PS,PS,PS,PS,PS,PS,PS,PS,PS,PS,PS,PS,PS,PS,PS,PS,PS,PS,PS,PS,PS,PS,PS,PS,PS,PS,PS,0,PS,PS,PS,PS,PS,0,PS,PS,PS,PS,PS,PS,PS,PS,PS,PS,PS,PS,PS,12,PS,PS,PS,PS,PS,PS,PS,PS,PS,PS,PS,PS,PS,PS,PS,PS,PS,1,0,PS,PS,PS,PS,PS,PS,PS,PS,PS,PS,PS,PS,PS,43799,83343,60801,111527
228149,003623,St. Mary's University,"Private, nonprofit",1,5208,Finance and Financial Management Services.,3,Bachelor's Degree,41,43,48,25719,25257,45,26149,25389,12,12171,PS,11,12839,PS,29,27370,26787,28,26937,PS,PS,PS,PS,PS,PS,PS,19,23199,24187,17,24850,PS,PS,PS,PS,PS,PS,PS,33,28279,PS,32,28111,PS,PS,PS,PS,PS,PS,PS,15,20088,PS,13,21318,PS,PS,PS,PS,PS,PS,PS,PS,PS,268,269,0,29,31,56272,2,19,21,55512,26,PS,PS,PS,PS,PS,0.40 - 0.59,PS,PS,28,PS,PS,PS,PS,PS,0.20 - 0.39,PS,PS,PS,PS,PS,PS,PS,PS,PS,PS,23,62293,20,19,18,55059,PS,PS,PS,PS,PS,PS,4,38,48018,33,PS,35,3,38,82753,PS,PS,PS,PS,PS,PS,PS,PS,PS,PS,16,38,PS,PS,0.40 - 0.59,PS,PS,PS,PS,PS,28,PS,PS,0.40 - 0.59,PS,PS,PS,PS,PS,1,2,21,83119,18,PS,PS,PS,PS,PS,PS,PS,PS,PS,19,43799,83343,60801,111527
228246,003613,Southern Methodist University,"Private, nonprofit",1,5208,Finance and Financial Management Services.,3,Bachelor's Degree,290,326,117,PS,19500,117,PS,19439,50,64438,59802,49,65114,60168,84,PS,20250,84,PS,19500,38,67704,PS,37,68687,PS,33,PS,18000,33,PS,17500,12,PS,PS,12,PS,PS,52,PS,23249,52,PS,20750,16,38393,PS,15,38865,PS,65,PS,18750,65,PS,18000,34,PS,PS,34,PS,PS,711,715,207,206,2,65,68,66678,5,81,83,73446,75,<=0.20,<=0.20,<=0.20,<=0.20,<=0.20,0.60 - 0.79,<=0.20,<=0.20,75,<=0.20,<=0.20,<=0.20,<=0.20,<=0.20,0.40 - 0.59,0.20 - 0.39,<=0.20,52,78654,68,83581,85,82734,37,81229,88,89611,81,79,43,78586,44,101249,67,92611,21,80157,7,121,83159,112,PS,89,3,75,133852,PS,41,103742,42,139772,64,118568,20,90558,PS,54,84,<=0.20,<=0.20,0.40 - 0.59,<=0.20,<=0.20,<=0.20,<=0.20,<=0.20,75,<=0.20,<=0.20,0.20 - 0.39,<=0.20,<=0.20,0.20 - 0.39,0.20 - 0.39,<=0.20,1,2,86,131515,82,43,122809,44,149487,66,135527,20,111745,PS,52,43799,83343,60801,111527
228431,003624,Stephen F Austin State University,Public,1,5208,Finance and Financial Management Services.,3,Bachelor's Degree,53,51,63,21652,23250,62,21107,21864,30,30646,28966,28,31650,32350,43,PS,24250,43,PS,23750,PS,PS,PS,PS,PS,PS,20,17141,17625,19,16702,15750,PS,PS,PS,PS,PS,PS,31,23417,25000,30,22914,24375,10,19613,PS,PS,PS,PS,32,PS,22181,32,PS,20000,20,36162,PS,PS,PS,PS,344,385,246,232,2,42,46,39033,0,33,36,50231,39,PS,PS,PS,PS,0.20 - 0.39,0.20 - 0.39,PS,PS,40,PS,PS,0.20 - 0.39,PS,PS,PS,PS,PS,36,50117,27,55617,44,45120,19,57669,35,54522,31,29,21,54535,PS,PS,25,56235,PS,PS,0,63,52710,47,PS,59,3,45,65535,PS,20,62782,PS,PS,24,63295,PS,PS,PS,30,61,<=0.20,<=0.20,0.60 - 0.79,<=0.20,<=0.20,<=0.20,<=0.20,<=0.20,40,PS,PS,0.40 - 0.59,PS,PS,PS,PS,PS,1,2,35,70731,34,PS,PS,PS,PS,PS,PS,PS,PS,PS,33,43799,83343,60801,111527
228459,003615,Texas State University,Public,1,5208,Finance and Financial Management Services.,3,Bachelor's Degree,210,225,294,21822,23250,281,20445,21291,119,28786,23760,109,28461,22006,178,20735,22298,167,19560,20000,71,30107,25622,65,29138,23935,116,23491,24202,114,21741,22375,48,26832,21053,44,27460,21445,180,24105,24982,174,22175,23532,54,18872,17840,50,18320,17568,114,18218,19500,107,17630,18750,65,37022,32762,59,37054,36140,283,262,246,226,7,232,257,45160,4,168,178,45636,223,<=0.05,<=0.05,0.25 - 0.29,<=0.05,0.15 - 0.19,0.35 - 0.39,0.05 - 0.09,<=0.05,189,<=0.10,<=0.10,0.20 - 0.29,<=0.10,0.10 - 0.19,0.30 - 0.39,0.10 - 0.19,<=0.10,187,46407,109,57035,190,51930,106,47684,186,56363,179,172,124,54253,62,60425,135,56298,51,57098,15,296,49981,240,PS,282,5,300,75100,159,116,67511,61,63564,129,68078,48,63155,PS,155,265,<=0.05,<=0.05,0.60 - 0.64,<=0.05,0.10 - 0.14,0.15 - 0.19,<=0.05,<=0.05,189,<=0.10,<=0.10,0.50 - 0.59,<=0.10,0.10 - 0.19,0.10 - 0.19,0.10 - 0.19,<=0.10,1,4,181,80518,170,118,77084,62,82471,133,82034,47,72986,PS,156,43799,83343,60801,111527
228468,003619,Southwestern Adventist University,"Private, nonprofit",1,5208,Finance and Financial Management Services.,3,Bachelor's Degree,0,3,PS,PS,PS,PS,PS,PS,PS,PS,PS,PS,PS,PS,PS,PS,PS,PS,PS,PS,PS,PS,PS,PS,PS,PS,PS,PS,PS,PS,PS,PS,PS,PS,PS,PS,PS,PS,PS,PS,PS,PS,PS,PS,PS,PS,PS,PS,PS,PS,PS,PS,PS,PS,PS,PS,PS,PS,PS,PS,PS,PS,PS,PS,PS,PS,PS,PS,PS,PS,,,,,PS,PS,PS,PS,PS,PS,PS,PS,PS,PS,PS,PS,PS,PS,PS,PS,PS,PS,PS,PS,PS,PS,PS,PS,PS,PS,PS,PS,PS,PS,PS,PS,PS,PS,PS,PS,PS,PS,0,PS,PS,PS,PS,PS,PS,PS,PS,PS,PS,PS,PS,PS,PS,PS,PS,PS,PS,PS,PS,PS,PS,PS,PS,PS,PS,PS,PS,PS,PS,PS,PS,PS,PS,PS,PS,PS,1,PS,PS,PS,PS,PS,PS,PS,PS,PS,PS,PS,PS,PS,PS,PS,PS,PS,PS
228529,003631,Tarleton State University,Public,1,5208,Finance and Financial Management Services.,3,Bachelor's Degree,13,11,20,19147,18625,19,19158,17750,PS,PS,PS,PS,PS,PS,PS,PS,PS,PS,PS,PS,PS,PS,PS,PS,PS,PS,PS,PS,PS,PS,PS,PS,PS,PS,PS,PS,PS,PS,10,PS,PS,PS,PS,PS,PS,PS,PS,PS,PS,PS,10,15757,PS,PS,PS,PS,PS,PS,PS,PS,PS,PS,PS,PS,197,188,0,PS,PS,PS,PS,PS,PS,PS,10,PS,PS,PS,PS,PS,PS,PS,PS,PS,PS,PS,PS,PS,PS,PS,PS,PS,PS,PS,PS,PS,PS,PS,PS,PS,PS,PS,PS,PS,PS,PS,PS,PS,PS,PS,PS,PS,1,16,55138,16,PS,19,2,PS,PS,PS,PS,PS,PS,PS,PS,PS,PS,PS,PS,PS,15,PS,PS,PS,PS,PS,PS,PS,PS,PS,PS,PS,PS,PS,PS,PS,PS,PS,1,2,PS,PS,PS,PS,PS,PS,PS,PS,PS,PS,PS,PS,PS,43799,83343,60801,111527
228705,003639,Texas A&M University-Kingsville,Public,1,5208,Finance and Financial Management Services.,3,Bachelor's Degree,8,8,13,PS,PS,13,PS,PS,PS,PS,PS,PS,PS,PS,PS,PS,PS,PS,PS,PS,PS,PS,PS,PS,PS,PS,PS,PS,PS,PS,PS,PS,PS,PS,PS,PS,PS,PS,PS,PS,PS,PS,PS,PS,PS,PS,PS,PS,PS,PS,PS,PS,PS,PS,PS,PS,PS,PS,PS,PS,PS,PS,PS,PS,PS,PS,0,PS,PS,PS,2,24,25,48432,15,PS,PS,PS,PS,PS,PS,PS,PS,28,PS,PS,PS,PS,PS,0.40 - 0.59,PS,PS,PS,PS,PS,PS,PS,PS,PS,PS,PS,PS,PS,PS,PS,PS,PS,PS,PS,PS,PS,PS,0,PS,PS,PS,PS,PS,3,PS,PS,PS,26,61728,PS,PS,22,77612,PS,PS,PS,30,18,PS,PS,PS,PS,PS,PS,PS,PS,28,PS,PS,0.40 - 0.59,PS,PS,PS,PS,PS,1,6,31,79209,29,PS,PS,PS,PS,PS,PS,PS,PS,PS,30,43799,83343,60801,111527
228723,003632,Texas A&M University-College Station,Public,1,5208,Finance and Financial Management Services.,3,Bachelor's Degree,307,308,148,PS,16880,148,PS,16671,54,PS,38360,54,PS,38360,114,PS,17247,114,PS,16671,38,PS,PS,38,PS,PS,34,PS,16535,34,PS,16535,16,PS,PS,16,PS,PS,45,PS,17500,45,PS,16400,PS,PS,PS,PS,PS,PS,103,PS,16761,103,PS,16687,PS,PS,PS,PS,PS,PS,456,456,179,177,5,132,139,61878,5,170,177,59124,146,<=0.10,<=0.10,0.10 - 0.19,<=0.10,<=0.10,0.50 - 0.59,0.20 - 0.29,<=0.10,157,<=0.10,<=0.10,<=0.10,<=0.10,<=0.10,0.40 - 0.49,0.30 - 0.39,<=0.10,52,63368,92,72231,106,67373,39,74112,199,73853,175,167,97,66281,102,83194,136,73942,63,71309,5,145,71409,138,PS,133,12,145,112319,PS,88,76070,96,99090,122,90570,62,91013,18,168,124,<=0.10,<=0.10,0.60 - 0.69,<=0.10,<=0.10,0.20 - 0.29,<=0.10,<=0.10,157,<=0.10,<=0.10,0.30 - 0.39,<=0.10,<=0.10,0.20 - 0.29,0.30 - 0.39,<=0.10,1,9,187,100030,176,92,92282,96,104669,126,99962,62,100284,21,169,43799,83343,60801,111527
228769,003656,The University of Texas at Arlington,Public,1,5208,Finance and Financial Management Services.,3,Bachelor's Degree,285,257,277,21681,20250,270,19153,18500,30,15693,10851,17,13907,PS,160,20982,18705,155,18599,17465,18,17185,PS,PS,PS,PS,117,22636,20911,115,19900,19334,12,13456,PS,PS,PS,PS,213,22357,20500,208,19482,18947,19,14372,PS,PS,PS,PS,64,19429,16608,62,18049,15643,11,17975,PS,PS,PS,PS,129,PS,215,196,19,227,247,47904,6,185,220,45767,167,<=0.10,<=0.10,0.20 - 0.29,<=0.10,0.10 - 0.19,0.20 - 0.29,0.10 - 0.19,<=0.10,180,<=0.10,<=0.10,0.10 - 0.19,<=0.10,0.10 - 0.19,0.30 - 0.39,0.10 - 0.19,<=0.10,245,54443,55,52142,172,55609,128,52015,222,51588,205,190,165,50625,56,57134,135,54378,87,50586,12,300,53980,246,PS,292,13,329,76623,187,166,57509,47,63562,129,63123,82,54522,PS,195,238,<=0.05,<=0.05,0.60 - 0.64,0.05 - 0.09,0.05 - 0.09,0.10 - 0.14,0.10 - 0.14,<=0.05,180,<=0.10,<=0.10,0.40 - 0.49,<=0.10,<=0.10,0.10 - 0.19,0.10 - 0.19,<=0.10,1,11,210,70757,193,162,70686,49,70823,131,75163,80,62705,21,192,43799,83343,60801,111527
228778,003658,The University of Texas at Austin,Public,1,5208,Finance and Financial Management Services.,3,Bachelor's Degree,407,434,182,19381,20500,179,18978,20500,92,PS,24800,92,PS,24800,120,19883,20520,117,19437,20500,59,PS,18830,59,PS,18830,62,PS,20500,62,PS,20000,33,PS,43666,33,PS,43666,87,20922,22010,86,20253,21500,38,PS,14700,38,PS,14700,95,17970,19500,93,17799,19500,54,PS,45644,54,PS,44629,295,295,217,217,4,201,221,69505,4,207,217,70680,182,<=0.10,<=0.10,<=0.10,<=0.10,<=0.10,0.40 - 0.49,0.40 - 0.49,<=0.10,178,<=0.10,<=0.10,<=0.10,<=0.10,<=0.10,0.30 - 0.39,0.40 - 0.49,<=0.10,111,80658,113,84378,156,82464,68,80266,218,82355,205,199,110,77587,108,86467,142,84848,76,79845,13,224,81844,216,PS,175,9,199,132075,PS,107,92398,101,109830,131,106462,77,93045,PS,146,142,<=0.10,<=0.10,0.50 - 0.59,<=0.10,<=0.10,0.20 - 0.29,0.10 - 0.19,<=0.10,178,<=0.10,<=0.10,0.20 - 0.29,<=0.10,<=0.10,0.10 - 0.19,0.50 - 0.59,<=0.10,1,8,206,116432,197,105,105558,101,128369,133,124732,72,110430,17,145,43799,83343,60801,111527
228787,009741,The University of Texas at Dallas,Public,1,5208,Finance and Financial Management Services.,3,Bachelor's Degree,265,267,200,21442,19500,192,19474,18400,27,31077,23631,20,29442,21425,139,22112,20500,132,19872,18469,PS,PS,PS,PS,PS,PS,61,19916,18938,60,18598,18100,PS,PS,PS,PS,PS,PS,129,23548,21500,126,20686,18609,14,21464,PS,PS,PS,PS,71,17617,18750,66,17159,17750,13,41428,PS,PS,PS,PS,281,255,207,195,4,185,211,49978,10,120,134,53687,167,<=0.10,<=0.10,0.20 - 0.29,<=0.10,0.10 - 0.19,0.40 - 0.49,0.10 - 0.19,<=0.10,160,<=0.10,<=0.10,0.10 - 0.19,<=0.10,<=0.10,0.40 - 0.49,0.20 - 0.29,<=0.10,161,61644,66,67498,151,63680,75,63320,151,61555,136,126,121,60792,29,62810,105,60543,45,65425,13,227,63455,194,PS,214,7,235,86484,PS,122,71653,PS,PS,102,71477,49,82260,PS,137,182,<=0.10,<=0.10,0.50 - 0.59,<=0.10,<=0.10,0.10 - 0.19,0.10 - 0.19,<=0.10,160,<=0.10,<=0.10,0.40 - 0.49,<=0.10,<=0.10,0.10 - 0.19,0.20 - 0.29,<=0.10,1,8,155,81869,146,125,82520,30,83986,106,80761,47,90889,PS,143,43799,83343,60801,111527
228796,003661,The University of Texas at El Paso,Public,1,5208,Finance and Financial Management Services.,3,Bachelor's Degree,122,98,139,18458,16510,136,17375,15898,10,14527,PS,PS,PS,PS,75,19495,17208,72,18663,17130,PS,PS,PS,PS,PS,PS,64,PS,14484,64,PS,12910,PS,PS,PS,PS,PS,PS,125,PS,PS,125,PS,PS,PS,PS,PS,PS,PS,PS,14,19272,PS,11,21319,PS,PS,PS,PS,PS,PS,PS,PS,PS,175,169,5,97,119,34191,7,99,118,33664,95,<=0.20,<=0.20,0.20 - 0.39,<=0.20,0.20 - 0.39,0.20 - 0.39,<=0.20,<=0.20,106,<=0.10,<=0.10,0.20 - 0.29,<=0.10,0.20 - 0.29,0.30 - 0.39,<=0.10,<=0.10,PS,PS,PS,PS,90,43428,76,39967,126,40142,112,96,122,37594,PS,PS,74,42904,53,37584,11,166,40994,128,PS,137,4,127,59668,93,121,46321,PS,PS,71,48597,56,45410,PS,103,133,<=0.10,<=0.10,0.60 - 0.69,<=0.10,0.10 - 0.19,0.10 - 0.19,<=0.10,<=0.10,106,<=0.10,<=0.10,0.50 - 0.59,<=0.10,0.10 - 0.19,0.10 - 0.19,<=0.10,<=0.10,1,6,125,52663,98,PS,PS,PS,PS,67,55376,58,49229,PS,103,43799,83343,60801,111527
228802,011163,The University of Texas at Tyler,Public,1,5208,Finance and Financial Management Services.,3,Bachelor's Degree,43,43,36,16939,15875,31,15047,14000,PS,PS,PS,PS,PS,PS,24,17735,PS,PS,PS,PS,PS,PS,PS,PS,PS,PS,12,15346,PS,PS,PS,PS,PS,PS,PS,PS,PS,PS,23,18860,PS,20,15210,PS,PS,PS,PS,PS,PS,PS,13,13539,PS,11,14751,PS,PS,PS,PS,PS,PS,PS,PS,PS,168,148,0,37,44,39368,4,34,38,35416,37,PS,PS,PS,PS,PS,0.20 - 0.39,PS,PS,38,PS,PS,PS,PS,0.20 - 0.39,0.20 - 0.39,PS,PS,PS,PS,PS,PS,PS,PS,PS,PS,48,45467,38,35,37,46706,PS,PS,27,56090,21,36809,3,38,51959,31,PS,35,3,53,72905,PS,34,56370,PS,PS,27,63380,19,55597,PS,40,38,PS,PS,0.60 - 0.79,PS,PS,PS,PS,PS,38,PS,PS,0.60 - 0.79,PS,PS,PS,PS,PS,1,3,50,67450,45,PS,PS,PS,PS,30,79595,20,63849,PS,44,43799,83343,60801,111527
228875,003636,Texas Christian University,"Private, nonprofit",1,5208,Finance and Financial Management Services.,3,Bachelor's Degree,212,216,88,PS,19500,88,PS,19000,28,66708,57298,27,68072,57298,62,PS,20750,62,PS,19500,PS,PS,PS,PS,PS,PS,26,PS,16875,26,PS,16875,PS,PS,PS,PS,PS,PS,24,PS,26500,24,PS,25437,PS,PS,PS,PS,PS,PS,64,PS,18000,64,PS,16875,PS,PS,PS,PS,PS,PS,681,681,207,201,0,64,69,66322,0,56,56,61020,52,<=0.20,<=0.20,<=0.20,<=0.20,<=0.20,0.40 - 0.59,0.20 - 0.39,<=0.20,55,<=0.20,<=0.20,<=0.20,<=0.20,<=0.20,0.40 - 0.59,0.20 - 0.39,<=0.20,28,75580,64,79136,64,76534,28,80538,60,71244,56,55,23,56590,37,83966,47,68470,PS,PS,3,92,78453,89,PS,66,1,92,111304,PS,21,82576,37,99076,47,87348,PS,PS,PS,44,79,<=0.20,<=0.20,0.40 - 0.59,<=0.20,<=0.20,0.20 - 0.39,0.20 - 0.39,<=0.20,55,<=0.20,<=0.20,0.20 - 0.39,<=0.20,<=0.20,<=0.20,0.40 - 0.59,<=0.20,1,1,54,112562,51,22,91305,32,118682,PS,PS,PS,PS,PS,39,43799,83343,60801,111527
229018,009930,The University of Texas Permian Basin,Public,1,5208,Finance and Financial Management Services.,3,Bachelor's Degree,18,19,PS,PS,PS,PS,PS,PS,PS,PS,PS,PS,PS,PS,PS,PS,PS,PS,PS,PS,PS,PS,PS,PS,PS,PS,PS,PS,PS,PS,PS,PS,PS,PS,PS,PS,PS,PS,PS,PS,PS,PS,PS,PS,PS,PS,PS,PS,PS,PS,PS,PS,PS,PS,PS,PS,PS,PS,PS,PS,PS,PS,PS,PS,PS,PS,0,PS,PS,PS,PS,PS,PS,PS,PS,PS,PS,PS,PS,PS,PS,PS,PS,PS,PS,PS,PS,PS,PS,PS,PS,PS,PS,PS,PS,PS,PS,PS,PS,PS,PS,PS,PS,PS,PS,PS,PS,PS,PS,PS,PS,PS,1,PS,PS,PS,PS,PS,0,PS,PS,PS,PS,PS,PS,PS,PS,PS,PS,PS,PS,PS,PS,PS,PS,PS,PS,PS,PS,PS,PS,PS,PS,PS,PS,PS,PS,PS,PS,PS,2,1,PS,PS,PS,PS,PS,PS,PS,PS,PS,PS,PS,PS,PS,PS,PS,PS,PS
229027,010115,The University of Texas at San Antonio,Public,1,5208,Finance and Financial Management Services.,3,Bachelor's Degree,141,165,200,21396,21500,192,19757,19836,41,21080,13332,37,20987,13668,133,22048,22500,128,20551,20500,27,21277,PS,25,21556,PS,67,20100,16500,64,18167,14848,14,20699,PS,12,19802,PS,134,22259,21500,131,19859,19519,21,14451,7000,18,14001,PS,66,19644,21062,61,19536,20500,20,28040,25656,19,27606,PS,159,163,228,210,8,158,180,43552,9,135,150,49864,145,<=0.10,<=0.10,0.10 - 0.19,<=0.10,0.20 - 0.29,0.30 - 0.39,<=0.10,<=0.10,154,<=0.10,<=0.10,0.20 - 0.29,<=0.10,0.20 - 0.29,0.30 - 0.39,0.10 - 0.19,<=0.10,135,52734,60,49564,129,48083,66,55335,159,50786,144,130,124,47397,35,63324,118,50900,41,50356,7,196,52452,165,PS,181,9,199,75373,130,115,55839,37,75611,111,59822,41,64010,PS,137,170,<=0.10,<=0.10,0.60 - 0.69,<=0.10,<=0.10,0.10 - 0.19,<=0.10,<=0.10,155,<=0.10,<=0.10,0.50 - 0.59,<=0.10,0.10 - 0.19,0.10 - 0.19,0.10 - 0.19,<=0.10,1,10,155,69265,132,119,63124,36,88398,113,68560,42,68883,PS,138,43799,83343,60801,111527
229063,003642,Texas Southern University,Public,1,5208,Finance and Financial Management Services.,3,Bachelor's Degree,33,19,27,PS,32987,27,PS,26751,13,32539,PS,12,30855,PS,10,PS,PS,10,PS,PS,PS,PS,PS,PS,PS,PS,17,PS,PS,17,PS,PS,PS,PS,PS,PS,PS,PS,PS,PS,PS,PS,PS,PS,PS,PS,PS,PS,PS,PS,PS,PS,PS,PS,PS,PS,PS,PS,PS,PS,PS,PS,PS,PS,350,284,7,30,35,32043,4,17,23,31314,36,PS,PS,PS,PS,0.20 - 0.39,PS,PS,PS,27,PS,PS,PS,PS,PS,PS,PS,PS,PS,PS,PS,PS,PS,PS,PS,PS,21,31531,18,16,21,33902,PS,PS,PS,PS,PS,PS,4,25,53873,16,PS,23,1,38,70201,PS,22,40612,PS,PS,PS,PS,PS,PS,PS,22,29,PS,PS,0.40 - 0.59,PS,PS,PS,PS,PS,27,PS,PS,PS,PS,PS,PS,PS,PS,1,5,19,60470,19,PS,PS,PS,PS,PS,PS,PS,PS,PS,18,43799,83343,60801,111527
229115,003644,Texas Tech University,Public,1,5208,Finance and Financial Management Services.,3,Bachelor's Degree,274,288,190,21238,21500,189,20473,21000,39,33390,20666,36,31020,20666,159,21018,21500,158,20245,20500,PS,PS,PS,PS,PS,PS,31,PS,22000,31,PS,22000,PS,PS,PS,PS,PS,PS,77,PS,26000,77,PS,24250,16,26663,PS,15,19822,PS,113,18308,19500,112,17901,19500,23,38070,PS,21,39018,PS,246,246,228,223,4,150,160,52649,5,113,121,54803,138,<=0.10,<=0.10,0.20 - 0.29,<=0.10,0.10 - 0.19,0.40 - 0.49,0.10 - 0.19,<=0.10,120,<=0.10,<=0.10,0.10 - 0.19,<=0.10,0.10 - 0.19,0.40 - 0.49,0.10 - 0.19,<=0.10,82,55316,107,59681,156,59203,33,56881,137,69039,122,117,67,65865,70,69838,113,64703,24,74739,14,189,58535,160,PS,168,4,190,86795,PS,73,79225,68,83765,113,81466,26,80088,PS,119,181,<=0.10,<=0.10,0.60 - 0.69,<=0.10,<=0.10,0.20 - 0.29,<=0.10,<=0.10,120,<=0.10,<=0.10,0.40 - 0.49,<=0.10,<=0.10,0.20 - 0.29,0.20 - 0.29,<=0.10,1,6,136,92415,131,68,90329,68,93181,110,92691,26,90848,PS,118,43799,83343,60801,111527
229160,003645,Texas Wesleyan University,"Private, nonprofit",1,5208,Finance and Financial Management Services.,3,Bachelor's Degree,8,13,20,PS,26500,20,PS,22738,PS,PS,PS,PS,PS,PS,PS,PS,PS,PS,PS,PS,PS,PS,PS,PS,PS,PS,PS,PS,PS,PS,PS,PS,PS,PS,PS,PS,PS,PS,PS,PS,PS,PS,PS,PS,PS,PS,PS,PS,PS,PS,PS,PS,PS,PS,PS,PS,PS,PS,PS,PS,PS,PS,PS,PS,281,241,1,PS,16,35715,PS,PS,PS,PS,11,PS,PS,PS,PS,PS,PS,PS,PS,PS,PS,PS,PS,PS,PS,PS,PS,PS,PS,PS,PS,PS,PS,PS,PS,PS,PS,PS,PS,PS,PS,PS,PS,PS,PS,PS,PS,PS,0,19,52178,16,PS,19,1,19,66248,PS,PS,PS,PS,PS,PS,PS,PS,PS,PS,PS,25,PS,PS,0.40 - 0.59,PS,PS,PS,PS,PS,PS,PS,PS,PS,PS,PS,PS,PS,PS,1,1,PS,PS,PS,PS,PS,PS,PS,PS,PS,PS,PS,PS,PS,43799,83343,60801,111527
229179,003646,Texas Woman's University,Public,1,5208,Finance and Financial Management Services.,3,Bachelor's Degree,39,18,23,29237,23805,22,22847,24186,PS,PS,PS,PS,PS,PS,PS,PS,PS,PS,PS,PS,PS,PS,PS,PS,PS,PS,PS,PS,PS,PS,PS,PS,PS,PS,PS,PS,PS,PS,PS,PS,PS,PS,PS,PS,PS,PS,PS,PS,PS,PS,PS,PS,PS,PS,PS,PS,PS,PS,PS,PS,PS,PS,PS,PS,252,256,0,17,19,43490,0,12,12,48432,20,PS,PS,PS,PS,PS,PS,PS,PS,14,PS,PS,PS,PS,PS,PS,PS,PS,PS,PS,PS,PS,PS,PS,PS,PS,PS,PS,PS,PS,PS,PS,PS,PS,PS,PS,PS,PS,1,24,48539,17,PS,23,PS,23,71282,PS,PS,PS,PS,PS,PS,PS,PS,PS,PS,PS,15,PS,PS,PS,PS,PS,PS,PS,PS,14,PS,PS,PS,PS,PS,PS,PS,PS,1,0,PS,PS,PS,PS,PS,PS,PS,PS,PS,PS,PS,PS,PS,43799,83343,60801,111527
229267,003647,Trinity University,"Private, nonprofit",1,5208,Finance and Financial Management Services.,3,Bachelor's Degree,44,36,14,PS,PS,14,PS,PS,PS,PS,PS,PS,PS,PS,PS,PS,PS,PS,PS,PS,PS,PS,PS,PS,PS,PS,PS,PS,PS,PS,PS,PS,PS,PS,PS,PS,PS,PS,PS,PS,PS,PS,PS,PS,PS,PS,PS,PS,PS,PS,PS,PS,PS,PS,PS,PS,PS,PS,PS,PS,PS,PS,PS,PS,PS,PS,1,22,23,55972,0,24,24,64990,24,PS,PS,PS,PS,PS,0.40 - 0.59,PS,PS,19,PS,PS,PS,PS,PS,PS,PS,PS,PS,PS,PS,PS,PS,PS,PS,PS,24,74778,22,21,16,68263,PS,PS,17,77173,PS,PS,1,PS,PS,PS,PS,PS,2,18,81363,PS,PS,PS,PS,PS,18,78752,PS,PS,PS,21,17,PS,PS,PS,PS,PS,PS,PS,PS,19,PS,PS,PS,PS,PS,PS,PS,PS,1,2,24,105372,24,PS,PS,PS,PS,PS,PS,PS,PS,PS,19,43799,83343,60801,111527
229780,003663,Wayland Baptist University,"Private, nonprofit",1,5208,Finance and Financial Management Services.,3,Bachelor's Degree,7,6,PS,PS,PS,PS,PS,PS,PS,PS,PS,PS,PS,PS,PS,PS,PS,PS,PS,PS,PS,PS,PS,PS,PS,PS,PS,PS,PS,PS,PS,PS,PS,PS,PS,PS,PS,PS,PS,PS,PS,PS,PS,PS,PS,PS,PS,PS,PS,PS,PS,PS,PS,PS,PS,PS,PS,PS,PS,PS,PS,PS,PS,PS,PS,PS,PS,PS,PS,PS,PS,PS,PS,PS,PS,PS,PS,PS,PS,PS,PS,PS,PS,PS,PS,PS,PS,PS,PS,PS,PS,PS,PS,PS,PS,PS,PS,PS,PS,PS,PS,PS,PS,PS,PS,PS,PS,PS,PS,PS,PS,PS,0,PS,PS,PS,PS,PS,PS,PS,PS,PS,PS,PS,PS,PS,PS,PS,PS,PS,PS,PS,PS,PS,PS,PS,PS,PS,PS,PS,PS,PS,PS,PS,PS,PS,PS,PS,PS,PS,3,PS,PS,PS,PS,PS,PS,PS,PS,PS,PS,PS,PS,PS,PS,43799,83343,60801,111527
229814,003665,West Texas A & M University,Public,1,5208,Finance and Financial Management Services.,3,Bachelor's Degree,78,62,56,20370,20993,54,17839,18343,PS,PS,PS,PS,PS,PS,35,19112,21500,34,18495,19125,PS,PS,PS,PS,PS,PS,21,22468,18699,20,16723,14125,PS,PS,PS,PS,PS,PS,34,21423,21145,33,18343,15000,PS,PS,PS,PS,PS,PS,22,18744,20993,21,17046,18702,PS,PS,PS,PS,PS,PS,PS,PS,223,194,0,31,32,38159,1,14,17,32563,27,PS,PS,PS,PS,PS,PS,PS,PS,23,PS,PS,PS,PS,PS,0.40 - 0.59,PS,PS,36,42309,18,56315,33,47176,20,40627,24,46333,24,20,20,46779,PS,PS,PS,PS,PS,PS,2,54,42650,44,PS,46,1,40,66534,PS,18,45598,PS,PS,PS,PS,PS,PS,PS,20,45,PS,PS,0.60 - 0.79,PS,PS,PS,PS,PS,23,PS,PS,PS,PS,PS,PS,PS,PS,2,0,21,53333,18,PS,PS,PS,PS,PS,PS,PS,PS,PS,17,43799,83343,60801,111527
230038,003670,Brigham Young University,"Private, nonprofit",1,5208,Finance and Financial Management Services.,3,Bachelor's Degree,198,216,63,13423,11750,62,12841,11625,PS,PS,PS,PS,PS,PS,52,13403,PS,51,12695,PS,PS,PS,PS,PS,PS,PS,11,PS,PS,11,PS,PS,PS,PS,PS,PS,PS,PS,PS,PS,PS,PS,PS,PS,PS,PS,PS,PS,PS,PS,PS,PS,PS,PS,PS,PS,PS,PS,PS,PS,PS,PS,PS,PS,125,123,2,168,172,68789,6,149,157,67593,67,<=0.20,<=0.20,<=0.20,<=0.20,<=0.20,0.40 - 0.59,0.20 - 0.39,<=0.20,74,<=0.20,<=0.20,<=0.20,<=0.20,<=0.20,0.40 - 0.59,0.20 - 0.39,<=0.20,PS,PS,PS,PS,179,86478,27,71029,158,82194,152,146,155,82556,PS,PS,152,82966,PS,PS,4,207,83876,192,PS,100,3,160,129879,PS,149,97093,PS,PS,147,96877,PS,PS,PS,67,60,<=0.20,<=0.20,0.20 - 0.39,<=0.20,<=0.20,0.20 - 0.39,0.20 - 0.39,<=0.20,74,<=0.20,<=0.20,0.20 - 0.39,<=0.20,<=0.20,<=0.20,0.40 - 0.59,<=0.20,1,5,149,118744,142,PS,PS,PS,PS,PS,PS,PS,PS,20,69,43799,83343,60801,111527
230047,001606,Brigham Young University-Hawaii,"Private, nonprofit",1,5208,Finance and Financial Management Services.,3,Bachelor's Degree,0,0,PS,PS,PS,PS,PS,PS,PS,PS,PS,PS,PS,PS,PS,PS,PS,PS,PS,PS,PS,PS,PS,PS,PS,PS,PS,PS,PS,PS,PS,PS,PS,PS,PS,PS,PS,PS,PS,PS,PS,PS,PS,PS,PS,PS,PS,PS,PS,PS,PS,PS,PS,PS,PS,PS,PS,PS,PS,PS,PS,PS,PS,PS,PS,PS,PS,PS,PS,PS,PS,PS,PS,PS,PS,PS,PS,PS,PS,PS,PS,PS,PS,PS,PS,PS,PS,PS,PS,PS,PS,PS,PS,PS,PS,PS,PS,PS,PS,PS,PS,PS,PS,PS,PS,PS,PS,PS,PS,PS,PS,PS,PS,PS,PS,PS,PS,PS,PS,PS,PS,PS,PS,PS,PS,PS,PS,PS,PS,PS,PS,PS,PS,PS,PS,PS,PS,PS,PS,PS,PS,PS,PS,PS,PS,PS,PS,PS,PS,PS,1,PS,PS,PS,PS,PS,PS,PS,PS,PS,PS,PS,PS,PS,PS,PS,PS,PS,PS
230171,003671,Utah Tech University,Public,1,5208,Finance and Financial Management Services.,3,Bachelor's Degree,16,29,11,19631,PS,10,19676,PS,PS,PS,PS,PS,PS,PS,PS,PS,PS,PS,PS,PS,PS,PS,PS,PS,PS,PS,PS,PS,PS,PS,PS,PS,PS,PS,PS,PS,PS,PS,PS,PS,PS,PS,PS,PS,PS,PS,PS,PS,PS,PS,PS,PS,PS,PS,PS,PS,PS,PS,PS,PS,PS,PS,PS,PS,PS,PS,1,22,22,48109,1,13,14,51106,10,PS,PS,PS,PS,PS,PS,PS,PS,13,PS,PS,PS,PS,PS,PS,PS,PS,PS,PS,PS,PS,PS,PS,PS,PS,PS,PS,PS,PS,PS,PS,PS,PS,PS,PS,PS,PS,2,PS,PS,PS,PS,PS,2,22,74843,PS,PS,PS,PS,PS,PS,PS,PS,PS,PS,PS,11,PS,PS,PS,PS,PS,PS,PS,PS,13,PS,PS,PS,PS,PS,PS,PS,PS,1,2,PS,PS,PS,PS,PS,PS,PS,PS,PS,PS,PS,PS,PS,43799,83343,60801,111527
230603,003678,Southern Utah University,Public,1,5208,Finance and Financial Management Services.,3,Bachelor's Degree,32,33,PS,PS,PS,PS,PS,PS,PS,PS,PS,PS,PS,PS,PS,PS,PS,PS,PS,PS,PS,PS,PS,PS,PS,PS,PS,PS,PS,PS,PS,PS,PS,PS,PS,PS,PS,PS,PS,PS,PS,PS,PS,PS,PS,PS,PS,PS,PS,PS,PS,PS,PS,PS,PS,PS,PS,PS,PS,PS,PS,PS,PS,PS,PS,PS,0,16,19,48483,0,16,17,39369,13,PS,PS,PS,PS,PS,PS,PS,PS,10,PS,PS,PS,PS,PS,PS,PS,PS,PS,PS,PS,PS,PS,PS,PS,PS,PS,PS,PS,PS,PS,PS,PS,PS,PS,PS,PS,PS,1,PS,PS,PS,PS,PS,1,16,100149,PS,17,53566,PS,PS,16,56469,PS,PS,PS,PS,PS,PS,PS,PS,PS,PS,PS,PS,PS,10,PS,PS,PS,PS,PS,PS,PS,PS,2,2,18,77808,17,PS,PS,PS,PS,PS,PS,PS,PS,PS,PS,43799,83343,60801,111527
230728,003677,Utah State University,Public,1,5208,Finance and Financial Management Services.,3,Bachelor's Degree,114,128,69,12420,9720,67,12284,9720,PS,PS,PS,PS,PS,PS,PS,PS,PS,PS,PS,PS,PS,PS,PS,PS,PS,PS,PS,PS,PS,PS,PS,PS,PS,PS,PS,PS,PS,PS,58,PS,PS,PS,PS,PS,PS,PS,PS,PS,PS,PS,11,13358,PS,PS,PS,PS,PS,PS,PS,PS,PS,PS,PS,PS,103,103,0,71,76,54241,1,46,52,50439,49,PS,PS,PS,PS,PS,0.40 - 0.59,0.20 - 0.39,PS,41,PS,PS,PS,PS,PS,0.20 - 0.39,0.20 - 0.39,PS,PS,PS,PS,PS,PS,PS,PS,PS,56,58102,45,40,48,63938,PS,PS,45,67253,PS,PS,2,101,61371,91,PS,78,4,84,84633,PS,44,69907,PS,PS,45,80180,PS,PS,PS,31,58,<=0.20,<=0.20,0.40 - 0.59,<=0.20,<=0.20,0.20 - 0.39,<=0.20,<=0.20,41,PS,PS,0.20 - 0.39,PS,PS,PS,0.40 - 0.59,PS,1,5,53,84357,50,PS,PS,PS,PS,PS,PS,PS,PS,PS,31,43799,83343,60801,111527
230737,004027,Utah Valley University,Public,1,5208,Finance and Financial Management Services.,3,Bachelor's Degree,181,162,99,16985,12750,94,15489,10949,PS,PS,PS,PS,PS,PS,73,15583,11843,70,14008,10724,PS,PS,PS,PS,PS,PS,26,20924,14602,24,19809,14602,PS,PS,PS,PS,PS,PS,89,17005,PS,84,15373,PS,PS,PS,PS,PS,PS,PS,10,PS,PS,10,PS,PS,PS,PS,PS,PS,PS,PS,PS,PS,135,116,3,111,123,51652,1,61,64,53608,57,<=0.20,<=0.20,0.20 - 0.39,<=0.20,<=0.20,0.40 - 0.59,0.20 - 0.39,<=0.20,41,PS,PS,PS,PS,PS,0.40 - 0.59,PS,PS,PS,PS,PS,PS,125,61308,35,58601,70,66025,64,59,67,65380,PS,PS,62,70248,PS,PS,5,161,60947,142,PS,124,2,147,93858,PS,64,82856,PS,PS,58,85211,PS,PS,PS,52,79,<=0.20,<=0.20,0.40 - 0.59,<=0.20,<=0.20,<=0.20,0.20 - 0.39,<=0.20,41,PS,PS,0.40 - 0.59,PS,PS,PS,0.20 - 0.39,PS,1,4,64,93541,60,PS,PS,PS,PS,PS,PS,PS,PS,PS,51,43799,83343,60801,111527
230764,003675,University of Utah,Public,1,5208,Finance and Financial Management Services.,3,Bachelor's Degree,175,207,76,20596,18850,74,19075,18408,PS,PS,PS,PS,PS,PS,PS,PS,PS,PS,PS,PS,PS,PS,PS,PS,PS,PS,PS,PS,PS,PS,PS,PS,PS,PS,PS,PS,PS,PS,49,PS,22423,49,PS,19200,PS,PS,PS,PS,PS,PS,27,16323,13427,25,15959,15000,PS,PS,PS,PS,PS,PS,PS,PS,200,195,1,76,86,55325,0,22,22,64493,59,<=0.20,<=0.20,<=0.20,<=0.20,<=0.20,0.20 - 0.39,0.20 - 0.39,<=0.20,35,PS,PS,PS,PS,PS,0.20 - 0.39,PS,PS,72,68747,26,64892,PS,PS,PS,PS,22,68129,20,19,PS,PS,PS,PS,17,68174,PS,PS,1,97,68066,91,PS,78,0,84,100793,PS,18,94640,PS,PS,18,91930,PS,PS,PS,17,60,<=0.20,<=0.20,0.40 - 0.59,<=0.20,<=0.20,0.20 - 0.39,<=0.20,<=0.20,35,PS,PS,0.40 - 0.59,PS,PS,PS,PS,PS,2,0,23,96414,21,PS,PS,PS,PS,PS,PS,PS,PS,PS,18,43799,83343,60801,111527
230782,003680,Weber State University,Public,1,5208,Finance and Financial Management Services.,3,Bachelor's Degree,22,25,12,PS,PS,12,PS,PS,PS,PS,PS,PS,PS,PS,PS,PS,PS,PS,PS,PS,PS,PS,PS,PS,PS,PS,PS,PS,PS,PS,PS,PS,PS,PS,PS,PS,PS,PS,PS,PS,PS,PS,PS,PS,PS,PS,PS,PS,PS,PS,PS,PS,PS,PS,PS,PS,PS,PS,PS,PS,PS,PS,PS,PS,PS,PS,0,18,20,49633,4,21,25,52107,19,PS,PS,PS,PS,PS,PS,PS,PS,18,PS,PS,PS,PS,PS,PS,PS,PS,PS,PS,PS,PS,PS,PS,PS,PS,29,56068,27,23,PS,PS,PS,PS,22,61220,PS,PS,0,22,49939,19,PS,21,2,18,83105,PS,25,69516,PS,PS,25,75102,PS,PS,PS,28,10,PS,PS,PS,PS,PS,PS,PS,PS,18,PS,PS,PS,PS,PS,PS,PS,PS,1,2,33,81679,29,PS,PS,PS,PS,PS,PS,PS,PS,PS,30,43799,83343,60801,111527
230807,003681,Westminster University,"Private, nonprofit",1,5208,Finance and Financial Management Services.,3,Bachelor's Degree,23,17,26,PS,18071,26,PS,18071,PS,PS,PS,PS,PS,PS,PS,PS,PS,PS,PS,PS,PS,PS,PS,PS,PS,PS,PS,PS,PS,PS,PS,PS,PS,PS,PS,PS,PS,PS,11,PS,PS,11,PS,PS,PS,PS,PS,PS,PS,PS,15,PS,PS,15,PS,PS,PS,PS,PS,PS,PS,PS,PS,PS,192,192,0,PS,PS,PS,1,17,17,55547,15,PS,PS,PS,PS,PS,PS,PS,PS,20,PS,PS,PS,PS,PS,PS,PS,PS,PS,PS,PS,PS,PS,PS,PS,PS,PS,PS,PS,PS,PS,PS,PS,PS,PS,PS,PS,PS,0,25,62689,18,PS,17,0,30,91967,PS,PS,PS,PS,PS,PS,PS,PS,PS,PS,PS,12,PS,PS,PS,PS,PS,PS,PS,PS,20,PS,PS,PS,PS,PS,PS,PS,PS,1,0,20,84788,19,PS,PS,PS,PS,PS,PS,PS,PS,PS,PS,43799,83343,60801,111527
230852,003684,Champlain College,"Private, nonprofit",1,5208,Finance and Financial Management Services.,3,Bachelor's Degree,4,7,PS,PS,PS,PS,PS,PS,PS,PS,PS,PS,PS,PS,PS,PS,PS,PS,PS,PS,PS,PS,PS,PS,PS,PS,PS,PS,PS,PS,PS,PS,PS,PS,PS,PS,PS,PS,PS,PS,PS,PS,PS,PS,PS,PS,PS,PS,PS,PS,PS,PS,PS,PS,PS,PS,PS,PS,PS,PS,PS,PS,PS,PS,PS,PS,0,PS,PS,PS,PS,PS,PS,PS,10,PS,PS,PS,PS,PS,PS,PS,PS,PS,PS,PS,PS,PS,PS,PS,PS,PS,PS,PS,PS,PS,PS,PS,PS,PS,PS,PS,PS,PS,PS,PS,PS,PS,PS,PS,PS,PS,0,20,61658,18,PS,PS,0,PS,PS,PS,PS,PS,PS,PS,PS,PS,PS,PS,PS,PS,10,PS,PS,PS,PS,PS,PS,PS,PS,PS,PS,PS,PS,PS,PS,PS,PS,PS,1,0,PS,PS,PS,PS,PS,PS,PS,PS,PS,PS,PS,PS,PS,43799,83343,60801,111527
232089,003711,Ferrum College,"Private, nonprofit",1,5208,Finance and Financial Management Services.,3,Bachelor's Degree,6,2,PS,PS,PS,PS,PS,PS,PS,PS,PS,PS,PS,PS,PS,PS,PS,PS,PS,PS,PS,PS,PS,PS,PS,PS,PS,PS,PS,PS,PS,PS,PS,PS,PS,PS,PS,PS,PS,PS,PS,PS,PS,PS,PS,PS,PS,PS,PS,PS,PS,PS,PS,PS,PS,PS,PS,PS,PS,PS,PS,PS,PS,PS,PS,PS,0,PS,PS,PS,PS,PS,PS,PS,PS,PS,PS,PS,PS,PS,PS,PS,PS,PS,PS,PS,PS,PS,PS,PS,PS,PS,PS,PS,PS,PS,PS,PS,PS,PS,PS,PS,PS,PS,PS,PS,PS,PS,PS,PS,PS,PS,0,PS,PS,PS,PS,PS,0,PS,PS,PS,PS,PS,PS,PS,PS,PS,PS,PS,PS,PS,13,PS,PS,PS,PS,PS,PS,PS,PS,PS,PS,PS,PS,PS,PS,PS,PS,PS,1,0,PS,PS,PS,PS,PS,PS,PS,PS,PS,PS,PS,PS,PS,43799,83343,60801,111527
232186,003749,George Mason University,Public,1,5208,Finance and Financial Management Services.,3,Bachelor's Degree,120,60,173,22944,21500,165,20323,20000,20,43336,39139,16,50437,PS,95,23421,21500,91,20074,20000,PS,PS,PS,PS,PS,PS,78,22363,22500,74,20629,20687,PS,PS,PS,PS,PS,PS,101,23571,20871,96,20441,20442,PS,PS,PS,PS,PS,PS,72,22064,23278,69,20160,20000,PS,PS,PS,PS,PS,PS,465,PS,228,212,12,169,186,52937,4,144,154,58057,168,<=0.10,<=0.10,0.10 - 0.19,<=0.10,0.10 - 0.19,0.40 - 0.49,0.10 - 0.19,<=0.10,166,<=0.10,<=0.10,0.10 - 0.19,<=0.10,<=0.10,0.40 - 0.49,0.20 - 0.29,<=0.10,125,60184,75,64471,108,62270,92,63431,154,70455,144,137,111,70012,42,71286,91,71230,63,69265,5,200,62989,170,PS,178,7,207,88080,PS,109,81598,41,89126,92,84174,58,83682,PS,123,166,<=0.10,<=0.10,0.50 - 0.59,<=0.10,<=0.10,0.10 - 0.19,0.10 - 0.19,<=0.10,166,<=0.10,<=0.10,0.40 - 0.49,<=0.10,<=0.10,0.20 - 0.29,0.30 - 0.39,<=0.10,1,12,151,97027,143,112,93630,38,106309,95,100180,57,92713,PS,122,43799,83343,60801,111527
232265,003714,Hampton University,"Private, nonprofit",1,5208,Finance and Financial Management Services.,3,Bachelor's Degree,11,3,PS,PS,PS,PS,PS,PS,PS,PS,PS,PS,PS,PS,PS,PS,PS,PS,PS,PS,PS,PS,PS,PS,PS,PS,PS,PS,PS,PS,PS,PS,PS,PS,PS,PS,PS,PS,PS,PS,PS,PS,PS,PS,PS,PS,PS,PS,PS,PS,PS,PS,PS,PS,PS,PS,PS,PS,PS,PS,PS,PS,PS,PS,PS,PS,1,PS,PS,PS,PS,PS,PS,PS,PS,PS,PS,PS,PS,PS,PS,PS,PS,PS,PS,PS,PS,PS,PS,PS,PS,PS,PS,PS,PS,PS,PS,PS,PS,PS,PS,PS,PS,PS,PS,PS,PS,PS,PS,PS,PS,PS,2,PS,PS,PS,PS,PS,2,PS,PS,PS,PS,PS,PS,PS,PS,PS,PS,PS,PS,PS,PS,PS,PS,PS,PS,PS,PS,PS,PS,PS,PS,PS,PS,PS,PS,PS,PS,PS,2,0,PS,PS,PS,PS,PS,PS,PS,PS,PS,PS,PS,PS,PS,43799,83343,60801,111527
232423,003721,James Madison University,Public,1,5208,Finance and Financial Management Services.,3,Bachelor's Degree,140,129,128,PS,20500,128,PS,19500,43,PS,50660,43,PS,50660,103,PS,21000,103,PS,19500,33,PS,PS,33,PS,PS,25,PS,19742,25,PS,19742,10,PS,PS,10,PS,PS,31,PS,24762,31,PS,19233,11,PS,PS,11,PS,PS,97,PS,20500,97,PS,19500,32,PS,PS,32,PS,PS,602,602,217,207,3,146,149,65544,1,110,114,67380,129,<=0.10,<=0.10,<=0.10,<=0.10,<=0.10,0.50 - 0.59,0.20 - 0.29,<=0.10,111,<=0.10,<=0.10,<=0.10,<=0.10,<=0.10,0.50 - 0.59,0.20 - 0.29,<=0.10,36,63846,98,68206,107,67256,27,68138,112,80406,112,109,35,80454,77,81381,92,81127,20,74487,2,134,67849,125,PS,83,1,157,104926,PS,34,94748,76,94806,91,95822,20,82214,PS,50,145,<=0.10,<=0.10,0.40 - 0.49,<=0.10,<=0.10,0.30 - 0.39,0.10 - 0.19,<=0.10,111,<=0.10,<=0.10,0.30 - 0.39,<=0.10,<=0.10,0.20 - 0.29,0.30 - 0.39,<=0.10,1,1,109,113644,106,32,124161,76,108930,88,117049,20,93823,PS,48,43799,83343,60801,111527
232609,003720,University of Lynchburg,"Private, nonprofit",1,5208,Finance and Financial Management Services.,3,Bachelor's Degree,,3,,,,,,,,,,,,,,,,,,,,,,,,,,,,,,,,,,,,,,,,,,,,,,,,,,,,,,,,,,,,,,,,,,,,,,,,,,,,,,,,,,,,,,,,,,,,,,,,,,,,,,,,,,,,,,,,,,,,,,PS,PS,,,,,,,,,,,,,,,,,,,,,,,,,,,,,,1,,,,,,,,,,,,,,,PS,PS,PS,PS
232982,003728,Old Dominion University,Public,1,5208,Finance and Financial Management Services.,3,Bachelor's Degree,80,85,148,25246,25000,139,23616,23849,23,28827,16035,20,31650,18947,92,24643,24759,88,23048,22250,PS,PS,PS,PS,PS,PS,56,26237,26875,51,24596,25300,PS,PS,PS,PS,PS,PS,95,27379,28000,88,25470,24881,PS,PS,PS,PS,PS,PS,53,21422,23849,51,20418,21574,PS,PS,PS,PS,PS,PS,191,225,265,253,8,128,142,42956,4,58,69,41406,117,<=0.10,<=0.10,0.20 - 0.29,<=0.10,0.10 - 0.19,0.30 - 0.39,0.10 - 0.19,<=0.10,88,<=0.20,<=0.20,<=0.20,<=0.20,<=0.20,0.20 - 0.39,<=0.20,<=0.20,90,46718,41,49761,82,47865,50,42816,78,49164,68,62,55,51522,23,42269,52,50215,26,43338,11,132,48125,99,PS,114,8,146,67320,PS,49,60511,19,43627,48,56948,20,59105,PS,55,130,<=0.10,<=0.10,0.60 - 0.69,<=0.10,0.10 - 0.19,<=0.10,<=0.10,<=0.10,88,<=0.20,<=0.20,0.60 - 0.79,<=0.20,<=0.20,<=0.20,<=0.20,<=0.20,3,8,68,67196,59,49,69266,19,50073,46,68846,22,63266,PS,54,43799,83343,60801,111527
233277,003732,Radford University,Public,1,5208,Finance and Financial Management Services.,3,Bachelor's Degree,29,47,63,PS,25000,63,PS,24900,19,PS,24234,19,PS,24234,47,PS,PS,47,PS,PS,PS,PS,PS,PS,PS,PS,16,PS,PS,16,PS,PS,PS,PS,PS,PS,PS,PS,42,PS,25000,42,PS,23357,PS,PS,PS,PS,PS,PS,21,PS,25358,21,PS,25000,PS,PS,PS,PS,PS,PS,288,288,265,264,0,71,79,39726,2,49,50,50856,72,<=0.20,<=0.20,<=0.20,<=0.20,0.20 - 0.39,0.40 - 0.59,<=0.20,<=0.20,59,<=0.20,<=0.20,<=0.20,<=0.20,<=0.20,0.40 - 0.59,0.20 - 0.39,<=0.20,42,47053,19,49907,43,51227,18,41217,48,59246,46,45,27,55118,21,70516,38,61780,PS,PS,2,61,48446,46,PS,44,2,59,72364,PS,25,74634,22,79862,36,78363,PS,PS,PS,34,53,<=0.20,<=0.20,0.60 - 0.79,<=0.20,<=0.20,<=0.20,<=0.20,<=0.20,59,<=0.20,<=0.20,0.40 - 0.59,<=0.20,<=0.20,0.20 - 0.39,0.20 - 0.39,<=0.20,1,1,51,85810,50,26,71673,PS,PS,PS,PS,PS,PS,PS,35,43799,83343,60801,111527
233921,003754,Virginia Polytechnic Institute and State University,Public,1,5208,Finance and Financial Management Services.,3,Bachelor's Degree,294,359,213,20421,22500,212,20024,21500,57,PS,46334,57,PS,46334,160,20898,24000,159,20415,23000,38,PS,49489,38,PS,49489,53,PS,17500,53,PS,17500,19,PS,34800,19,PS,34800,65,21067,20500,64,20708,19750,11,PS,PS,11,PS,PS,148,PS,22953,148,PS,22250,46,PS,PS,46,PS,PS,551,551,239,228,1,194,207,59846,3,178,183,61714,219,<=0.05,<=0.05,0.05 - 0.09,<=0.05,0.10 - 0.14,0.55 - 0.59,0.20 - 0.24,<=0.05,177,<=0.10,<=0.10,<=0.10,<=0.10,0.10 - 0.19,0.40 - 0.49,0.20 - 0.29,<=0.10,64,66233,140,67396,157,67462,46,65994,182,73996,176,172,60,73491,122,75398,124,68619,58,79599,7,203,66601,189,PS,119,6,258,102902,PS,56,87132,115,84904,118,76680,53,93713,PS,95,168,<=0.10,<=0.10,0.50 - 0.59,<=0.10,<=0.10,0.20 - 0.29,0.10 - 0.19,<=0.10,177,<=0.10,<=0.10,0.40 - 0.49,<=0.10,<=0.10,0.10 - 0.19,0.30 - 0.39,<=0.10,1,10,172,101795,165,56,98980,116,103208,119,96370,54,112050,PS,91,43799,83343,60801,111527
234030,003735,Virginia Commonwealth University,Public,1,5208,Finance and Financial Management Services.,3,Bachelor's Degree,79,90,PS,PS,PS,PS,PS,PS,PS,PS,PS,PS,PS,PS,PS,PS,PS,PS,PS,PS,PS,PS,PS,PS,PS,PS,PS,PS,PS,PS,PS,PS,PS,PS,PS,PS,PS,PS,PS,PS,PS,PS,PS,PS,PS,PS,PS,PS,PS,PS,PS,PS,PS,PS,PS,PS,PS,PS,PS,PS,PS,PS,PS,PS,PS,PS,0,PS,PS,PS,0,9,12,57318,PS,PS,PS,PS,PS,PS,PS,PS,PS,PS,PS,PS,PS,PS,PS,PS,PS,PS,PS,PS,PS,PS,PS,PS,PS,PS,PS,PS,PS,PS,PS,PS,PS,PS,PS,PS,PS,PS,0,PS,PS,PS,PS,PS,2,PS,PS,PS,PS,PS,PS,PS,PS,PS,PS,PS,PS,PS,PS,PS,PS,PS,PS,PS,PS,PS,PS,PS,PS,PS,PS,PS,PS,PS,PS,PS,1,0,PS,PS,PS,PS,PS,PS,PS,PS,PS,PS,PS,PS,PS,43799,83343,60801,111527
234164,003766,Virginia Union University,"Private, nonprofit",1,5208,Finance and Financial Management Services.,3,Bachelor's Degree,0,3,PS,PS,PS,PS,PS,PS,PS,PS,PS,PS,PS,PS,PS,PS,PS,PS,PS,PS,PS,PS,PS,PS,PS,PS,PS,PS,PS,PS,PS,PS,PS,PS,PS,PS,PS,PS,PS,PS,PS,PS,PS,PS,PS,PS,PS,PS,PS,PS,PS,PS,PS,PS,PS,PS,PS,PS,PS,PS,PS,PS,PS,PS,PS,PS,0,PS,PS,PS,PS,PS,PS,PS,PS,PS,PS,PS,PS,PS,PS,PS,PS,PS,PS,PS,PS,PS,PS,PS,PS,PS,PS,PS,PS,PS,PS,PS,PS,PS,PS,PS,PS,PS,PS,PS,PS,PS,PS,PS,PS,PS,0,PS,PS,PS,PS,PS,PS,PS,PS,PS,PS,PS,PS,PS,PS,PS,PS,PS,PS,PS,PS,PS,PS,PS,PS,PS,PS,PS,PS,PS,PS,PS,PS,PS,PS,PS,PS,PS,1,PS,PS,PS,PS,PS,PS,PS,PS,PS,PS,PS,PS,PS,PS,43799,83343,60801,111527
234827,003771,Central Washington University,Public,1,5208,Finance and Financial Management Services.,3,Bachelor's Degree,48,2,PS,PS,PS,PS,PS,PS,PS,PS,PS,PS,PS,PS,PS,PS,PS,PS,PS,PS,PS,PS,PS,PS,PS,PS,PS,PS,PS,PS,PS,PS,PS,PS,PS,PS,PS,PS,PS,PS,PS,PS,PS,PS,PS,PS,PS,PS,PS,PS,PS,PS,PS,PS,PS,PS,PS,PS,PS,PS,PS,PS,PS,PS,PS,PS,PS,PS,PS,PS,PS,PS,PS,PS,PS,PS,PS,PS,PS,PS,PS,PS,PS,PS,PS,PS,PS,PS,PS,PS,PS,PS,PS,PS,PS,PS,PS,PS,PS,PS,PS,PS,PS,PS,PS,PS,PS,PS,PS,PS,PS,PS,0,PS,PS,PS,PS,PS,PS,PS,PS,PS,PS,PS,PS,PS,PS,PS,PS,PS,PS,PS,PS,PS,PS,PS,PS,PS,PS,PS,PS,PS,PS,PS,PS,PS,PS,PS,PS,PS,1,PS,PS,PS,PS,PS,PS,PS,PS,PS,PS,PS,PS,PS,PS,PS,PS,PS,PS
235097,003775,Eastern Washington University,Public,1,5208,Finance and Financial Management Services.,3,Bachelor's Degree,54,61,70,19850,17074,67,16584,15298,13,22668,PS,12,22080,PS,51,19484,17519,49,16293,PS,PS,PS,PS,PS,PS,PS,19,20830,16630,18,17377,PS,PS,PS,PS,PS,PS,PS,32,21832,16792,31,15697,15000,PS,PS,PS,PS,PS,PS,38,18180,17074,36,17348,15496,PS,PS,PS,PS,PS,PS,PS,PS,181,162,3,65,70,40949,5,74,90,41689,68,<=0.20,<=0.20,<=0.20,<=0.20,<=0.20,0.40 - 0.59,<=0.20,<=0.20,85,<=0.20,<=0.20,<=0.20,<=0.20,0.20 - 0.39,0.20 - 0.39,<=0.20,<=0.20,37,47986,39,52006,52,52956,24,41070,89,51822,83,74,60,44327,30,55095,49,54285,41,44156,1,74,48728,66,PS,63,8,77,66710,PS,60,49111,28,67354,49,63381,39,51511,PS,77,63,<=0.20,<=0.20,0.60 - 0.79,<=0.20,<=0.20,<=0.20,<=0.20,<=0.20,85,<=0.20,<=0.20,0.20 - 0.39,<=0.20,<=0.20,0.20 - 0.39,<=0.20,<=0.20,1,7,84,65601,72,57,62552,27,69330,45,67438,39,62613,PS,74,43799,83343,60801,111527
236595,003790,Seattle University,"Private, nonprofit",1,5208,Finance and Financial Management Services.,3,Bachelor's Degree,89,49,55,PS,24000,55,PS,23000,11,PS,PS,11,PS,PS,31,PS,26000,31,PS,26000,PS,PS,PS,PS,PS,PS,24,PS,19825,24,PS,18500,PS,PS,PS,PS,PS,PS,21,PS,24000,21,PS,23000,PS,PS,PS,PS,PS,PS,34,PS,22750,34,PS,22000,PS,PS,PS,PS,PS,PS,PS,PS,254,244,2,66,69,51016,3,49,55,58221,60,<=0.20,<=0.20,<=0.20,<=0.20,<=0.20,0.60 - 0.79,<=0.20,<=0.20,59,<=0.20,<=0.20,<=0.20,<=0.20,<=0.20,0.40 - 0.59,0.20 - 0.39,<=0.20,PS,PS,34,61674,38,56269,22,55750,55,61719,50,46,30,52394,25,76164,36,63891,PS,PS,2,60,55823,51,PS,43,4,71,99791,PS,29,68444,20,94810,32,69038,16,71772,PS,32,57,<=0.20,<=0.20,0.20 - 0.39,<=0.20,<=0.20,0.20 - 0.39,<=0.20,<=0.20,59,<=0.20,<=0.20,0.40 - 0.59,<=0.20,<=0.20,<=0.20,0.20 - 0.39,<=0.20,1,4,45,83378,40,27,79974,17,95665,29,81447,16,98566,PS,27,43799,83343,60801,111527
236939,003800,Washington State University,Public,1,5208,Finance and Financial Management Services.,3,Bachelor's Degree,244,200,146,19884,19762,142,18804,19500,62,38638,33177,57,40366,36270,115,19899,19939,113,18927,19500,47,43921,PS,45,44568,PS,31,19830,19500,29,18323,19500,15,22085,PS,12,24607,PS,65,21972,22290,64,19670,20293,17,26119,PS,15,27663,PS,81,18210,19500,78,18094,19500,45,43367,PS,42,44902,PS,395,431,210,207,6,112,125,50289,4,110,124,51035,115,<=0.10,<=0.10,<=0.10,<=0.10,0.10 - 0.19,0.50 - 0.59,<=0.10,<=0.10,126,<=0.10,<=0.10,0.10 - 0.19,<=0.10,<=0.10,0.40 - 0.49,0.20 - 0.29,<=0.10,92,51054,81,62415,135,58964,38,54387,135,62433,123,115,77,61063,58,63183,99,63989,37,56764,9,173,56947,139,PS,146,3,134,86012,PS,74,68656,58,74933,94,71639,38,69601,PS,100,135,<=0.10,<=0.10,0.50 - 0.59,<=0.10,<=0.10,0.20 - 0.29,<=0.10,<=0.10,126,<=0.10,<=0.10,0.40 - 0.49,<=0.10,<=0.10,0.20 - 0.29,0.20 - 0.29,<=0.10,1,9,124,82433,112,68,78029,56,86043,90,83547,33,82266,PS,91,43799,83343,60801,111527
236948,003798,University of Washington-Seattle Campus,Public,1,5208,Finance and Financial Management Services.,3,Bachelor's Degree,295,304,135,15594,14208,129,14571,13856,36,46932,39270,35,47299,40407,96,15822,14233,92,14733,14190,PS,PS,PS,PS,PS,PS,39,15033,13549,37,14169,13208,PS,PS,PS,PS,PS,PS,55,14909,13500,51,13486,11714,PS,PS,PS,PS,PS,PS,80,16065,15217,78,15280,14943,PS,PS,PS,PS,PS,PS,467,480,151,147,4,160,169,59174,4,195,204,63898,147,<=0.10,<=0.10,<=0.10,<=0.10,0.10 - 0.19,0.50 - 0.59,0.20 - 0.29,<=0.10,154,<=0.10,<=0.10,<=0.10,<=0.10,<=0.10,0.40 - 0.49,0.30 - 0.39,<=0.10,90,61342,86,67872,127,63596,48,64763,201,78089,187,179,110,73731,90,85578,139,76908,62,79140,13,175,63500,151,PS,154,8,186,97452,PS,106,94291,86,94475,132,96152,60,88462,PS,155,144,<=0.10,<=0.10,0.30 - 0.39,<=0.10,0.10 - 0.19,0.20 - 0.29,0.20 - 0.29,<=0.10,154,<=0.10,<=0.10,0.20 - 0.29,<=0.10,<=0.10,0.20 - 0.29,0.40 - 0.49,<=0.10,1,12,186,106265,170,105,104126,81,109000,124,107318,60,104595,PS,149,43799,83343,60801,111527
237011,003802,Western Washington University,Public,1,5208,Finance and Financial Management Services.,3,Bachelor's Degree,42,47,65,21366,20610,62,19500,19084,26,23626,14526,21,26716,22482,49,21698,PS,47,19994,PS,PS,PS,PS,PS,PS,PS,16,20347,PS,15,17953,PS,PS,PS,PS,PS,PS,PS,29,PS,21080,29,PS,19168,10,21854,PS,PS,PS,PS,36,19425,19999,33,18499,17547,16,24733,PS,PS,PS,PS,173,267,219,202,1,54,59,41065,2,39,42,45696,51,<=0.20,<=0.20,<=0.20,<=0.20,<=0.20,0.40 - 0.59,0.20 - 0.39,<=0.20,38,PS,PS,PS,PS,PS,0.40 - 0.59,PS,PS,33,50628,37,54505,53,51192,17,55085,43,57167,40,40,27,56157,16,58523,31,55622,PS,PS,3,70,51984,56,PS,62,2,64,75730,PS,26,70367,PS,PS,31,68149,PS,PS,PS,35,58,<=0.20,<=0.20,0.60 - 0.79,<=0.20,<=0.20,0.20 - 0.39,<=0.20,<=0.20,38,PS,PS,0.40 - 0.59,PS,PS,0.20 - 0.39,PS,PS,1,2,43,75026,36,PS,PS,PS,PS,PS,PS,PS,PS,PS,34,43799,83343,60801,111527
237181,003808,Bethany College,"Private, nonprofit",1,5208,Finance and Financial Management Services.,3,Bachelor's Degree,2,1,PS,PS,PS,PS,PS,PS,PS,PS,PS,PS,PS,PS,PS,PS,PS,PS,PS,PS,PS,PS,PS,PS,PS,PS,PS,PS,PS,PS,PS,PS,PS,PS,PS,PS,PS,PS,PS,PS,PS,PS,PS,PS,PS,PS,PS,PS,PS,PS,PS,PS,PS,PS,PS,PS,PS,PS,PS,PS,PS,PS,PS,PS,PS,PS,0,PS,PS,PS,PS,PS,PS,PS,PS,PS,PS,PS,PS,PS,PS,PS,PS,PS,PS,PS,PS,PS,PS,PS,PS,PS,PS,PS,PS,PS,PS,PS,PS,PS,PS,PS,PS,PS,PS,PS,PS,PS,PS,PS,PS,PS,PS,PS,PS,PS,PS,PS,PS,PS,PS,PS,PS,PS,PS,PS,PS,PS,PS,PS,PS,PS,PS,PS,PS,PS,PS,PS,PS,PS,PS,PS,PS,PS,PS,PS,PS,PS,PS,PS,1,PS,PS,PS,PS,PS,PS,PS,PS,PS,PS,PS,PS,PS,PS,43799,83343,60801,111527
237358,003811,Davis & Elkins College,"Private, nonprofit",1,5208,Finance and Financial Management Services.,3,Bachelor's Degree,0,2,PS,PS,PS,PS,PS,PS,PS,PS,PS,PS,PS,PS,PS,PS,PS,PS,PS,PS,PS,PS,PS,PS,PS,PS,PS,PS,PS,PS,PS,PS,PS,PS,PS,PS,PS,PS,PS,PS,PS,PS,PS,PS,PS,PS,PS,PS,PS,PS,PS,PS,PS,PS,PS,PS,PS,PS,PS,PS,PS,PS,PS,PS,PS,PS,PS,PS,PS,PS,PS,PS,PS,PS,PS,PS,PS,PS,PS,PS,PS,PS,PS,PS,PS,PS,PS,PS,PS,PS,PS,PS,PS,PS,PS,PS,PS,PS,PS,PS,PS,PS,PS,PS,PS,PS,PS,PS,PS,PS,PS,PS,0,PS,PS,PS,PS,PS,PS,PS,PS,PS,PS,PS,PS,PS,PS,PS,PS,PS,PS,PS,PS,PS,PS,PS,PS,PS,PS,PS,PS,PS,PS,PS,PS,PS,PS,PS,PS,PS,1,PS,PS,PS,PS,PS,PS,PS,PS,PS,PS,PS,PS,PS,PS,PS,PS,PS,PS
237525,003815,Marshall University,Public,1,5208,Finance and Financial Management Services.,3,Bachelor's Degree,26,11,43,PS,26696,43,PS,24250,PS,PS,PS,PS,PS,PS,27,PS,PS,27,PS,PS,PS,PS,PS,PS,PS,PS,16,PS,PS,16,PS,PS,PS,PS,PS,PS,PS,PS,25,PS,PS,25,PS,PS,PS,PS,PS,PS,PS,PS,18,PS,PS,18,PS,PS,PS,PS,PS,PS,PS,PS,PS,PS,283,257,4,24,26,38482,0,24,27,36848,23,PS,PS,PS,PS,PS,PS,PS,PS,26,PS,PS,PS,PS,PS,PS,PS,PS,PS,PS,PS,PS,PS,PS,PS,PS,26,46822,25,24,20,46775,PS,PS,16,47798,PS,PS,3,36,36046,24,PS,21,0,46,63906,PS,20,50492,PS,PS,PS,PS,PS,PS,PS,PS,40,PS,PS,0.40 - 0.59,PS,PS,PS,PS,PS,26,PS,PS,0.40 - 0.59,PS,PS,PS,PS,PS,1,0,31,58402,27,PS,PS,PS,PS,PS,PS,PS,PS,PS,PS,43799,83343,60801,111527
238032,003827,West Virginia University,Public,1,5208,Finance and Financial Management Services.,3,Bachelor's Degree,149,138,117,PS,25000,117,PS,24242,50,PS,53588,50,PS,51745,99,PS,PS,99,PS,PS,PS,PS,PS,PS,PS,PS,18,PS,PS,18,PS,PS,PS,PS,PS,PS,PS,PS,44,PS,26469,44,PS,25242,21,PS,42582,21,PS,39504,73,PS,22250,73,PS,21500,29,PS,65584,29,PS,53807,637,615,265,257,6,106,119,43925,1,75,85,47440,114,<=0.10,<=0.10,0.10 - 0.19,<=0.10,0.20 - 0.29,0.40 - 0.49,<=0.10,<=0.10,103,<=0.10,<=0.10,0.10 - 0.19,<=0.10,0.10 - 0.19,0.50 - 0.59,0.10 - 0.19,<=0.10,42,47243,66,49206,PS,PS,PS,PS,87,58590,74,71,36,61900,51,57664,67,61960,20,44855,5,110,48645,83,PS,28,3,141,76959,PS,34,73260,51,71310,69,72220,16,54552,PS,PS,120,<=0.10,<=0.10,0.40 - 0.49,<=0.10,0.10 - 0.19,0.10 - 0.19,<=0.10,<=0.10,103,<=0.10,<=0.10,0.50 - 0.59,<=0.10,<=0.10,0.20 - 0.29,0.10 - 0.19,<=0.10,1,2,89,80532,81,35,88142,54,78919,69,88468,19,61217,PS,PS,43799,83343,60801,111527
238458,003838,Carroll University,"Private, nonprofit",1,5208,Finance and Financial Management Services.,3,Bachelor's Degree,8,14,14,PS,PS,14,PS,PS,PS,PS,PS,PS,PS,PS,PS,PS,PS,PS,PS,PS,PS,PS,PS,PS,PS,PS,PS,PS,PS,PS,PS,PS,PS,PS,PS,PS,PS,PS,PS,PS,PS,PS,PS,PS,PS,PS,PS,PS,PS,PS,PS,PS,PS,PS,PS,PS,PS,PS,PS,PS,PS,PS,PS,PS,PS,PS,0,16,16,46020,PS,PS,PS,PS,PS,PS,PS,PS,PS,PS,PS,PS,PS,PS,PS,PS,PS,PS,PS,PS,PS,PS,PS,PS,PS,PS,PS,PS,PS,PS,PS,PS,PS,PS,PS,PS,PS,PS,PS,PS,PS,PS,0,PS,PS,PS,PS,PS,0,21,79884,PS,PS,PS,PS,PS,PS,PS,PS,PS,PS,PS,14,PS,PS,PS,PS,PS,PS,PS,PS,PS,PS,PS,PS,PS,PS,PS,PS,PS,1,0,PS,PS,PS,PS,PS,PS,PS,PS,PS,PS,PS,PS,PS,43799,83343,60801,111527
238476,003839,Carthage College,"Private, nonprofit",1,5208,Finance and Financial Management Services.,3,Bachelor's Degree,26,39,63,PS,26000,63,PS,25709,12,PS,PS,12,PS,PS,47,PS,PS,47,PS,PS,PS,PS,PS,PS,PS,PS,16,PS,PS,16,PS,PS,PS,PS,PS,PS,PS,PS,26,PS,27000,26,PS,27000,PS,PS,PS,PS,PS,PS,37,PS,24250,37,PS,23250,PS,PS,PS,PS,PS,PS,PS,PS,276,273,1,59,64,51296,0,44,45,53537,60,<=0.20,<=0.20,<=0.20,<=0.20,<=0.20,0.40 - 0.59,0.20 - 0.39,<=0.20,44,PS,PS,PS,PS,PS,0.40 - 0.59,0.20 - 0.39,PS,24,56391,33,64318,PS,PS,PS,PS,44,65252,42,42,PS,PS,34,69203,32,66354,PS,PS,0,57,58543,49,PS,PS,1,61,86952,PS,PS,PS,31,74582,30,74803,PS,PS,PS,18,64,<=0.20,<=0.20,0.40 - 0.59,<=0.20,<=0.20,0.20 - 0.39,<=0.20,<=0.20,44,PS,PS,0.20 - 0.39,PS,PS,PS,0.20 - 0.39,PS,1,1,42,81378,40,PS,PS,PS,PS,PS,PS,PS,PS,PS,17,43799,83343,60801,111527
238616,003842,Concordia University-Wisconsin,"Private, nonprofit",1,5208,Finance and Financial Management Services.,3,Bachelor's Degree,24,17,23,PS,27000,23,PS,25260,PS,PS,PS,PS,PS,PS,PS,PS,PS,PS,PS,PS,PS,PS,PS,PS,PS,PS,PS,PS,PS,PS,PS,PS,PS,PS,PS,PS,PS,PS,12,PS,PS,12,PS,PS,PS,PS,PS,PS,PS,PS,11,PS,PS,11,PS,PS,PS,PS,PS,PS,PS,PS,PS,PS,286,268,2,28,29,51257,0,14,14,49631,22,PS,PS,PS,PS,PS,PS,PS,PS,20,PS,PS,PS,PS,PS,PS,PS,PS,PS,PS,PS,PS,PS,PS,PS,PS,PS,PS,PS,PS,PS,PS,PS,PS,PS,PS,PS,PS,0,24,51235,22,PS,21,1,30,63594,PS,PS,PS,PS,PS,PS,PS,PS,PS,PS,PS,31,PS,PS,0.40 - 0.59,PS,PS,PS,PS,PS,20,PS,PS,PS,PS,PS,PS,PS,PS,1,0,PS,PS,PS,PS,PS,PS,PS,PS,PS,PS,PS,PS,PS,43799,83343,60801,111527
239080,003861,Marian University,"Private, nonprofit",1,5208,Finance and Financial Management Services.,3,Bachelor's Degree,8,8,PS,PS,PS,PS,PS,PS,PS,PS,PS,PS,PS,PS,PS,PS,PS,PS,PS,PS,PS,PS,PS,PS,PS,PS,PS,PS,PS,PS,PS,PS,PS,PS,PS,PS,PS,PS,PS,PS,PS,PS,PS,PS,PS,PS,PS,PS,PS,PS,PS,PS,PS,PS,PS,PS,PS,PS,PS,PS,PS,PS,PS,PS,PS,PS,0,PS,PS,PS,PS,PS,PS,PS,PS,PS,PS,PS,PS,PS,PS,PS,PS,PS,PS,PS,PS,PS,PS,PS,PS,PS,PS,PS,PS,PS,PS,PS,PS,PS,PS,PS,PS,PS,PS,PS,PS,PS,PS,PS,PS,PS,0,PS,PS,PS,PS,PS,0,PS,PS,PS,PS,PS,PS,PS,PS,PS,PS,PS,PS,PS,PS,PS,PS,PS,PS,PS,PS,PS,PS,PS,PS,PS,PS,PS,PS,PS,PS,PS,1,0,PS,PS,PS,PS,PS,PS,PS,PS,PS,PS,PS,PS,PS,43799,83343,60801,111527
239105,003863,Marquette University,"Private, nonprofit",1,5208,Finance and Financial Management Services.,3,Bachelor's Degree,175,163,113,21512,24044,112,21146,21643,35,PS,33910,35,PS,33910,96,21083,PS,95,20720,PS,PS,PS,PS,PS,PS,PS,17,PS,PS,17,PS,PS,PS,PS,PS,PS,PS,PS,36,PS,26030,36,PS,25296,13,PS,PS,13,PS,PS,77,20049,21661,76,19779,20812,22,PS,PS,22,PS,PS,403,403,255,229,3,134,138,57717,1,149,153,63115,114,<=0.10,<=0.10,<=0.10,<=0.10,0.10 - 0.19,0.50 - 0.59,0.20 - 0.29,<=0.10,124,<=0.10,<=0.10,<=0.10,<=0.10,<=0.10,0.50 - 0.59,0.20 - 0.29,<=0.10,38,71615,74,66687,94,68564,19,63700,156,75024,151,149,46,71984,110,76866,127,75782,30,73243,2,112,67888,106,PS,39,2,131,97719,PS,45,82772,107,89043,121,87598,31,79984,PS,46,117,<=0.10,<=0.10,0.30 - 0.39,<=0.10,0.10 - 0.19,0.30 - 0.39,0.20 - 0.29,<=0.10,124,<=0.10,<=0.10,0.20 - 0.29,<=0.10,<=0.10,0.20 - 0.29,0.30 - 0.39,<=0.10,1,3,152,101453,147,45,92179,107,103302,121,102184,31,91829,PS,44,43799,83343,60801,111527
239318,003868,Milwaukee School of Engineering,"Private, nonprofit",1,5208,Finance and Financial Management Services.,3,Bachelor's Degree,,0,,,,,,,,,,,,,,,,,,,,,,,,,,,,,,,,,,,,,,,,,,,,,,,,,,,,,,,,,,,,,,,,,,,,,,,,,,,,,,,,,,,,,,,,,,,,,,,,,,,,,,,,,,,,,,,,,,,,,,PS,PS,,,,,,,,,,,,,,,,,,,,,,,,,,,,,,1,,,,,,,,,,,,,,,PS,PS,PS,PS
239628,003884,Ripon College,"Private, nonprofit",1,5208,Finance and Financial Management Services.,3,Bachelor's Degree,4,6,,,,,,,,,,,,,,,,,,,,,,,,,,,,,,,,,,,,,,,,,,,,,,,,,,,,,,,,,,,,,,,,,,,,,,,,,,,,,,,,,,,,,,,,,,,PS,PS,PS,PS,PS,PS,PS,PS,,,,,,,,,,,,,PS,PS,PS,PS,PS,PS,,PS,PS,,,,,,,,,,,,,,,,,,,,,,,,,,,,,,1,PS,PS,PS,PS,PS,PS,PS,PS,PS,PS,PS,PS,PS,PS,PS,PS,PS,PS
239716,003892,Saint Norbert College,"Private, nonprofit",1,5208,Finance and Financial Management Services.,3,Bachelor's Degree,51,42,36,PS,27000,36,PS,27000,10,PS,PS,10,PS,PS,PS,PS,PS,PS,PS,PS,PS,PS,PS,PS,PS,PS,PS,PS,PS,PS,PS,PS,PS,PS,PS,PS,PS,PS,12,PS,PS,12,PS,PS,PS,PS,PS,PS,PS,PS,24,PS,PS,24,PS,PS,PS,PS,PS,PS,PS,PS,PS,PS,286,286,0,16,16,43331,0,21,25,50439,23,PS,PS,PS,PS,PS,0.40 - 0.59,PS,PS,26,PS,PS,PS,PS,PS,0.40 - 0.59,PS,PS,PS,PS,PS,PS,PS,PS,PS,PS,26,56279,26,25,PS,PS,17,55012,17,52953,PS,PS,1,36,51451,32,PS,24,0,27,72464,PS,PS,PS,17,68529,PS,PS,PS,PS,PS,17,27,PS,PS,0.60 - 0.79,PS,PS,PS,PS,PS,26,PS,PS,PS,PS,PS,PS,0.40 - 0.59,PS,1,0,27,79201,25,PS,PS,PS,PS,PS,PS,PS,PS,PS,17,43799,83343,60801,111527
240107,003911,Viterbo University,"Private, nonprofit",1,5208,Finance and Financial Management Services.,3,Bachelor's Degree,9,6,PS,PS,PS,PS,PS,PS,PS,PS,PS,PS,PS,PS,PS,PS,PS,PS,PS,PS,PS,PS,PS,PS,PS,PS,PS,PS,PS,PS,PS,PS,PS,PS,PS,PS,PS,PS,PS,PS,PS,PS,PS,PS,PS,PS,PS,PS,PS,PS,PS,PS,PS,PS,PS,PS,PS,PS,PS,PS,PS,PS,PS,PS,PS,PS,0,PS,PS,PS,PS,PS,PS,PS,PS,PS,PS,PS,PS,PS,PS,PS,PS,PS,PS,PS,PS,PS,PS,PS,PS,PS,PS,PS,PS,PS,PS,PS,PS,PS,PS,PS,PS,PS,PS,PS,PS,PS,PS,PS,PS,PS,0,PS,PS,PS,PS,PS,PS,PS,PS,PS,PS,PS,PS,PS,PS,PS,PS,PS,PS,PS,PS,PS,PS,PS,PS,PS,PS,PS,PS,PS,PS,PS,PS,PS,PS,PS,PS,PS,1,PS,PS,PS,PS,PS,PS,PS,PS,PS,PS,PS,PS,PS,PS,43799,83343,60801,111527
240189,003926,University of Wisconsin-Whitewater,Public,1,5208,Finance and Financial Management Services.,3,Bachelor's Degree,190,198,249,22392,25469,245,21457,22500,42,22094,16350,39,22523,18390,177,22077,25495,174,21070,21500,28,22822,PS,26,22992,PS,72,23167,25234,71,22407,24250,14,20638,PS,13,21583,PS,89,23688,25866,88,22249,21755,15,14784,PS,13,14761,PS,160,21671,25234,157,21013,23500,27,26155,PS,26,26403,PS,194,219,270,239,2,197,207,48038,0,190,198,49324,202,<=0.05,<=0.05,0.10 - 0.14,<=0.05,0.15 - 0.19,0.50 - 0.54,0.15 - 0.19,<=0.05,193,<=0.10,<=0.10,0.10 - 0.19,<=0.10,0.10 - 0.19,0.40 - 0.49,0.20 - 0.29,<=0.10,101,55234,154,56525,177,56116,78,55833,203,57300,195,189,91,54393,112,59019,137,58777,65,53105,5,255,55874,226,PS,213,1,240,72928,PS,85,62043,112,63555,133,65357,63,60945,PS,152,215,<=0.05,<=0.05,0.50 - 0.54,<=0.05,0.05 - 0.09,0.20 - 0.24,0.10 - 0.14,<=0.05,193,<=0.10,<=0.10,0.40 - 0.49,<=0.10,<=0.10,0.10 - 0.19,0.30 - 0.39,<=0.10,1,2,193,73029,188,83,70740,110,74325,132,74355,61,63906,PS,148,43799,83343,60801,111527
240268,003917,University of Wisconsin-Eau Claire,Public,1,5208,Finance and Financial Management Services.,3,Bachelor's Degree,137,130,113,PS,20673,113,PS,20290,PS,PS,PS,PS,PS,PS,85,PS,21494,85,PS,20500,PS,PS,PS,PS,PS,PS,28,PS,18750,28,PS,18211,PS,PS,PS,PS,PS,PS,36,PS,20481,36,PS,19375,PS,PS,PS,PS,PS,PS,77,PS,21145,77,PS,20500,PS,PS,PS,PS,PS,PS,PS,PS,219,215,2,112,115,51707,0,76,77,53045,88,<=0.20,<=0.20,<=0.20,<=0.20,<=0.20,0.40 - 0.59,0.20 - 0.39,<=0.20,77,<=0.20,<=0.20,<=0.20,<=0.20,<=0.20,0.40 - 0.59,0.20 - 0.39,<=0.20,36,51770,78,59980,85,57254,29,61452,77,57099,77,77,41,56183,36,61033,57,59455,20,55014,1,115,58812,103,PS,60,1,124,75724,PS,41,60218,35,67101,56,64806,20,56382,PS,44,103,<=0.10,<=0.10,0.40 - 0.49,<=0.10,<=0.10,0.20 - 0.29,0.10 - 0.19,<=0.10,77,<=0.20,<=0.20,0.20 - 0.39,<=0.20,<=0.20,<=0.20,0.40 - 0.59,<=0.20,1,2,76,76102,73,42,78090,33,73404,56,78134,20,67127,PS,43,43799,83343,60801,111527
240277,003899,University of Wisconsin-Green Bay,Public,1,5208,Finance and Financial Management Services.,3,Bachelor's Degree,6,24,,,,,,,,,,,,,,,,,,,,,,,,,,,,,,,,,,,,,,,,,,,,,,,,,,,,,,,,,,,,,,,,,,,,,,,,,,,,,,,,,,,,,,,,,,,,,,,,,,,,,,,,,,,,,,,,,,,,,,PS,PS,,,,,,,,,,,,,,,,,,,,,,,,,,,,,,1,,,,,,,,,,,,,,,PS,PS,PS,PS
240329,003919,University of Wisconsin-La Crosse,Public,1,5208,Finance and Financial Management Services.,3,Bachelor's Degree,192,201,162,21046,21909,161,19906,20500,26,23204,18090,23,23429,21103,131,21822,22750,130,20486,21000,PS,PS,PS,PS,PS,PS,31,PS,19500,31,PS,19298,PS,PS,PS,PS,PS,PS,50,20833,19250,49,18891,17648,PS,PS,PS,PS,PS,PS,112,PS,23686,112,PS,21687,PS,PS,PS,PS,PS,PS,215,251,232,217,1,127,137,47712,1,116,119,50387,146,<=0.10,<=0.10,<=0.10,<=0.10,<=0.10,0.50 - 0.59,0.20 - 0.29,<=0.10,141,<=0.10,<=0.10,0.10 - 0.19,<=0.10,0.10 - 0.19,0.30 - 0.39,0.30 - 0.39,<=0.10,52,54294,108,57400,131,55990,29,55435,118,57534,118,116,47,53100,73,58710,86,57689,33,57271,4,160,55965,148,PS,115,2,128,76227,PS,47,62857,74,67167,89,66048,34,64374,PS,70,140,<=0.10,<=0.10,0.50 - 0.59,<=0.10,0.10 - 0.19,0.10 - 0.19,0.10 - 0.19,<=0.10,141,<=0.10,<=0.10,0.40 - 0.49,<=0.10,<=0.10,0.10 - 0.19,0.30 - 0.39,<=0.10,1,2,120,74278,120,48,69634,74,76771,88,75328,33,73337,PS,71,43799,83343,60801,111527
240338,021366,Wisconsin Lutheran College,"Private, nonprofit",1,5208,Finance and Financial Management Services.,3,Bachelor's Degree,12,9,,,,,,,,,,,,,,,,,,,,,,,,,,,,,,,,,,,,,,,,,,,,,,,,,,,,,,,,,,,,,,,,,,,,,,,,,,,,,,,,,,,,,,,,,,,PS,PS,PS,PS,PS,PS,PS,PS,,,,,,,,,,,,,PS,PS,PS,PS,PS,PS,,PS,PS,,,,,,,,,,,,,,,,,,,,,,,,,,,,,,1,PS,PS,PS,PS,PS,PS,PS,PS,PS,PS,PS,PS,PS,PS,PS,PS,PS,PS
240365,003920,University of Wisconsin-Oshkosh,Public,1,5208,Finance and Financial Management Services.,3,Bachelor's Degree,79,88,94,22718,24065,93,20899,22250,24,17024,14188,23,15915,10788,70,22318,24302,69,20640,22250,PS,PS,PS,PS,PS,PS,24,PS,23000,24,PS,21250,PS,PS,PS,PS,PS,PS,38,25966,26436,37,22860,24114,12,9543,PS,11,6544,PS,56,PS,22664,56,PS,21574,12,PS,PS,12,PS,PS,169,128,255,236,0,68,76,48949,0,36,37,49158,99,<=0.20,<=0.20,<=0.20,<=0.20,<=0.20,0.40 - 0.59,0.20 - 0.39,<=0.20,43,PS,PS,PS,PS,PS,0.40 - 0.59,0.20 - 0.39,PS,39,57744,57,58791,71,58337,25,59053,36,54566,35,35,PS,PS,24,53455,19,57369,17,52833,0,96,58085,91,PS,84,1,70,79927,PS,PS,PS,22,62074,18,63683,16,62054,PS,31,58,<=0.20,<=0.20,0.60 - 0.79,<=0.20,<=0.20,<=0.20,<=0.20,<=0.20,43,PS,PS,0.40 - 0.59,PS,PS,PS,PS,PS,1,1,33,69055,33,PS,PS,PS,PS,16,70275,16,69499,PS,29,43799,83343,60801,111527
240444,003895,University of Wisconsin-Madison,Public,1,5208,Finance and Financial Management Services.,3,Bachelor's Degree,463,521,243,19005,21500,235,18661,20181,33,45047,33769,29,46838,30000,177,18765,20500,170,18675,20500,PS,PS,PS,PS,PS,PS,66,19649,21775,65,18627,19500,PS,PS,PS,PS,PS,PS,50,18192,18375,49,16964,15000,PS,PS,PS,PS,PS,PS,193,19216,22655,186,19109,20500,PS,PS,PS,PS,PS,PS,402,357,228,214,3,251,264,61474,3,172,176,65029,214,<=0.05,<=0.05,0.10 - 0.14,<=0.05,0.05 - 0.09,0.55 - 0.59,0.25 - 0.29,<=0.05,167,<=0.10,<=0.10,0.10 - 0.19,<=0.10,<=0.10,0.40 - 0.49,0.40 - 0.49,<=0.10,79,61473,192,73048,195,67813,76,70142,179,75664,172,167,61,71576,118,76959,135,77447,44,68768,3,270,68681,249,PS,98,4,313,107207,PS,57,85019,119,86482,134,87671,42,85283,PS,51,200,<=0.10,<=0.10,0.40 - 0.49,<=0.10,0.10 - 0.19,0.20 - 0.29,0.10 - 0.19,<=0.10,167,<=0.10,<=0.10,0.30 - 0.39,<=0.10,<=0.10,0.20 - 0.29,0.40 - 0.49,<=0.10,1,7,169,106484,162,54,104069,115,106732,127,107852,41,95123,PS,53,43799,83343,60801,111527
240453,003896,University of Wisconsin-Milwaukee,Public,1,5208,Finance and Financial Management Services.,3,Bachelor's Degree,223,176,314,26682,26276,304,23878,23750,39,21720,11000,29,23608,14000,218,26202,26000,210,24138,25000,24,22519,PS,18,25515,PS,96,27774,27000,94,23296,22292,15,20441,PS,11,20486,PS,169,30321,28500,165,26362,26000,21,16718,PS,15,18948,PS,145,22441,24250,139,20929,20500,18,27555,PS,14,28600,PS,131,166,279,252,7,248,273,45310,7,200,222,43943,287,<=0.05,<=0.05,0.15 - 0.19,<=0.05,0.20 - 0.24,0.35 - 0.39,0.10 - 0.14,<=0.05,231,<=0.05,<=0.05,0.20 - 0.24,0.05 - 0.09,0.15 - 0.19,0.30 - 0.34,0.15 - 0.19,<=0.05,150,49353,136,58260,201,50373,85,54495,233,50212,209,187,146,47614,87,54015,181,51846,52,49119,11,286,52744,223,PS,248,11,307,69673,187,141,55226,81,61861,172,58310,50,55541,21,174,278,<=0.05,<=0.05,0.55 - 0.59,0.05 - 0.09,0.10 - 0.14,0.10 - 0.14,0.05 - 0.09,<=0.05,231,<=0.05,<=0.05,0.55 - 0.59,<=0.05,<=0.05,0.10 - 0.14,0.15 - 0.19,<=0.05,1,7,228,65224,199,138,61330,89,69859,175,66826,52,61688,24,175,43799,83343,60801,111527
240462,003921,University of Wisconsin-Platteville,Public,1,5208,Finance and Financial Management Services.,3,Bachelor's Degree,1,9,,,,,,,,,,,,,,,,,,,,,,,,,,,,,,,,,,,,,,,,,,,,,,,,,,,,,,,,,,,,,,,,,,,,,,,,,,,,,,,,,,,,,,,,,,,,,,,,,,,,,,,,,,,,,,,,,,,,,,PS,PS,,,,,,,,,,,,,,,,,,,,,,,,,,,,,,1,,,,,,,,,,,,,,,PS,PS,PS,PS
240471,003923,University of Wisconsin-River Falls,Public,1,5208,Finance and Financial Management Services.,3,Bachelor's Degree,,5,,,,,,,,,,,,,,,,,,,,,,,,,,,,,,,,,,,,,,,,,,,,,,,,,,,,,,,,,,,,,,,,,,,,,,,,,,,,,,,,,,,,,,,,,,,,,,,,,,,,,,,,,,,,,,,,,,,,,,PS,PS,,,,,,,,,,,,,,,,,,,,,,,,,,,,,,1,,,,,,,,,,,,,,,PS,PS,PS,PS
240480,003924,University of Wisconsin-Stevens Point,Public,1,5208,Finance and Financial Management Services.,3,Bachelor's Degree,17,31,16,19703,PS,14,19250,PS,PS,PS,PS,PS,PS,PS,PS,PS,PS,PS,PS,PS,PS,PS,PS,PS,PS,PS,PS,PS,PS,PS,PS,PS,PS,PS,PS,PS,PS,PS,PS,PS,PS,PS,PS,PS,PS,PS,PS,PS,PS,PS,PS,PS,PS,PS,PS,PS,PS,PS,PS,PS,PS,PS,PS,PS,PS,PS,PS,PS,PS,PS,PS,PS,PS,PS,PS,PS,PS,PS,PS,PS,PS,PS,PS,PS,PS,PS,PS,PS,PS,PS,PS,PS,PS,PS,PS,PS,PS,PS,PS,PS,PS,PS,PS,PS,PS,PS,PS,PS,PS,PS,PS,PS,1,PS,PS,PS,PS,PS,PS,PS,PS,PS,PS,PS,PS,PS,PS,PS,PS,PS,PS,PS,PS,PS,PS,PS,PS,PS,PS,PS,PS,PS,PS,PS,PS,PS,PS,PS,PS,PS,1,PS,PS,PS,PS,PS,PS,PS,PS,PS,PS,PS,PS,PS,PS,43799,83343,60801,111527
240727,003932,University of Wyoming,Public,1,5208,Finance and Financial Management Services.,3,Bachelor's Degree,53,78,35,19266,15750,32,19375,19963,PS,PS,PS,PS,PS,PS,PS,PS,PS,PS,PS,PS,PS,PS,PS,PS,PS,PS,PS,PS,PS,PS,PS,PS,PS,PS,PS,PS,PS,PS,14,22620,PS,13,21546,PS,PS,PS,PS,PS,PS,PS,21,17029,PS,19,17890,PS,PS,PS,PS,PS,PS,PS,PS,PS,167,212,0,33,36,41651,2,28,28,44984,28,PS,PS,PS,PS,PS,0.40 - 0.59,PS,PS,23,PS,PS,PS,PS,PS,0.40 - 0.59,PS,PS,PS,PS,PS,PS,PS,PS,PS,PS,26,49941,23,23,PS,PS,PS,PS,19,49698,PS,PS,1,30,57777,27,PS,PS,2,42,80827,PS,PS,PS,PS,PS,19,59473,PS,PS,PS,PS,28,PS,PS,0.40 - 0.59,PS,PS,PS,PS,PS,23,PS,PS,0.40 - 0.59,PS,PS,PS,PS,PS,1,1,23,71349,23,PS,PS,PS,PS,PS,PS,PS,PS,PS,PS,43799,83343,60801,111527
240754,003935,University of Guam,Public,1,5208,Finance and Financial Management Services.,3,Bachelor's Degree,,,PS,PS,PS,PS,PS,PS,PS,PS,PS,PS,PS,PS,PS,PS,PS,PS,PS,PS,PS,PS,PS,PS,PS,PS,PS,PS,PS,PS,PS,PS,PS,PS,PS,PS,PS,PS,PS,PS,PS,PS,PS,PS,PS,PS,PS,PS,PS,PS,PS,PS,PS,PS,PS,PS,PS,PS,PS,PS,PS,PS,PS,PS,PS,PS,PS,PS,PS,PS,PS,PS,PS,PS,PS,PS,PS,PS,PS,PS,PS,PS,PS,PS,PS,PS,PS,PS,PS,PS,PS,PS,PS,PS,PS,PS,PS,PS,PS,PS,PS,PS,PS,PS,PS,PS,PS,PS,PS,PS,PS,PS,1,PS,PS,PS,PS,PS,PS,PS,PS,PS,PS,PS,PS,PS,PS,PS,PS,PS,PS,PS,PS,PS,PS,PS,PS,PS,PS,PS,PS,PS,PS,PS,PS,PS,PS,PS,PS,PS,0,PS,PS,PS,PS,PS,PS,PS,PS,PS,PS,PS,PS,PS,PS,43799,83343,60801,111527
241225,005022,Universidad Central de Bayamon,"Private, nonprofit",1,5208,Finance and Financial Management Services.,3,Bachelor's Degree,0,0,PS,PS,PS,PS,PS,PS,PS,PS,PS,PS,PS,PS,PS,PS,PS,PS,PS,PS,PS,PS,PS,PS,PS,PS,PS,PS,PS,PS,PS,PS,PS,PS,PS,PS,PS,PS,PS,PS,PS,PS,PS,PS,PS,PS,PS,PS,PS,PS,PS,PS,PS,PS,PS,PS,PS,PS,PS,PS,PS,PS,PS,PS,PS,PS,PS,PS,PS,PS,PS,PS,PS,PS,PS,PS,PS,PS,PS,PS,PS,PS,PS,PS,PS,PS,PS,PS,PS,PS,PS,PS,PS,PS,PS,PS,PS,PS,PS,PS,PS,PS,PS,PS,PS,PS,PS,PS,PS,PS,PS,PS,PS,PS,PS,PS,PS,PS,PS,PS,PS,PS,PS,PS,PS,PS,PS,PS,PS,PS,PS,PS,PS,PS,PS,PS,PS,PS,PS,PS,PS,PS,PS,PS,PS,PS,PS,PS,PS,PS,1,PS,PS,PS,PS,PS,PS,PS,PS,PS,PS,PS,PS,PS,PS,PS,PS,PS,PS
241410,003936,Pontifical Catholic University of Puerto Rico-Ponce,"Private, nonprofit",1,5208,Finance and Financial Management Services.,3,Bachelor's Degree,1,2,PS,PS,PS,PS,PS,PS,PS,PS,PS,PS,PS,PS,PS,PS,PS,PS,PS,PS,PS,PS,PS,PS,PS,PS,PS,PS,PS,PS,PS,PS,PS,PS,PS,PS,PS,PS,PS,PS,PS,PS,PS,PS,PS,PS,PS,PS,PS,PS,PS,PS,PS,PS,PS,PS,PS,PS,PS,PS,PS,PS,PS,PS,PS,PS,5,PS,PS,PS,PS,PS,PS,PS,11,PS,PS,PS,PS,PS,PS,PS,PS,10,PS,PS,PS,PS,PS,PS,PS,PS,PS,PS,PS,PS,PS,PS,PS,PS,PS,PS,PS,PS,PS,PS,PS,PS,PS,PS,PS,PS,PS,PS,PS,PS,PS,PS,2,PS,PS,PS,PS,PS,PS,PS,PS,PS,PS,PS,PS,PS,PS,PS,PS,PS,PS,PS,PS,PS,PS,10,PS,PS,PS,PS,PS,PS,PS,PS,1,2,PS,PS,PS,PS,PS,PS,PS,PS,PS,PS,PS,PS,PS,43799,83343,60801,111527
242617,042542,Inter American University of Puerto Rico-San German,"Private, nonprofit",1,5208,Finance and Financial Management Services.,3,Bachelor's Degree,3,2,PS,PS,PS,PS,PS,PS,PS,PS,PS,PS,PS,PS,PS,PS,PS,PS,PS,PS,PS,PS,PS,PS,PS,PS,PS,PS,PS,PS,PS,PS,PS,PS,PS,PS,PS,PS,PS,PS,PS,PS,PS,PS,PS,PS,PS,PS,PS,PS,PS,PS,PS,PS,PS,PS,PS,PS,PS,PS,PS,PS,PS,PS,PS,PS,2,PS,PS,PS,PS,PS,PS,PS,PS,PS,PS,PS,PS,PS,PS,PS,PS,PS,PS,PS,PS,PS,PS,PS,PS,PS,PS,PS,PS,PS,PS,PS,PS,PS,PS,PS,PS,PS,PS,PS,PS,PS,PS,PS,PS,PS,4,PS,PS,PS,PS,PS,3,PS,PS,PS,PS,PS,PS,PS,PS,PS,PS,PS,PS,PS,PS,PS,PS,PS,PS,PS,PS,PS,PS,PS,PS,PS,PS,PS,PS,PS,PS,PS,1,1,PS,PS,PS,PS,PS,PS,PS,PS,PS,PS,PS,PS,PS,43799,83343,60801,111527
242653,003940,Inter American University of Puerto Rico-Metro,"Private, nonprofit",1,5208,Finance and Financial Management Services.,3,Bachelor's Degree,13,10,PS,PS,PS,PS,PS,PS,PS,PS,PS,PS,PS,PS,PS,PS,PS,PS,PS,PS,PS,PS,PS,PS,PS,PS,PS,PS,PS,PS,PS,PS,PS,PS,PS,PS,PS,PS,PS,PS,PS,PS,PS,PS,PS,PS,PS,PS,PS,PS,PS,PS,PS,PS,PS,PS,PS,PS,PS,PS,PS,PS,PS,PS,PS,PS,3,PS,PS,PS,PS,PS,PS,PS,14,PS,PS,PS,PS,PS,PS,PS,PS,PS,PS,PS,PS,PS,PS,PS,PS,PS,PS,PS,PS,PS,PS,PS,PS,PS,PS,PS,PS,PS,PS,PS,PS,PS,PS,PS,PS,PS,1,PS,PS,PS,PS,PS,3,PS,PS,PS,PS,PS,PS,PS,PS,PS,PS,PS,PS,PS,PS,PS,PS,PS,PS,PS,PS,PS,PS,PS,PS,PS,PS,PS,PS,PS,PS,PS,1,0,PS,PS,PS,PS,PS,PS,PS,PS,PS,PS,PS,PS,PS,43799,83343,60801,111527
242662,005029,Inter American University of Puerto Rico-Ponce,"Private, nonprofit",1,5208,Finance and Financial Management Services.,3,Bachelor's Degree,3,0,PS,PS,PS,PS,PS,PS,PS,PS,PS,PS,PS,PS,PS,PS,PS,PS,PS,PS,PS,PS,PS,PS,PS,PS,PS,PS,PS,PS,PS,PS,PS,PS,PS,PS,PS,PS,PS,PS,PS,PS,PS,PS,PS,PS,PS,PS,PS,PS,PS,PS,PS,PS,PS,PS,PS,PS,PS,PS,PS,PS,PS,PS,PS,PS,2,PS,PS,PS,PS,PS,PS,PS,PS,PS,PS,PS,PS,PS,PS,PS,PS,PS,PS,PS,PS,PS,PS,PS,PS,PS,PS,PS,PS,PS,PS,PS,PS,PS,PS,PS,PS,PS,PS,PS,PS,PS,PS,PS,PS,PS,1,PS,PS,PS,PS,PS,1,PS,PS,PS,PS,PS,PS,PS,PS,PS,PS,PS,PS,PS,PS,PS,PS,PS,PS,PS,PS,PS,PS,PS,PS,PS,PS,PS,PS,PS,PS,PS,2,1,PS,PS,PS,PS,PS,PS,PS,PS,PS,PS,PS,PS,PS,43799,83343,60801,111527
242705,005028,Inter American University of Puerto Rico-Bayamon,"Private, nonprofit",1,5208,Finance and Financial Management Services.,3,Bachelor's Degree,6,3,PS,PS,PS,PS,PS,PS,PS,PS,PS,PS,PS,PS,PS,PS,PS,PS,PS,PS,PS,PS,PS,PS,PS,PS,PS,PS,PS,PS,PS,PS,PS,PS,PS,PS,PS,PS,PS,PS,PS,PS,PS,PS,PS,PS,PS,PS,PS,PS,PS,PS,PS,PS,PS,PS,PS,PS,PS,PS,PS,PS,PS,PS,PS,PS,1,PS,PS,PS,PS,PS,PS,PS,PS,PS,PS,PS,PS,PS,PS,PS,PS,PS,PS,PS,PS,PS,PS,PS,PS,PS,PS,PS,PS,PS,PS,PS,PS,PS,PS,PS,PS,PS,PS,PS,PS,PS,PS,PS,PS,PS,7,PS,PS,PS,PS,PS,3,PS,PS,PS,PS,PS,PS,PS,PS,PS,PS,PS,PS,PS,PS,PS,PS,PS,PS,PS,PS,PS,PS,PS,PS,PS,PS,PS,PS,PS,PS,PS,1,3,PS,PS,PS,PS,PS,PS,PS,PS,PS,PS,PS,PS,PS,43799,83343,60801,111527
243106,012123,University of Puerto Rico-Aguadilla,Public,1,5208,Finance and Financial Management Services.,3,Bachelor's Degree,6,10,PS,PS,PS,PS,PS,PS,PS,PS,PS,PS,PS,PS,PS,PS,PS,PS,PS,PS,PS,PS,PS,PS,PS,PS,PS,PS,PS,PS,PS,PS,PS,PS,PS,PS,PS,PS,PS,PS,PS,PS,PS,PS,PS,PS,PS,PS,PS,PS,PS,PS,PS,PS,PS,PS,PS,PS,PS,PS,PS,PS,PS,PS,PS,PS,12,PS,PS,PS,PS,PS,PS,PS,10,PS,PS,PS,PS,PS,PS,PS,PS,10,PS,PS,PS,PS,PS,PS,PS,PS,PS,PS,PS,PS,PS,PS,PS,PS,PS,PS,PS,PS,PS,PS,PS,PS,PS,PS,PS,PS,15,PS,PS,PS,PS,PS,2,25,26438,PS,PS,PS,PS,PS,PS,PS,PS,PS,PS,PS,PS,PS,PS,PS,PS,PS,PS,PS,PS,10,PS,PS,PS,PS,PS,PS,PS,PS,1,1,PS,PS,PS,PS,PS,PS,PS,PS,PS,PS,PS,PS,PS,43799,83343,60801,111527
243115,007228,University of Puerto Rico-Arecibo,Public,1,5208,Finance and Financial Management Services.,3,Bachelor's Degree,3,5,PS,PS,PS,PS,PS,PS,PS,PS,PS,PS,PS,PS,PS,PS,PS,PS,PS,PS,PS,PS,PS,PS,PS,PS,PS,PS,PS,PS,PS,PS,PS,PS,PS,PS,PS,PS,PS,PS,PS,PS,PS,PS,PS,PS,PS,PS,PS,PS,PS,PS,PS,PS,PS,PS,PS,PS,PS,PS,PS,PS,PS,PS,PS,PS,5,PS,PS,PS,PS,PS,PS,PS,PS,PS,PS,PS,PS,PS,PS,PS,PS,PS,PS,PS,PS,PS,PS,PS,PS,PS,PS,PS,PS,PS,PS,PS,PS,PS,PS,PS,PS,PS,PS,PS,PS,PS,PS,PS,PS,PS,5,PS,PS,PS,PS,PS,1,PS,PS,PS,PS,PS,PS,PS,PS,PS,PS,PS,PS,PS,PS,PS,PS,PS,PS,PS,PS,PS,PS,PS,PS,PS,PS,PS,PS,PS,PS,PS,1,0,PS,PS,PS,PS,PS,PS,PS,PS,PS,PS,PS,PS,PS,43799,83343,60801,111527
243133,010975,University of Puerto Rico,Public,1,5208,Finance and Financial Management Services.,3,Bachelor's Degree,19,22,PS,PS,PS,PS,PS,PS,PS,PS,PS,PS,PS,PS,PS,PS,PS,PS,PS,PS,PS,PS,PS,PS,PS,PS,PS,PS,PS,PS,PS,PS,PS,PS,PS,PS,PS,PS,PS,PS,PS,PS,PS,PS,PS,PS,PS,PS,PS,PS,PS,PS,PS,PS,PS,PS,PS,PS,PS,PS,PS,PS,PS,PS,PS,PS,26,PS,PS,PS,26,9,16,25194,PS,PS,PS,PS,PS,PS,PS,PS,PS,10,PS,PS,PS,PS,PS,PS,PS,PS,PS,PS,PS,PS,PS,PS,PS,PS,PS,PS,PS,PS,PS,PS,PS,PS,PS,PS,PS,PS,15,PS,PS,PS,PS,PS,5,42,38555,16,35,29253,PS,PS,PS,PS,22,28871,PS,26,PS,PS,PS,PS,PS,PS,PS,PS,PS,10,PS,PS,PS,PS,PS,PS,PS,PS,1,3,36,30815,20,PS,PS,PS,PS,PS,PS,PS,PS,PS,27,43799,83343,60801,111527
243142,030160,University of Puerto Rico-Carolina,Public,1,5208,Finance and Financial Management Services.,3,Bachelor's Degree,31,15,PS,PS,PS,PS,PS,PS,PS,PS,PS,PS,PS,PS,PS,PS,PS,PS,PS,PS,PS,PS,PS,PS,PS,PS,PS,PS,PS,PS,PS,PS,PS,PS,PS,PS,PS,PS,PS,PS,PS,PS,PS,PS,PS,PS,PS,PS,PS,PS,PS,PS,PS,PS,PS,PS,PS,PS,PS,PS,PS,PS,PS,PS,PS,PS,13,PS,PS,PS,36,5,11,18771,PS,PS,PS,PS,PS,PS,PS,PS,PS,PS,PS,PS,PS,PS,PS,PS,PS,PS,PS,PS,PS,PS,PS,PS,PS,PS,50,0,22,PS,49,0,PS,PS,PS,PS,21,0,1,PS,PS,PS,PS,PS,22,18,22039,PS,28,25667,PS,PS,PS,PS,PS,PS,PS,18,PS,PS,PS,PS,PS,PS,PS,PS,PS,PS,PS,PS,PS,PS,PS,PS,PS,PS,1,5,45,29685,20,PS,PS,PS,PS,25,35709,20,29288,PS,34,43799,83343,60801,111527
243197,003944,University of Puerto Rico-Mayaguez,Public,1,5208,Finance and Financial Management Services.,3,Bachelor's Degree,23,17,11,PS,PS,11,PS,PS,PS,PS,PS,PS,PS,PS,PS,PS,PS,PS,PS,PS,PS,PS,PS,PS,PS,PS,PS,PS,PS,PS,PS,PS,PS,PS,PS,PS,PS,PS,PS,PS,PS,PS,PS,PS,PS,PS,PS,PS,PS,PS,PS,PS,PS,PS,PS,PS,PS,PS,PS,PS,PS,PS,PS,PS,PS,PS,4,PS,PS,PS,PS,PS,PS,PS,PS,PS,PS,PS,PS,PS,PS,PS,PS,PS,PS,PS,PS,PS,PS,PS,PS,PS,PS,PS,PS,PS,PS,PS,PS,PS,18,26998,16,PS,PS,PS,PS,PS,PS,PS,PS,PS,4,PS,PS,PS,PS,PS,1,17,52197,PS,PS,PS,PS,PS,PS,PS,PS,PS,PS,PS,PS,PS,PS,PS,PS,PS,PS,PS,PS,PS,PS,PS,PS,PS,PS,PS,PS,PS,1,2,19,53952,PS,PS,PS,PS,PS,PS,PS,PS,PS,PS,PS,43799,83343,60801,111527
243212,009652,University of Puerto Rico at Ponce,Public,1,5208,Finance and Financial Management Services.,3,Bachelor's Degree,7,4,PS,PS,PS,PS,PS,PS,PS,PS,PS,PS,PS,PS,PS,PS,PS,PS,PS,PS,PS,PS,PS,PS,PS,PS,PS,PS,PS,PS,PS,PS,PS,PS,PS,PS,PS,PS,PS,PS,PS,PS,PS,PS,PS,PS,PS,PS,PS,PS,PS,PS,PS,PS,PS,PS,PS,PS,PS,PS,PS,PS,PS,PS,PS,PS,2,PS,PS,PS,PS,PS,PS,PS,PS,PS,PS,PS,PS,PS,PS,PS,PS,PS,PS,PS,PS,PS,PS,PS,PS,PS,PS,PS,PS,PS,PS,PS,PS,PS,PS,PS,PS,PS,PS,PS,PS,PS,PS,PS,PS,PS,3,PS,PS,PS,PS,PS,3,PS,PS,PS,PS,PS,PS,PS,PS,PS,PS,PS,PS,PS,PS,PS,PS,PS,PS,PS,PS,PS,PS,PS,PS,PS,PS,PS,PS,PS,PS,PS,1,1,PS,PS,PS,PS,PS,PS,PS,PS,PS,PS,PS,PS,PS,43799,83343,60801,111527
243221,007108,University of Puerto Rico-Rio Piedras,Public,1,5208,Finance and Financial Management Services.,3,Bachelor's Degree,63,48,15,PS,PS,15,PS,PS,PS,PS,PS,PS,PS,PS,PS,PS,PS,PS,PS,PS,PS,PS,PS,PS,PS,PS,PS,PS,PS,PS,PS,PS,PS,PS,PS,PS,PS,PS,PS,PS,PS,PS,PS,PS,PS,PS,PS,PS,PS,PS,PS,PS,PS,PS,PS,PS,PS,PS,PS,PS,PS,PS,PS,PS,PS,PS,14,PS,20,29611,10,8,12,22087,16,PS,PS,PS,PS,PS,PS,PS,PS,13,PS,PS,PS,PS,PS,PS,PS,PS,PS,PS,PS,PS,PS,PS,PS,PS,PS,PS,PS,PS,PS,PS,PS,PS,PS,PS,PS,PS,21,28,61729,19,PS,PS,PS,48,57851,PS,PS,PS,PS,PS,PS,PS,PS,PS,PS,PS,12,PS,PS,PS,PS,PS,PS,PS,PS,13,PS,PS,PS,PS,PS,PS,PS,PS,1,3,20,32380,PS,PS,PS,PS,PS,PS,PS,PS,PS,PS,16,43799,83343,60801,111527
243780,001825,Purdue University-Main Campus,Public,1,5208,Finance and Financial Management Services.,3,Bachelor's Degree,221,224,148,20315,22335,147,19595,21500,49,46372,38910,48,46057,37866,96,20941,22884,95,20002,21500,33,46371,PS,32,46368,PS,52,PS,21679,52,PS,21000,16,PS,PS,16,PS,PS,49,PS,19562,49,PS,18500,PS,PS,PS,PS,PS,PS,99,20784,24232,98,20269,23562,PS,PS,PS,PS,PS,PS,463,450,237,228,5,120,130,53751,0,31,33,41565,81,<=0.20,<=0.20,<=0.20,<=0.20,<=0.20,0.40 - 0.59,0.20 - 0.39,<=0.20,31,PS,PS,PS,PS,PS,0.40 - 0.59,PS,PS,59,59050,93,60981,104,58942,48,61805,31,56657,31,29,23,58297,PS,PS,20,53800,PS,PS,4,152,59938,133,PS,80,1,155,85924,PS,23,75211,PS,PS,20,71758,PS,PS,PS,22,139,<=0.10,<=0.10,0.50 - 0.59,<=0.10,<=0.10,0.10 - 0.19,0.10 - 0.19,<=0.10,31,PS,PS,0.40 - 0.59,PS,PS,PS,PS,PS,1,0,33,78926,29,PS,PS,PS,PS,PS,PS,PS,PS,PS,21,43799,83343,60801,111527
366252,003395,Pennsylvania College of Technology,Public,1,5208,Finance and Financial Management Services.,3,Bachelor's Degree,7,3,PS,PS,PS,PS,PS,PS,PS,PS,PS,PS,PS,PS,PS,PS,PS,PS,PS,PS,PS,PS,PS,PS,PS,PS,PS,PS,PS,PS,PS,PS,PS,PS,PS,PS,PS,PS,PS,PS,PS,PS,PS,PS,PS,PS,PS,PS,PS,PS,PS,PS,PS,PS,PS,PS,PS,PS,PS,PS,PS,PS,PS,PS,PS,PS,0,PS,PS,PS,PS,PS,PS,PS,PS,PS,PS,PS,PS,PS,PS,PS,PS,PS,PS,PS,PS,PS,PS,PS,PS,PS,PS,PS,PS,PS,PS,PS,PS,PS,PS,PS,PS,PS,PS,PS,PS,PS,PS,PS,PS,PS,0,PS,PS,PS,PS,PS,PS,PS,PS,PS,PS,PS,PS,PS,PS,PS,PS,PS,PS,PS,PS,PS,PS,PS,PS,PS,PS,PS,PS,PS,PS,PS,PS,PS,PS,PS,PS,PS,1,PS,PS,PS,PS,PS,PS,PS,PS,PS,PS,PS,PS,PS,PS,43799,83343,60801,111527
366711,030113,California State University-San Marcos,Public,1,5208,Finance and Financial Management Services.,3,Bachelor's Degree,,,PS,19349,15125,PS,18494,16337,PS,PS,PS,PS,PS,PS,PS,16690,12344,PS,16143,12896,PS,PS,PS,PS,PS,PS,PS,23683,21875,PS,22111,21910,PS,PS,PS,PS,PS,PS,PS,21644,17786,PS,20839,18000,PS,PS,PS,PS,PS,PS,PS,14856,12109,PS,14111,12031,PS,PS,PS,PS,PS,PS,PS,PS,160,173,3,42,47,45297,3,48,52,49520,38,PS,PS,PS,PS,PS,0.40 - 0.59,PS,PS,35,PS,PS,0.20 - 0.39,PS,PS,0.20 - 0.39,PS,PS,60,54492,23,57278,58,53924,25,55040,50,62797,49,47,38,61420,PS,PS,32,63180,18,60231,6,83,54408,69,PS,80,1,61,77312,PS,40,74108,PS,PS,37,74830,17,68368,PS,47,42,PS,PS,0.60 - 0.79,PS,PS,PS,PS,PS,35,PS,PS,0.40 - 0.59,PS,PS,PS,PS,PS,0,5,49,87253,46,PS,PS,PS,PS,PS,PS,PS,PS,PS,42,43799,83343,60801,111527
367884,030375,Hodges University,"Private, nonprofit",1,5208,Finance and Financial Management Services.,3,Bachelor's Degree,1,0,PS,PS,PS,PS,PS,PS,PS,PS,PS,PS,PS,PS,PS,PS,PS,PS,PS,PS,PS,PS,PS,PS,PS,PS,PS,PS,PS,PS,PS,PS,PS,PS,PS,PS,PS,PS,PS,PS,PS,PS,PS,PS,PS,PS,PS,PS,PS,PS,PS,PS,PS,PS,PS,PS,PS,PS,PS,PS,PS,PS,PS,PS,PS,PS,PS,PS,PS,PS,PS,PS,PS,PS,PS,PS,PS,PS,PS,PS,PS,PS,PS,PS,PS,PS,PS,PS,PS,PS,PS,PS,PS,PS,PS,PS,PS,PS,PS,PS,PS,PS,PS,PS,PS,PS,PS,PS,PS,PS,PS,PS,0,PS,PS,PS,PS,PS,PS,PS,PS,PS,PS,PS,PS,PS,PS,PS,PS,PS,PS,PS,PS,PS,PS,PS,PS,PS,PS,PS,PS,PS,PS,PS,PS,PS,PS,PS,PS,PS,1,PS,PS,PS,PS,PS,PS,PS,PS,PS,PS,PS,PS,PS,PS,43799,83343,60801,111527
377564,003798,University of Washington-Tacoma Campus,Public,0,5208,Finance and Financial Management Services.,3,Bachelor's Degree,58,52,135,15594,14208,129,14571,13856,36,46932,39270,35,47299,40407,96,15822,14233,92,14733,14190,PS,PS,PS,PS,PS,PS,39,15033,13549,37,14169,13208,PS,PS,PS,PS,PS,PS,55,14909,13500,51,13486,11714,PS,PS,PS,PS,PS,PS,80,16065,15217,78,15280,14943,PS,PS,PS,PS,PS,PS,467,480,151,147,4,160,169,59174,4,195,204,63898,147,<=0.10,<=0.10,<=0.10,<=0.10,0.10 - 0.19,0.50 - 0.59,0.20 - 0.29,<=0.10,154,<=0.10,<=0.10,<=0.10,<=0.10,<=0.10,0.40 - 0.49,0.30 - 0.39,<=0.10,90,61342,86,67872,127,63596,48,64763,201,78089,187,179,110,73731,90,85578,139,76908,62,79140,13,175,63500,151,PS,154,8,186,97452,PS,106,94291,86,94475,132,96152,60,88462,PS,155,144,<=0.10,<=0.10,0.30 - 0.39,<=0.10,0.10 - 0.19,0.20 - 0.29,0.20 - 0.29,<=0.10,154,<=0.10,<=0.10,0.20 - 0.29,<=0.10,<=0.10,0.20 - 0.29,0.40 - 0.49,<=0.10,1,12,186,106265,170,105,104126,81,109000,124,107318,60,104595,PS,149,43799,83343,60801,111527
408844,025476,Florida National University-Main Campus,"Private, for-profit",1,5208,Finance and Financial Management Services.,3,Bachelor's Degree,3,2,,,,,,,,,,,,,,,,,,,,,,,,,,,,,,,,,,,,,,,,,,,,,,,,,,,,,,,,,,,,,,,,,,,,,,,,,,,,,,,,,,,,,,,,,,,PS,PS,PS,PS,PS,PS,PS,PS,,,,,,,,,,,,,PS,PS,PS,PS,PS,PS,,PS,PS,,,,,,,,,,,,,,,,,,,,,,,,,,,,,,3,PS,PS,PS,PS,PS,PS,PS,PS,PS,PS,PS,PS,PS,PS,PS,PS,PS,PS
413413,032673,Capella University,"Private, for-profit",1,5208,Finance and Financial Management Services.,3,Bachelor's Degree,14,8,16,PS,PS,16,PS,PS,PS,PS,PS,PS,PS,PS,PS,PS,PS,PS,PS,PS,PS,PS,PS,PS,PS,PS,PS,PS,PS,PS,PS,PS,PS,PS,PS,PS,PS,PS,PS,PS,PS,PS,PS,PS,PS,PS,PS,PS,PS,PS,PS,PS,PS,PS,PS,PS,PS,PS,PS,PS,PS,PS,PS,PS,PS,PS,1,34,34,49025,3,17,18,55338,35,PS,PS,0.20 - 0.39,PS,PS,PS,PS,PS,23,PS,PS,0.40 - 0.59,PS,PS,PS,PS,PS,PS,PS,PS,PS,PS,PS,PS,PS,20,50882,19,18,PS,PS,PS,PS,PS,PS,PS,PS,1,PS,PS,PS,PS,PS,1,21,78941,PS,18,59191,PS,PS,PS,PS,PS,PS,PS,PS,14,PS,PS,PS,PS,PS,PS,PS,PS,23,PS,PS,PS,PS,PS,PS,PS,PS,3,1,26,73069,24,PS,PS,PS,PS,PS,PS,PS,PS,PS,PS,43799,83343,60801,111527
414878,001839,Trine University-Regional/Non-Traditional Campuses,"Private, nonprofit",0,5208,Finance and Financial Management Services.,3,Bachelor's Degree,1,12,PS,PS,PS,PS,PS,PS,PS,PS,PS,PS,PS,PS,PS,PS,PS,PS,PS,PS,PS,PS,PS,PS,PS,PS,PS,PS,PS,PS,PS,PS,PS,PS,PS,PS,PS,PS,PS,PS,PS,PS,PS,PS,PS,PS,PS,PS,PS,PS,PS,PS,PS,PS,PS,PS,PS,PS,PS,PS,PS,PS,PS,PS,PS,PS,0,PS,PS,PS,PS,PS,PS,PS,PS,PS,PS,PS,PS,PS,PS,PS,PS,PS,PS,PS,PS,PS,PS,PS,PS,PS,PS,PS,PS,PS,PS,PS,PS,PS,PS,PS,PS,PS,PS,PS,PS,PS,PS,PS,PS,PS,0,PS,PS,PS,PS,PS,0,PS,PS,PS,PS,PS,PS,PS,PS,PS,PS,PS,PS,PS,PS,PS,PS,PS,PS,PS,PS,PS,PS,PS,PS,PS,PS,PS,PS,PS,PS,PS,3,0,PS,PS,PS,PS,PS,PS,PS,PS,PS,PS,PS,PS,PS,43799,83343,60801,111527
428259,001937,Ottawa University-Milwaukee,"Private, nonprofit",0,5208,Finance and Financial Management Services.,3,Bachelor's Degree,1,0,PS,PS,PS,PS,PS,PS,PS,PS,PS,PS,PS,PS,PS,PS,PS,PS,PS,PS,PS,PS,PS,PS,PS,PS,PS,PS,PS,PS,PS,PS,PS,PS,PS,PS,PS,PS,PS,PS,PS,PS,PS,PS,PS,PS,PS,PS,PS,PS,PS,PS,PS,PS,PS,PS,PS,PS,PS,PS,PS,PS,PS,PS,PS,PS,0,PS,PS,PS,PS,PS,PS,PS,PS,PS,PS,PS,PS,PS,PS,PS,PS,PS,PS,PS,PS,PS,PS,PS,PS,PS,PS,PS,PS,PS,PS,PS,PS,PS,PS,PS,PS,PS,PS,PS,PS,PS,PS,PS,PS,PS,3,PS,PS,PS,PS,PS,PS,PS,PS,PS,PS,PS,PS,PS,PS,PS,PS,PS,PS,PS,PS,PS,PS,PS,PS,PS,PS,PS,PS,PS,PS,PS,PS,PS,PS,PS,PS,PS,3,PS,PS,PS,PS,PS,PS,PS,PS,PS,PS,PS,PS,PS,PS,43799,83343,60801,111527
433660,032553,Florida Gulf Coast University,Public,1,5208,Finance and Financial Management Services.,3,Bachelor's Degree,113,114,54,20688,21239,51,19639,19267,PS,PS,PS,PS,PS,PS,37,20013,PS,34,19387,PS,PS,PS,PS,PS,PS,PS,17,PS,PS,17,PS,PS,PS,PS,PS,PS,PS,PS,28,20792,24190,27,19413,19500,PS,PS,PS,PS,PS,PS,26,20576,20739,24,19893,19133,PS,PS,PS,PS,PS,PS,PS,PS,225,204,2,80,86,47707,1,47,52,47520,49,PS,PS,0.20 - 0.39,PS,PS,0.20 - 0.39,PS,PS,40,PS,PS,PS,PS,PS,0.40 - 0.59,PS,PS,40,52530,29,55941,48,56163,21,54708,54,65837,52,51,40,70145,PS,PS,40,65860,PS,PS,2,69,55882,61,PS,62,1,104,75767,PS,36,70771,PS,PS,36,68500,PS,PS,PS,38,64,<=0.20,<=0.20,0.40 - 0.59,<=0.20,<=0.20,<=0.20,<=0.20,<=0.20,40,PS,PS,0.40 - 0.59,PS,PS,PS,PS,PS,1,1,48,85077,47,PS,PS,PS,PS,PS,PS,PS,PS,PS,39,43799,83343,60801,111527
436818,001417,University of Connecticut-Waterbury Campus,Public,0,5208,Finance and Financial Management Services.,3,Bachelor's Degree,1,1,217,18923,20399,207,18679,19500,71,51739,33500,66,53380,36502,165,19087,20500,159,18793,19500,54,51011,PS,52,50858,PS,52,18403,19500,48,18299,19500,17,54051,PS,14,62748,PS,83,18890,18995,79,18735,18500,24,28931,20304,20,30923,25583,134,18943,20504,128,18644,20500,47,63385,43051,46,63144,43902,398,434,216,207,11,203,218,63392,6,181,193,62818,179,<=0.10,<=0.10,<=0.10,<=0.10,<=0.10,0.60 - 0.69,0.20 - 0.29,<=0.10,181,<=0.10,<=0.10,<=0.10,<=0.10,<=0.10,0.40 - 0.49,0.30 - 0.39,<=0.10,94,61180,118,69308,155,66681,55,70691,187,73884,179,173,72,69728,116,75577,120,72049,66,76227,11,213,67009,192,PS,147,5,220,102286,PS,72,82818,114,90814,123,85631,62,89190,PS,109,212,<=0.05,<=0.05,0.40 - 0.44,0.05 - 0.09,<=0.05,0.20 - 0.24,0.15 - 0.19,<=0.05,181,<=0.10,<=0.10,0.30 - 0.39,<=0.10,<=0.10,0.20 - 0.29,0.40 - 0.49,<=0.10,1,11,173,104878,160,69,94956,104,110631,115,106354,59,101467,PS,99,43799,83343,60801,111527
436827,001417,University of Connecticut-Avery Point,Public,0,5208,Finance and Financial Management Services.,3,Bachelor's Degree,1,1,217,18923,20399,207,18679,19500,71,51739,33500,66,53380,36502,165,19087,20500,159,18793,19500,54,51011,PS,52,50858,PS,52,18403,19500,48,18299,19500,17,54051,PS,14,62748,PS,83,18890,18995,79,18735,18500,24,28931,20304,20,30923,25583,134,18943,20504,128,18644,20500,47,63385,43051,46,63144,43902,398,434,216,207,11,203,218,63392,6,181,193,62818,179,<=0.10,<=0.10,<=0.10,<=0.10,<=0.10,0.60 - 0.69,0.20 - 0.29,<=0.10,181,<=0.10,<=0.10,<=0.10,<=0.10,<=0.10,0.40 - 0.49,0.30 - 0.39,<=0.10,94,61180,118,69308,155,66681,55,70691,187,73884,179,173,72,69728,116,75577,120,72049,66,76227,11,213,67009,192,PS,147,5,220,102286,PS,72,82818,114,90814,123,85631,62,89190,PS,109,212,<=0.05,<=0.05,0.40 - 0.44,0.05 - 0.09,<=0.05,0.20 - 0.24,0.15 - 0.19,<=0.05,181,<=0.10,<=0.10,0.30 - 0.39,<=0.10,<=0.10,0.20 - 0.29,0.40 - 0.49,<=0.10,1,11,173,104878,160,69,94956,104,110631,115,106354,59,101467,PS,99,43799,83343,60801,111527
436836,001417,University of Connecticut-Stamford,Public,0,5208,Finance and Financial Management Services.,3,Bachelor's Degree,1,1,217,18923,20399,207,18679,19500,71,51739,33500,66,53380,36502,165,19087,20500,159,18793,19500,54,51011,PS,52,50858,PS,52,18403,19500,48,18299,19500,17,54051,PS,14,62748,PS,83,18890,18995,79,18735,18500,24,28931,20304,20,30923,25583,134,18943,20504,128,18644,20500,47,63385,43051,46,63144,43902,398,434,216,207,11,203,218,63392,6,181,193,62818,179,<=0.10,<=0.10,<=0.10,<=0.10,<=0.10,0.60 - 0.69,0.20 - 0.29,<=0.10,181,<=0.10,<=0.10,<=0.10,<=0.10,<=0.10,0.40 - 0.49,0.30 - 0.39,<=0.10,94,61180,118,69308,155,66681,55,70691,187,73884,179,173,72,69728,116,75577,120,72049,66,76227,11,213,67009,192,PS,147,5,220,102286,PS,72,82818,114,90814,123,85631,62,89190,PS,109,212,<=0.05,<=0.05,0.40 - 0.44,0.05 - 0.09,<=0.05,0.20 - 0.24,0.15 - 0.19,<=0.05,181,<=0.10,<=0.10,0.30 - 0.39,<=0.10,<=0.10,0.20 - 0.29,0.40 - 0.49,<=0.10,1,11,173,104878,160,69,94956,104,110631,115,106354,59,101467,PS,99,43799,83343,60801,111527
440749,004057,National American University-Ellsworth,"Private, for-profit",0,5208,Finance and Financial Management Services.,3,Bachelor's Degree,0,0,PS,PS,PS,PS,PS,PS,PS,PS,PS,PS,PS,PS,PS,PS,PS,PS,PS,PS,PS,PS,PS,PS,PS,PS,PS,PS,PS,PS,PS,PS,PS,PS,PS,PS,PS,PS,PS,PS,PS,PS,PS,PS,PS,PS,PS,PS,PS,PS,PS,PS,PS,PS,PS,PS,PS,PS,PS,PS,PS,PS,PS,PS,PS,PS,0,PS,PS,PS,PS,PS,PS,PS,PS,PS,PS,PS,PS,PS,PS,PS,PS,PS,PS,PS,PS,PS,PS,PS,PS,PS,PS,PS,PS,PS,PS,PS,PS,PS,PS,PS,PS,PS,PS,PS,PS,PS,PS,PS,PS,PS,0,PS,PS,PS,PS,PS,0,PS,PS,PS,PS,PS,PS,PS,PS,PS,PS,PS,PS,PS,PS,PS,PS,PS,PS,PS,PS,PS,PS,PS,PS,PS,PS,PS,PS,PS,PS,PS,3,0,PS,PS,PS,PS,PS,PS,PS,PS,PS,PS,PS,PS,PS,43799,83343,60801,111527
440828,003210,Oregon State University-Cascades Campus,Public,0,5208,Finance and Financial Management Services.,3,Bachelor's Degree,5,3,101,21328,22041,97,20923,21000,26,57686,55271,25,59308,56540,84,21726,PS,81,21026,PS,PS,PS,PS,PS,PS,PS,17,19363,PS,16,20401,PS,PS,PS,PS,PS,PS,PS,48,23783,25471,47,22781,23834,10,PS,PS,10,PS,PS,53,19105,20000,50,19176,20000,16,72804,PS,15,76681,PS,657,672,234,223,1,81,88,49025,3,68,73,50515,89,<=0.20,<=0.20,<=0.20,<=0.20,<=0.20,0.40 - 0.59,<=0.20,<=0.20,74,<=0.20,<=0.20,<=0.20,<=0.20,<=0.20,0.40 - 0.59,0.20 - 0.39,<=0.20,53,49269,58,54676,92,56597,21,41682,76,59696,74,69,41,61542,35,54070,58,58552,18,62384,4,112,52156,93,PS,75,3,98,78427,PS,41,67259,31,60604,54,68208,18,60139,PS,51,78,<=0.20,<=0.20,0.60 - 0.79,<=0.20,<=0.20,<=0.20,<=0.20,<=0.20,74,<=0.20,<=0.20,0.40 - 0.59,<=0.20,<=0.20,<=0.20,0.20 - 0.39,<=0.20,2,3,73,81470,67,43,79465,30,81703,53,81962,20,75931,PS,51,43799,83343,60801,111527
440916,002025,Southern University Law Center,Public,0,5208,Finance and Financial Management Services.,3,Bachelor's Degree,3,2,16,PS,PS,16,PS,PS,PS,PS,PS,PS,PS,PS,PS,PS,PS,PS,PS,PS,PS,PS,PS,PS,PS,PS,PS,PS,PS,PS,PS,PS,PS,PS,PS,PS,PS,PS,PS,PS,PS,PS,PS,PS,PS,PS,PS,PS,PS,PS,PS,PS,PS,PS,PS,PS,PS,PS,PS,PS,PS,PS,PS,PS,PS,PS,0,PS,PS,PS,PS,PS,PS,PS,10,PS,PS,PS,PS,PS,PS,PS,PS,PS,PS,PS,PS,PS,PS,PS,PS,PS,PS,PS,PS,PS,PS,PS,PS,PS,PS,PS,PS,PS,PS,PS,PS,PS,PS,PS,PS,PS,2,PS,PS,PS,PS,PS,0,PS,PS,PS,PS,PS,PS,PS,PS,PS,PS,PS,PS,PS,21,PS,PS,PS,PS,PS,PS,PS,PS,PS,PS,PS,PS,PS,PS,PS,PS,PS,1,0,PS,PS,PS,PS,PS,PS,PS,PS,PS,PS,PS,PS,PS,43799,83343,60801,111527
441937,039803,California State University-Channel Islands,Public,1,5208,Finance and Financial Management Services.,3,Bachelor's Degree,,,PS,PS,PS,PS,PS,PS,PS,PS,PS,PS,PS,PS,PS,PS,PS,PS,PS,PS,PS,PS,PS,PS,PS,PS,PS,PS,PS,PS,PS,PS,PS,PS,PS,PS,PS,PS,PS,PS,PS,PS,PS,PS,PS,PS,PS,PS,PS,PS,PS,PS,PS,PS,PS,PS,PS,PS,PS,PS,PS,PS,PS,PS,PS,PS,PS,PS,PS,PS,PS,PS,PS,PS,PS,PS,PS,PS,PS,PS,PS,PS,PS,PS,PS,PS,PS,PS,PS,PS,PS,PS,PS,PS,PS,PS,PS,PS,PS,PS,PS,PS,PS,PS,PS,PS,PS,PS,PS,PS,PS,PS,0,PS,PS,PS,PS,PS,PS,PS,PS,PS,PS,PS,PS,PS,PS,PS,PS,PS,PS,PS,PS,PS,PS,PS,PS,PS,PS,PS,PS,PS,PS,PS,PS,PS,PS,PS,PS,PS,0,PS,PS,PS,PS,PS,PS,PS,PS,PS,PS,PS,PS,PS,PS,43799,83343,60801,111527
442569,041223,University of Arkansas Grantham,Public,1,5208,Finance and Financial Management Services.,3,Bachelor's Degree,9,10,PS,PS,PS,PS,PS,PS,PS,PS,PS,PS,PS,PS,PS,PS,PS,PS,PS,PS,PS,PS,PS,PS,PS,PS,PS,PS,PS,PS,PS,PS,PS,PS,PS,PS,PS,PS,PS,PS,PS,PS,PS,PS,PS,PS,PS,PS,PS,PS,PS,PS,PS,PS,PS,PS,PS,PS,PS,PS,PS,PS,PS,PS,PS,PS,PS,PS,PS,PS,PS,PS,PS,PS,PS,PS,PS,PS,PS,PS,PS,PS,PS,PS,PS,PS,PS,PS,PS,PS,PS,PS,PS,PS,PS,PS,PS,PS,PS,PS,PS,PS,PS,PS,PS,PS,PS,PS,PS,PS,PS,PS,0,PS,PS,PS,PS,PS,1,PS,PS,PS,PS,PS,PS,PS,PS,PS,PS,PS,PS,PS,PS,PS,PS,PS,PS,PS,PS,PS,PS,PS,PS,PS,PS,PS,PS,PS,PS,PS,3,1,PS,PS,PS,PS,PS,PS,PS,PS,PS,PS,PS,PS,PS,43799,83343,60801,111527
446048,039413,Ave Maria University,"Private, nonprofit",1,5208,Finance and Financial Management Services.,3,Bachelor's Degree,4,11,PS,PS,PS,PS,PS,PS,PS,PS,PS,PS,PS,PS,PS,PS,PS,PS,PS,PS,PS,PS,PS,PS,PS,PS,PS,PS,PS,PS,PS,PS,PS,PS,PS,PS,PS,PS,PS,PS,PS,PS,PS,PS,PS,PS,PS,PS,PS,PS,PS,PS,PS,PS,PS,PS,PS,PS,PS,PS,PS,PS,PS,PS,PS,PS,1,PS,PS,PS,PS,PS,PS,PS,PS,PS,PS,PS,PS,PS,PS,PS,PS,PS,PS,PS,PS,PS,PS,PS,PS,PS,PS,PS,PS,PS,PS,PS,PS,PS,PS,PS,PS,PS,PS,PS,PS,PS,PS,PS,PS,PS,0,PS,PS,PS,PS,PS,1,PS,PS,PS,PS,PS,PS,PS,PS,PS,PS,PS,PS,PS,PS,PS,PS,PS,PS,PS,PS,PS,PS,PS,PS,PS,PS,PS,PS,PS,PS,PS,1,0,PS,PS,PS,PS,PS,PS,PS,PS,PS,PS,PS,PS,PS,43799,83343,60801,111527
448673,008694,Rasmussen University-Illinois,"Private, for-profit",0,5208,Finance and Financial Management Services.,3,Bachelor's Degree,0,0,45,32694,31000,39,24916,24433,PS,PS,PS,PS,PS,PS,PS,29989,29933,PS,23491,PS,PS,PS,PS,PS,PS,PS,PS,34670,34956,PS,25907,PS,PS,PS,PS,PS,PS,PS,29,34058,PS,26,24755,PS,PS,PS,PS,PS,PS,PS,16,30220,PS,13,25236,PS,PS,PS,PS,PS,PS,PS,PS,PS,329,259,2,35,38,48056,0,34,35,52107,42,PS,PS,0.20 - 0.39,PS,PS,0.20 - 0.39,PS,PS,46,PS,PS,PS,PS,0.20 - 0.39,0.20 - 0.39,PS,PS,PS,PS,PS,PS,17,49180,22,46593,35,59028,33,31,26,59525,PS,PS,PS,PS,24,58429,4,39,47744,33,PS,PS,0,45,70838,PS,27,61943,PS,PS,PS,PS,23,60842,PS,PS,39,PS,PS,0.60 - 0.79,PS,PS,PS,PS,PS,46,PS,PS,0.40 - 0.59,PS,PS,PS,PS,PS,1,0,32,64173,30,PS,PS,PS,PS,PS,PS,PS,PS,PS,PS,43799,83343,60801,111527
450571,008694,Rasmussen University-Wisconsin,"Private, for-profit",0,5208,Finance and Financial Management Services.,3,Bachelor's Degree,0,0,45,32694,31000,39,24916,24433,PS,PS,PS,PS,PS,PS,PS,29989,29933,PS,23491,PS,PS,PS,PS,PS,PS,PS,PS,34670,34956,PS,25907,PS,PS,PS,PS,PS,PS,PS,29,34058,PS,26,24755,PS,PS,PS,PS,PS,PS,PS,16,30220,PS,13,25236,PS,PS,PS,PS,PS,PS,PS,PS,PS,329,259,2,35,38,48056,0,34,35,52107,42,PS,PS,0.20 - 0.39,PS,PS,0.20 - 0.39,PS,PS,46,PS,PS,PS,PS,0.20 - 0.39,0.20 - 0.39,PS,PS,PS,PS,PS,PS,17,49180,22,46593,35,59028,33,31,26,59525,PS,PS,PS,PS,24,58429,4,39,47744,33,PS,PS,0,45,70838,PS,27,61943,PS,PS,PS,PS,23,60842,PS,PS,39,PS,PS,0.60 - 0.79,PS,PS,PS,PS,PS,46,PS,PS,0.40 - 0.59,PS,PS,PS,PS,PS,2,0,32,64173,30,PS,PS,PS,PS,PS,PS,PS,PS,PS,PS,43799,83343,60801,111527
454184,040953,The King's College,"Private, nonprofit",1,5208,Finance and Financial Management Services.,3,Bachelor's Degree,8,,PS,PS,PS,PS,PS,PS,PS,PS,PS,PS,PS,PS,PS,PS,PS,PS,PS,PS,PS,PS,PS,PS,PS,PS,PS,PS,PS,PS,PS,PS,PS,PS,PS,PS,PS,PS,PS,PS,PS,PS,PS,PS,PS,PS,PS,PS,PS,PS,PS,PS,PS,PS,PS,PS,PS,PS,PS,PS,PS,PS,PS,PS,PS,PS,1,PS,PS,PS,PS,PS,PS,PS,PS,PS,PS,PS,PS,PS,PS,PS,PS,PS,PS,PS,PS,PS,PS,PS,PS,PS,PS,PS,PS,PS,PS,PS,PS,PS,PS,PS,PS,PS,PS,PS,PS,PS,PS,PS,PS,PS,0,PS,PS,PS,PS,PS,PS,PS,PS,PS,PS,PS,PS,PS,PS,PS,PS,PS,PS,PS,PS,PS,PS,PS,PS,PS,PS,PS,PS,PS,PS,PS,PS,PS,PS,PS,PS,PS,0,PS,PS,PS,PS,PS,PS,PS,PS,PS,PS,PS,PS,PS,PS,43799,83343,60801,111527
454582,001937,Ottawa University-Online,"Private, nonprofit",0,5208,Finance and Financial Management Services.,3,Bachelor's Degree,1,1,PS,PS,PS,PS,PS,PS,PS,PS,PS,PS,PS,PS,PS,PS,PS,PS,PS,PS,PS,PS,PS,PS,PS,PS,PS,PS,PS,PS,PS,PS,PS,PS,PS,PS,PS,PS,PS,PS,PS,PS,PS,PS,PS,PS,PS,PS,PS,PS,PS,PS,PS,PS,PS,PS,PS,PS,PS,PS,PS,PS,PS,PS,PS,PS,0,PS,PS,PS,PS,PS,PS,PS,PS,PS,PS,PS,PS,PS,PS,PS,PS,PS,PS,PS,PS,PS,PS,PS,PS,PS,PS,PS,PS,PS,PS,PS,PS,PS,PS,PS,PS,PS,PS,PS,PS,PS,PS,PS,PS,PS,3,PS,PS,PS,PS,PS,PS,PS,PS,PS,PS,PS,PS,PS,PS,PS,PS,PS,PS,PS,PS,PS,PS,PS,PS,PS,PS,PS,PS,PS,PS,PS,PS,PS,PS,PS,PS,PS,3,PS,PS,PS,PS,PS,PS,PS,PS,PS,PS,PS,PS,PS,PS,43799,83343,60801,111527
459949,042485,Texas A&M University-San Antonio,Public,1,5208,Finance and Financial Management Services.,3,Bachelor's Degree,37,27,53,26280,23776,46,21410,20114,PS,PS,PS,PS,PS,PS,31,24720,20260,26,21103,19909,PS,PS,PS,PS,PS,PS,22,28479,24625,20,21810,21114,PS,PS,PS,PS,PS,PS,PS,PS,PS,PS,PS,PS,PS,PS,PS,PS,PS,PS,PS,PS,PS,PS,PS,PS,PS,PS,PS,PS,PS,PS,PS,PS,252,213,1,22,23,43381,PS,PS,PS,PS,17,PS,PS,PS,PS,PS,PS,PS,PS,PS,PS,PS,PS,PS,PS,PS,PS,PS,PS,PS,PS,PS,26,46131,24,51397,PS,PS,PS,PS,PS,PS,PS,PS,PS,PS,PS,PS,5,50,50867,42,PS,49,PS,56,64417,PS,PS,PS,PS,PS,PS,PS,PS,PS,PS,PS,44,PS,PS,0.60 - 0.79,PS,PS,PS,PS,PS,PS,PS,PS,PS,PS,PS,PS,PS,PS,1,PS,PS,PS,PS,PS,PS,PS,PS,PS,PS,PS,PS,PS,PS,43799,83343,60801,111527
460349,003404,Johnson & Wales University-Online,"Private, nonprofit",0,5208,Finance and Financial Management Services.,3,Bachelor's Degree,0,2,38,PS,27000,38,PS,27000,13,42628,PS,10,54395,PS,PS,PS,PS,PS,PS,PS,PS,PS,PS,PS,PS,PS,PS,PS,PS,PS,PS,PS,PS,PS,PS,PS,PS,PS,19,PS,30750,19,PS,27000,PS,PS,PS,PS,PS,PS,19,PS,26100,19,PS,25500,PS,PS,PS,PS,PS,PS,PS,PS,286,286,2,PS,17,57354,0,17,20,56641,24,PS,PS,PS,PS,PS,PS,PS,PS,16,PS,PS,PS,PS,PS,PS,PS,PS,PS,PS,PS,PS,PS,PS,PS,PS,22,59213,19,17,PS,PS,PS,PS,PS,PS,PS,PS,1,30,53555,23,PS,PS,0,25,73152,PS,PS,PS,PS,PS,PS,PS,PS,PS,PS,PS,27,PS,PS,0.40 - 0.59,PS,PS,PS,PS,PS,17,PS,PS,PS,PS,PS,PS,PS,PS,3,0,22,55940,17,PS,PS,PS,PS,PS,PS,PS,PS,PS,PS,43799,83343,60801,111527
463056,001417,University of Connecticut-Hartford Campus,Public,0,5208,Finance and Financial Management Services.,3,Bachelor's Degree,1,1,217,18923,20399,207,18679,19500,71,51739,33500,66,53380,36502,165,19087,20500,159,18793,19500,54,51011,PS,52,50858,PS,52,18403,19500,48,18299,19500,17,54051,PS,14,62748,PS,83,18890,18995,79,18735,18500,24,28931,20304,20,30923,25583,134,18943,20504,128,18644,20500,47,63385,43051,46,63144,43902,398,434,216,207,11,203,218,63392,6,181,193,62818,179,<=0.10,<=0.10,<=0.10,<=0.10,<=0.10,0.60 - 0.69,0.20 - 0.29,<=0.10,181,<=0.10,<=0.10,<=0.10,<=0.10,<=0.10,0.40 - 0.49,0.30 - 0.39,<=0.10,94,61180,118,69308,155,66681,55,70691,187,73884,179,173,72,69728,116,75577,120,72049,66,76227,11,213,67009,192,PS,147,5,220,102286,PS,72,82818,114,90814,123,85631,62,89190,PS,109,212,<=0.05,<=0.05,0.40 - 0.44,0.05 - 0.09,<=0.05,0.20 - 0.24,0.15 - 0.19,<=0.05,181,<=0.10,<=0.10,0.30 - 0.39,<=0.10,<=0.10,0.20 - 0.29,0.40 - 0.49,<=0.10,1,11,173,104878,160,69,94956,104,110631,115,106354,59,101467,PS,99,43799,83343,60801,111527
476975,042087,Colorado State University Global,Public,1,5208,Finance and Financial Management Services.,3,Bachelor's Degree,30,43,PS,PS,PS,PS,PS,PS,PS,PS,PS,PS,PS,PS,PS,PS,PS,PS,PS,PS,PS,PS,PS,PS,PS,PS,PS,PS,PS,PS,PS,PS,PS,PS,PS,PS,PS,PS,PS,PS,PS,PS,PS,PS,PS,PS,PS,PS,PS,PS,PS,PS,PS,PS,PS,PS,PS,PS,PS,PS,PS,PS,PS,PS,PS,PS,PS,PS,PS,PS,PS,PS,PS,PS,PS,PS,PS,PS,PS,PS,PS,PS,PS,PS,PS,PS,PS,PS,PS,PS,PS,PS,,,,,,,,,PS,PS,PS,PS,PS,PS,PS,PS,PS,PS,PS,PS,,,,,,,PS,PS,PS,PS,PS,PS,PS,PS,PS,PS,PS,PS,PS,PS,PS,PS,PS,PS,PS,PS,PS,PS,PS,PS,PS,PS,PS,PS,PS,PS,PS,PS,3,,,,,,,,,,,,,,,43799,83343,60801,111527
479956,003329,Pennsylvania State University-World Campus,Public,0,5208,Finance and Financial Management Services.,3,Bachelor's Degree,89,75,581,23535,25375,569,22517,25000,151,54667,38982,136,58722,47633,434,23481,25452,423,22726,25000,122,52402,36786,108,56798,42350,147,23694,25000,146,21910,23233,29,64197,66452,28,66142,66975,228,26497,27000,220,24348,25389,61,43375,30599,51,49210,38982,353,21622,24950,349,21363,24250,90,62321,47633,85,64428,51000,464,566,269,265,20,456,484,61200,14,369,386,65013,448,<=0.05,<=0.05,0.10 - 0.14,<=0.05,0.10 - 0.14,0.55 - 0.59,0.15 - 0.19,<=0.05,387,<=0.05,<=0.05,0.05 - 0.09,<=0.05,0.05 - 0.09,0.50 - 0.54,0.25 - 0.29,<=0.05,224,64897,347,70582,423,68756,148,68089,417,77166,378,363,161,67607,256,81356,303,77370,113,76546,18,571,68552,519,54,309,14,513,96714,381,150,82992,251,92303,295,90636,108,89330,37,171,488,<=0.05,<=0.05,0.50 - 0.54,<=0.05,0.10 - 0.14,0.20 - 0.24,0.10 - 0.14,<=0.05,387,<=0.05,<=0.05,0.40 - 0.44,<=0.05,<=0.05,0.20 - 0.24,0.30 - 0.34,<=0.05,2,18,393,105563,377,151,100601,241,107753,288,105525,105,105880,41,180,43799,83343,60801,111527
480657,008694,Rasmussen University-Kansas,"Private, for-profit",0,5208,Finance and Financial Management Services.,3,Bachelor's Degree,0,0,45,32694,31000,39,24916,24433,PS,PS,PS,PS,PS,PS,PS,29989,29933,PS,23491,PS,PS,PS,PS,PS,PS,PS,PS,34670,34956,PS,25907,PS,PS,PS,PS,PS,PS,PS,29,34058,PS,26,24755,PS,PS,PS,PS,PS,PS,PS,16,30220,PS,13,25236,PS,PS,PS,PS,PS,PS,PS,PS,PS,329,259,2,35,38,48056,0,34,35,52107,42,PS,PS,0.20 - 0.39,PS,PS,0.20 - 0.39,PS,PS,46,PS,PS,PS,PS,0.20 - 0.39,0.20 - 0.39,PS,PS,PS,PS,PS,PS,17,49180,22,46593,35,59028,33,31,26,59525,PS,PS,PS,PS,24,58429,4,39,47744,33,PS,PS,0,45,70838,PS,27,61943,PS,PS,PS,PS,23,60842,PS,PS,39,PS,PS,0.60 - 0.79,PS,PS,PS,PS,PS,46,PS,PS,0.40 - 0.59,PS,PS,PS,PS,PS,2,0,32,64173,30,PS,PS,PS,PS,PS,PS,PS,PS,PS,PS,43799,83343,60801,111527
482149,001579,Augusta University,Public,1,5208,Finance and Financial Management Services.,3,Bachelor's Degree,1,0,PS,PS,PS,PS,PS,PS,PS,PS,PS,PS,PS,PS,PS,PS,PS,PS,PS,PS,PS,PS,PS,PS,PS,PS,PS,PS,PS,PS,PS,PS,PS,PS,PS,PS,PS,PS,PS,PS,PS,PS,PS,PS,PS,PS,PS,PS,PS,PS,PS,PS,PS,PS,PS,PS,PS,PS,PS,PS,PS,PS,PS,PS,PS,PS,0,PS,18,33697,2,20,23,36848,16,PS,PS,PS,PS,PS,PS,PS,PS,25,PS,PS,PS,PS,PS,PS,PS,PS,PS,PS,PS,PS,PS,PS,PS,PS,27,37533,24,21,23,36174,PS,PS,PS,PS,PS,PS,0,PS,PS,PS,PS,PS,2,PS,PS,PS,18,37476,PS,PS,PS,PS,PS,PS,PS,PS,PS,PS,PS,PS,PS,PS,PS,PS,PS,25,PS,PS,PS,PS,PS,PS,PS,PS,1,3,20,52092,PS,PS,PS,PS,PS,PS,PS,PS,PS,PS,PS,43799,83343,60801,111527
482680,001585,University of North Georgia,Public,1,5208,Finance and Financial Management Services.,3,Bachelor's Degree,70,80,58,19293,16650,54,17731,16650,PS,PS,PS,PS,PS,PS,45,18818,PS,41,17556,PS,PS,PS,PS,PS,PS,PS,13,PS,PS,13,PS,PS,PS,PS,PS,PS,PS,PS,38,21530,18048,35,19520,17250,PS,PS,PS,PS,PS,PS,20,15041,15520,19,14436,14290,PS,PS,PS,PS,PS,PS,PS,PS,177,177,0,63,67,42797,0,37,40,44747,50,PS,PS,0.20 - 0.39,PS,PS,0.40 - 0.59,PS,PS,44,PS,PS,0.20 - 0.39,PS,PS,0.20 - 0.39,PS,PS,46,51004,22,52053,49,50285,19,53365,47,52642,41,38,28,58396,PS,PS,30,54762,17,47606,1,67,51044,59,PS,62,5,59,67554,PS,27,57008,17,66295,25,68297,20,51180,PS,37,42,PS,PS,0.40 - 0.59,PS,PS,PS,PS,PS,44,PS,PS,0.40 - 0.59,PS,PS,PS,0.20 - 0.39,PS,1,2,46,75740,42,28,74619,17,80342,28,86689,17,55157,PS,36,43799,83343,60801,111527
482705,002199,Northeastern University Professional Programs,"Private, nonprofit",0,5208,Finance and Financial Management Services.,3,Bachelor's Degree,64,52,23,PS,38115,23,PS,24375,PS,PS,PS,PS,PS,PS,PS,PS,PS,PS,PS,PS,PS,PS,PS,PS,PS,PS,PS,PS,PS,PS,PS,PS,PS,PS,PS,PS,PS,PS,PS,PS,PS,PS,PS,PS,PS,PS,PS,PS,PS,PS,PS,PS,PS,PS,PS,PS,PS,PS,PS,PS,PS,PS,PS,PS,404,258,6,33,37,52540,1,28,29,53358,47,PS,PS,PS,PS,0.20 - 0.39,0.20 - 0.39,PS,PS,35,PS,PS,PS,PS,PS,0.20 - 0.39,PS,PS,PS,PS,PS,PS,PS,PS,PS,PS,26,61750,26,24,21,64605,PS,PS,PS,PS,PS,PS,3,PS,PS,PS,PS,PS,3,43,83023,PS,22,74535,PS,PS,PS,PS,PS,PS,PS,17,33,PS,PS,0.40 - 0.59,PS,PS,PS,PS,PS,35,PS,PS,0.60 - 0.79,PS,PS,PS,PS,PS,2,1,30,88905,27,PS,PS,PS,PS,PS,PS,PS,PS,PS,18,43799,83343,60801,111527
483036,042295,Texas A&M University-Central Texas,Public,1,5208,Finance and Financial Management Services.,3,Bachelor's Degree,9,9,15,29117,PS,13,22001,PS,PS,PS,PS,PS,PS,PS,PS,PS,PS,PS,PS,PS,PS,PS,PS,PS,PS,PS,PS,PS,PS,PS,PS,PS,PS,PS,PS,PS,PS,PS,PS,PS,PS,PS,PS,PS,PS,PS,PS,PS,PS,PS,PS,PS,PS,PS,PS,PS,PS,PS,PS,PS,PS,PS,PS,PS,PS,PS,0,PS,PS,PS,PS,PS,PS,PS,PS,PS,PS,PS,PS,PS,PS,PS,PS,PS,PS,PS,PS,PS,PS,PS,PS,PS,PS,PS,PS,PS,PS,PS,PS,PS,PS,PS,PS,PS,PS,PS,PS,PS,PS,PS,PS,PS,0,PS,PS,PS,PS,PS,0,PS,PS,PS,PS,PS,PS,PS,PS,PS,PS,PS,PS,PS,10,PS,PS,PS,PS,PS,PS,PS,PS,PS,PS,PS,PS,PS,PS,PS,PS,PS,3,0,PS,PS,PS,PS,PS,PS,PS,PS,PS,PS,PS,PS,PS,43799,83343,60801,111527
484613,020988,University of Phoenix-Arizona,"Private, for-profit",1,5208,Finance and Financial Management Services.,3,Bachelor's Degree,7,1,57,44524,48469,55,42357,44801,PS,PS,PS,PS,PS,PS,22,39959,41979,20,41691,43437,PS,PS,PS,PS,PS,PS,35,PS,50135,35,PS,45376,PS,PS,PS,PS,PS,PS,PS,PS,PS,PS,PS,PS,PS,PS,PS,PS,PS,PS,PS,PS,PS,PS,PS,PS,PS,PS,PS,PS,PS,PS,PS,PS,514,475,14,197,218,55381,28,519,575,49306,351,<=0.05,<=0.05,0.30 - 0.34,0.05 - 0.09,0.35 - 0.39,0.10 - 0.14,<=0.05,<=0.05,564,0.03 - 0.04,<=0.02,0.33 - 0.34,0.07 - 0.08,0.33 - 0.34,0.15 - 0.16,0.05 - 0.06,<=0.02,PS,PS,PS,PS,19,82894,21,62235,613,53312,553,499,501,49970,113,74545,289,57057,324,51662,3,40,70963,35,PS,PS,39,117,80134,500,489,55420,116,84210,285,64265,320,56195,49,36,87,<=0.20,<=0.20,0.60 - 0.79,<=0.20,0.20 - 0.39,<=0.20,<=0.20,<=0.20,564,0.03 - 0.04,<=0.02,0.61 - 0.62,0.03 - 0.04,0.17 - 0.18,0.05 - 0.06,0.05 - 0.06,<=0.02,3,44,615,67238,531,495,63021,118,95537,285,74052,329,65134,61,76,43799,83343,60801,111527
484631,020988,University of Phoenix-California,"Private, for-profit",0,5208,Finance and Financial Management Services.,3,Bachelor's Degree,0,,57,44524,48469,55,42357,44801,PS,PS,PS,PS,PS,PS,22,39959,41979,20,41691,43437,PS,PS,PS,PS,PS,PS,35,PS,50135,35,PS,45376,PS,PS,PS,PS,PS,PS,PS,PS,PS,PS,PS,PS,PS,PS,PS,PS,PS,PS,PS,PS,PS,PS,PS,PS,PS,PS,PS,PS,PS,PS,PS,PS,514,475,14,197,218,55381,28,519,575,49306,351,<=0.05,<=0.05,0.30 - 0.34,0.05 - 0.09,0.35 - 0.39,0.10 - 0.14,<=0.05,<=0.05,564,0.03 - 0.04,<=0.02,0.33 - 0.34,0.07 - 0.08,0.33 - 0.34,0.15 - 0.16,0.05 - 0.06,<=0.02,PS,PS,PS,PS,19,82894,21,62235,613,53312,553,499,501,49970,113,74545,289,57057,324,51662,3,40,70963,35,PS,PS,39,117,80134,500,489,55420,116,84210,285,64265,320,56195,49,36,87,<=0.20,<=0.20,0.60 - 0.79,<=0.20,0.20 - 0.39,<=0.20,<=0.20,<=0.20,564,0.03 - 0.04,<=0.02,0.61 - 0.62,0.03 - 0.04,0.17 - 0.18,0.05 - 0.06,0.05 - 0.06,<=0.02,0,44,615,67238,531,495,63021,118,95537,285,74052,329,65134,61,76,43799,83343,60801,111527
484710,020988,University of Phoenix-Nevada,"Private, for-profit",0,5208,Finance and Financial Management Services.,3,Bachelor's Degree,0,,57,44524,48469,55,42357,44801,PS,PS,PS,PS,PS,PS,22,39959,41979,20,41691,43437,PS,PS,PS,PS,PS,PS,35,PS,50135,35,PS,45376,PS,PS,PS,PS,PS,PS,PS,PS,PS,PS,PS,PS,PS,PS,PS,PS,PS,PS,PS,PS,PS,PS,PS,PS,PS,PS,PS,PS,PS,PS,PS,PS,514,475,14,197,218,55381,28,519,575,49306,351,<=0.05,<=0.05,0.30 - 0.34,0.05 - 0.09,0.35 - 0.39,0.10 - 0.14,<=0.05,<=0.05,564,0.03 - 0.04,<=0.02,0.33 - 0.34,0.07 - 0.08,0.33 - 0.34,0.15 - 0.16,0.05 - 0.06,<=0.02,PS,PS,PS,PS,19,82894,21,62235,613,53312,553,499,501,49970,113,74545,289,57057,324,51662,3,40,70963,35,PS,PS,39,117,80134,500,489,55420,116,84210,285,64265,320,56195,49,36,87,<=0.20,<=0.20,0.60 - 0.79,<=0.20,0.20 - 0.39,<=0.20,<=0.20,<=0.20,564,0.03 - 0.04,<=0.02,0.61 - 0.62,0.03 - 0.04,0.17 - 0.18,0.05 - 0.06,0.05 - 0.06,<=0.02,0,44,615,67238,531,495,63021,118,95537,285,74052,329,65134,61,76,43799,83343,60801,111527
484905,042421,University of North Texas at Dallas,Public,1,5208,Finance and Financial Management Services.,3,Bachelor's Degree,36,34,PS,PS,PS,PS,PS,PS,PS,PS,PS,PS,PS,PS,PS,PS,PS,PS,PS,PS,PS,PS,PS,PS,PS,PS,PS,PS,PS,PS,PS,PS,PS,PS,PS,PS,PS,PS,PS,PS,PS,PS,PS,PS,PS,PS,PS,PS,PS,PS,PS,PS,PS,PS,PS,PS,PS,PS,PS,PS,PS,PS,PS,PS,PS,PS,PS,PS,PS,PS,PS,PS,PS,PS,PS,PS,PS,PS,PS,PS,PS,PS,PS,PS,PS,PS,PS,PS,PS,PS,PS,PS,PS,PS,PS,PS,PS,PS,PS,PS,PS,PS,PS,PS,PS,PS,PS,PS,PS,PS,PS,PS,PS,PS,PS,PS,PS,PS,PS,PS,PS,PS,PS,PS,PS,PS,PS,PS,PS,PS,PS,PS,PS,PS,PS,PS,PS,PS,PS,PS,PS,PS,PS,PS,PS,PS,PS,PS,PS,PS,1,PS,PS,PS,PS,PS,PS,PS,PS,PS,PS,PS,PS,PS,PS,43799,83343,60801,111527
486840,001577,Kennesaw State University,Public,1,5208,Finance and Financial Management Services.,3,Bachelor's Degree,168,189,185,24673,25000,177,23394,24355,30,24861,15574,23,28102,19933,129,23833,25000,124,22539,23593,PS,PS,PS,PS,PS,PS,56,26608,26000,53,25394,25000,PS,PS,PS,PS,PS,PS,109,26699,27000,105,25292,26300,14,22497,PS,11,24586,PS,76,21767,23593,72,20627,21156,16,26929,PS,12,31326,PS,185,237,265,258,5,173,198,49005,4,147,167,47611,159,<=0.10,<=0.10,0.10 - 0.19,<=0.10,0.20 - 0.29,0.30 - 0.39,<=0.10,<=0.10,157,<=0.10,<=0.10,0.30 - 0.39,<=0.10,0.10 - 0.19,0.30 - 0.39,0.10 - 0.19,<=0.10,139,53569,78,58084,155,53999,63,54731,160,52296,149,138,121,50274,39,64696,106,57356,55,44920,5,218,54428,186,PS,195,9,222,81002,122,111,60392,36,73063,98,68037,49,55409,PS,128,163,<=0.10,<=0.10,0.60 - 0.69,<=0.10,0.10 - 0.19,0.10 - 0.19,<=0.10,<=0.10,157,<=0.10,<=0.10,0.50 - 0.59,<=0.10,<=0.10,0.10 - 0.19,0.10 - 0.19,<=0.10,1,6,154,74005,139,117,70373,37,89852,103,77628,51,62039,PS,132,43799,83343,60801,111527
487524,002043,Husson University,"Private, nonprofit",1,5208,Finance and Financial Management Services.,3,Bachelor's Degree,11,13,PS,PS,PS,PS,PS,PS,PS,PS,PS,PS,PS,PS,PS,PS,PS,PS,PS,PS,PS,PS,PS,PS,PS,PS,PS,PS,PS,PS,PS,PS,PS,PS,PS,PS,PS,PS,PS,PS,PS,PS,PS,PS,PS,PS,PS,PS,PS,PS,PS,PS,PS,PS,PS,PS,PS,PS,PS,PS,PS,PS,PS,PS,PS,PS,0,PS,PS,PS,PS,PS,PS,PS,PS,PS,PS,PS,PS,PS,PS,PS,PS,PS,PS,PS,PS,PS,PS,PS,PS,PS,PS,PS,PS,PS,PS,PS,PS,PS,PS,PS,PS,PS,PS,PS,PS,PS,PS,PS,PS,PS,0,PS,PS,PS,PS,PS,1,PS,PS,PS,PS,PS,PS,PS,PS,PS,PS,PS,PS,PS,PS,PS,PS,PS,PS,PS,PS,PS,PS,PS,PS,PS,PS,PS,PS,PS,PS,PS,2,0,PS,PS,PS,PS,PS,PS,PS,PS,PS,PS,PS,PS,PS,43799,83343,60801,111527
488679,001822,Indiana Wesleyan University-National & Global,"Private, nonprofit",0,5208,Finance and Financial Management Services.,3,Bachelor's Degree,4,,29,26369,26628,27,25174,25000,PS,PS,PS,PS,PS,PS,PS,25418,PS,PS,24487,PS,PS,PS,PS,PS,PS,PS,PS,PS,PS,PS,PS,PS,PS,PS,PS,PS,PS,PS,14,30982,PS,12,31350,PS,PS,PS,PS,PS,PS,PS,15,PS,PS,15,PS,PS,PS,PS,PS,PS,PS,PS,PS,PS,282,265,1,PS,19,52457,0,12,12,43575,14,PS,PS,PS,PS,PS,PS,PS,PS,11,PS,PS,PS,PS,PS,PS,PS,PS,PS,PS,PS,PS,PS,PS,PS,PS,PS,PS,PS,PS,PS,PS,PS,PS,PS,PS,PS,PS,2,35,55562,27,PS,19,0,22,70007,PS,PS,PS,PS,PS,PS,PS,PS,PS,PS,PS,21,PS,PS,0.40 - 0.59,PS,PS,PS,PS,PS,11,PS,PS,PS,PS,PS,PS,PS,PS,0,0,PS,PS,PS,PS,PS,PS,PS,PS,PS,PS,PS,PS,PS,43799,83343,60801,111527
489779,004586,Purdue University Global,Public,1,5208,Finance and Financial Management Services.,3,Bachelor's Degree,61,77,31,44210,57375,27,42448,47115,PS,PS,PS,PS,PS,PS,11,39281,PS,PS,PS,PS,PS,PS,PS,PS,PS,PS,20,46921,PS,PS,PS,PS,PS,PS,PS,PS,PS,PS,PS,PS,PS,PS,PS,PS,PS,PS,PS,PS,PS,PS,PS,PS,PS,PS,PS,PS,PS,PS,PS,PS,PS,PS,PS,PS,608,499,0,PS,PS,PS,PS,PS,PS,PS,PS,PS,PS,PS,PS,PS,PS,PS,PS,PS,PS,PS,PS,PS,PS,PS,PS,PS,PS,PS,PS,PS,PS,PS,PS,PS,PS,PS,PS,PS,PS,PS,PS,PS,PS,PS,PS,PS,4,29,40918,23,PS,PS,PS,17,52507,PS,PS,PS,PS,PS,PS,PS,PS,PS,PS,PS,17,PS,PS,PS,PS,PS,PS,PS,PS,PS,PS,PS,PS,PS,PS,PS,PS,PS,3,PS,PS,PS,PS,PS,PS,PS,PS,PS,PS,PS,PS,PS,PS,43799,83343,60801,111527
490133,042496,Westcliff University,"Private, for-profit",1,5208,Finance and Financial Management Services.,3,Bachelor's Degree,0,1,,,,,,,,,,,,,,,,,,,,,,,,,,,,,,,,,,,,,,,,,,,,,,,,,,,,,,,,,,,,,,,,,,,,,,,,,,,,,,,,,,,,,,,,,,,,,,,,,,,,,,,,,,,,,,,,,,,,,,PS,PS,,,,,,,,,,,,,,,,,,,,,,,,,,,,,,3,,,,,,,,,,,,,,,PS,PS,PS,PS
490805,001827,Purdue University Northwest,Public,1,5208,Finance and Financial Management Services.,3,Bachelor's Degree,34,32,25,22459,23078,22,20688,18933,PS,PS,PS,PS,PS,PS,15,22354,PS,PS,PS,PS,PS,PS,PS,PS,PS,PS,10,22617,PS,PS,PS,PS,PS,PS,PS,PS,PS,PS,14,PS,PS,PS,PS,PS,PS,PS,PS,PS,PS,PS,11,17113,PS,PS,PS,PS,PS,PS,PS,PS,PS,PS,PS,PS,245,201,0,PS,PS,PS,PS,PS,PS,PS,PS,PS,PS,PS,PS,PS,PS,PS,PS,PS,PS,PS,PS,PS,PS,PS,PS,PS,PS,PS,PS,PS,PS,PS,PS,PS,PS,PS,PS,PS,PS,PS,PS,PS,PS,PS,PS,PS,2,24,53062,19,PS,21,PS,17,65912,PS,PS,PS,PS,PS,PS,PS,PS,PS,PS,PS,19,PS,PS,PS,PS,PS,PS,PS,PS,PS,PS,PS,PS,PS,PS,PS,PS,PS,1,PS,PS,PS,PS,PS,PS,PS,PS,PS,PS,PS,PS,PS,PS,43799,83343,60801,111527
498562,003315,Commonwealth University of Pennsylvania,Public,1,5208,Finance and Financial Management Services.,3,Bachelor's Degree,0,0,,,,,,,,,,,,,,,,,,,,,,,,,,,,,,,,,,,,,,,,,,,,,,,,,,,,,,,,,,,,,,,,,,,,,,,,,,,,,,,,,,,,,,,,,,,,,,,,,,,,,,,,,,,,,,,,,,,,,,PS,PS,,,,,,,,,,,,,,,,,,,,,,,,,,,,,,3,,,,,,,,,,,,,,,PS,PS,PS,PS
498571,003316,Pennsylvania Western University,Public,1,5208,Finance and Financial Management Services.,3,Bachelor's Degree,27,20,PS,PS,PS,PS,PS,PS,PS,PS,PS,PS,PS,PS,PS,PS,PS,PS,PS,PS,PS,PS,PS,PS,PS,PS,PS,PS,PS,PS,PS,PS,PS,PS,PS,PS,PS,PS,PS,PS,PS,PS,PS,PS,PS,PS,PS,PS,PS,PS,PS,PS,PS,PS,PS,PS,PS,PS,PS,PS,PS,PS,PS,PS,PS,PS,PS,PS,PS,PS,,,,,PS,PS,PS,PS,PS,PS,PS,PS,PS,PS,PS,PS,PS,PS,PS,PS,PS,PS,17,35888,21,45912,PS,PS,PS,PS,PS,PS,PS,PS,PS,PS,PS,PS,PS,PS,PS,PS,0,37,42091,27,PS,33,PS,49,68289,PS,PS,PS,PS,PS,PS,PS,PS,PS,PS,PS,PS,PS,PS,PS,PS,PS,PS,PS,PS,PS,PS,PS,PS,PS,PS,PS,PS,PS,2,5,39,62589,34,PS,PS,PS,PS,23,60873,16,63103,PS,33,43799,83343,60801,111527
,003687,Green Mountain College,"Private, nonprofit",1,5208,Finance and Financial Management Services.,3,Bachelor's Degree,,,PS,PS,PS,PS,PS,PS,PS,PS,PS,PS,PS,PS,PS,PS,PS,PS,PS,PS,PS,PS,PS,PS,PS,PS,PS,PS,PS,PS,PS,PS,PS,PS,PS,PS,PS,PS,PS,PS,PS,PS,PS,PS,PS,PS,PS,PS,PS,PS,PS,PS,PS,PS,PS,PS,PS,PS,PS,PS,PS,PS,PS,PS,PS,PS,0,PS,PS,PS,PS,PS,PS,PS,PS,PS,PS,PS,PS,PS,PS,PS,PS,PS,PS,PS,PS,PS,PS,PS,PS,PS,,,,,,,,,PS,PS,PS,PS,PS,PS,PS,PS,PS,PS,PS,PS,,,,,,,PS,PS,PS,PS,PS,PS,PS,PS,PS,PS,PS,PS,PS,PS,PS,PS,PS,PS,PS,PS,PS,PS,PS,PS,PS,PS,PS,PS,PS,PS,PS,PS,0,,,,,,,,,,,,,,,43799,83343,60801,111527
,006677,McGill University,Foreign,1,5208,Finance and Financial Management Services.,3,Bachelor's Degree,,,PS,PS,PS,PS,PS,PS,PS,PS,PS,PS,PS,PS,PS,PS,PS,PS,PS,PS,PS,PS,PS,PS,PS,PS,PS,PS,PS,PS,PS,PS,PS,PS,PS,PS,PS,PS,PS,PS,PS,PS,PS,PS,PS,PS,PS,PS,PS,PS,PS,PS,PS,PS,PS,PS,PS,PS,PS,PS,PS,PS,PS,PS,PS,PS,0,PS,PS,PS,PS,PS,PS,PS,PS,PS,PS,PS,PS,PS,PS,PS,PS,PS,PS,PS,PS,PS,PS,PS,PS,PS,PS,PS,PS,PS,PS,PS,PS,PS,PS,PS,PS,PS,PS,PS,PS,PS,PS,PS,PS,PS,3,PS,PS,PS,PS,PS,1,PS,PS,PS,PS,PS,PS,PS,PS,PS,PS,PS,PS,PS,PS,PS,PS,PS,PS,PS,PS,PS,PS,PS,PS,PS,PS,PS,PS,PS,PS,PS,0,0,PS,PS,PS,PS,PS,PS,PS,PS,PS,PS,PS,PS,PS,43799,83343,60801,111527
,006688,University of Toronto,Foreign,1,5208,Finance and Financial Management Services.,3,Bachelor's Degree,,,PS,PS,PS,PS,PS,PS,PS,PS,PS,PS,PS,PS,PS,PS,PS,PS,PS,PS,PS,PS,PS,PS,PS,PS,PS,PS,PS,PS,PS,PS,PS,PS,PS,PS,PS,PS,PS,PS,PS,PS,PS,PS,PS,PS,PS,PS,PS,PS,PS,PS,PS,PS,PS,PS,PS,PS,PS,PS,PS,PS,PS,PS,PS,PS,0,PS,PS,PS,PS,PS,PS,PS,PS,PS,PS,PS,PS,PS,PS,PS,PS,PS,PS,PS,PS,PS,PS,PS,PS,PS,PS,PS,PS,PS,PS,PS,PS,PS,PS,PS,PS,PS,PS,PS,PS,PS,PS,PS,PS,PS,1,PS,PS,PS,PS,PS,PS,PS,PS,PS,PS,PS,PS,PS,PS,PS,PS,PS,PS,PS,PS,PS,PS,PS,PS,PS,PS,PS,PS,PS,PS,PS,PS,PS,PS,PS,PS,PS,0,PS,PS,PS,PS,PS,PS,PS,PS,PS,PS,PS,PS,PS,PS,43799,83343,60801,111527
,006704,University College Cork,Foreign,1,5208,Finance and Financial Management Services.,3,Bachelor's Degree,,,PS,PS,PS,PS,PS,PS,PS,PS,PS,PS,PS,PS,PS,PS,PS,PS,PS,PS,PS,PS,PS,PS,PS,PS,PS,PS,PS,PS,PS,PS,PS,PS,PS,PS,PS,PS,PS,PS,PS,PS,PS,PS,PS,PS,PS,PS,PS,PS,PS,PS,PS,PS,PS,PS,PS,PS,PS,PS,PS,PS,PS,PS,PS,PS,PS,PS,PS,PS,PS,PS,PS,PS,PS,PS,PS,PS,PS,PS,PS,PS,PS,PS,PS,PS,PS,PS,PS,PS,PS,PS,PS,PS,PS,PS,PS,PS,PS,PS,PS,PS,PS,PS,PS,PS,PS,PS,PS,PS,PS,PS,0,PS,PS,PS,PS,PS,PS,PS,PS,PS,PS,PS,PS,PS,PS,PS,PS,PS,PS,PS,PS,PS,PS,PS,PS,PS,PS,PS,PS,PS,PS,PS,PS,PS,PS,PS,PS,PS,0,PS,PS,PS,PS,PS,PS,PS,PS,PS,PS,PS,PS,PS,PS,43799,83343,60801,111527
,010418,Instituto Tecnologico y de Estudios Superiores de Monterrey,Foreign,1,5208,Finance and Financial Management Services.,3,Bachelor's Degree,,,PS,PS,PS,PS,PS,PS,PS,PS,PS,PS,PS,PS,PS,PS,PS,PS,PS,PS,PS,PS,PS,PS,PS,PS,PS,PS,PS,PS,PS,PS,PS,PS,PS,PS,PS,PS,PS,PS,PS,PS,PS,PS,PS,PS,PS,PS,PS,PS,PS,PS,PS,PS,PS,PS,PS,PS,PS,PS,PS,PS,PS,PS,PS,PS,0,PS,PS,PS,PS,PS,PS,PS,PS,PS,PS,PS,PS,PS,PS,PS,PS,PS,PS,PS,PS,PS,PS,PS,PS,PS,PS,PS,PS,PS,PS,PS,PS,PS,PS,PS,PS,PS,PS,PS,PS,PS,PS,PS,PS,PS,PS,PS,PS,PS,PS,PS,0,PS,PS,PS,PS,PS,PS,PS,PS,PS,PS,PS,PS,PS,PS,PS,PS,PS,PS,PS,PS,PS,PS,PS,PS,PS,PS,PS,PS,PS,PS,PS,0,0,PS,PS,PS,PS,PS,PS,PS,PS,PS,PS,PS,PS,PS,43799,83343,60801,111527
,010594,"Richmond, The American International University in London",Foreign,1,5208,Finance and Financial Management Services.,3,Bachelor's Degree,,,PS,PS,PS,PS,PS,PS,PS,PS,PS,PS,PS,PS,PS,PS,PS,PS,PS,PS,PS,PS,PS,PS,PS,PS,PS,PS,PS,PS,PS,PS,PS,PS,PS,PS,PS,PS,PS,PS,PS,PS,PS,PS,PS,PS,PS,PS,PS,PS,PS,PS,PS,PS,PS,PS,PS,PS,PS,PS,PS,PS,PS,PS,PS,PS,0,PS,PS,PS,PS,PS,PS,PS,PS,PS,PS,PS,PS,PS,PS,PS,PS,PS,PS,PS,PS,PS,PS,PS,PS,PS,PS,PS,PS,PS,PS,PS,PS,PS,PS,PS,PS,PS,PS,PS,PS,PS,PS,PS,PS,PS,1,PS,PS,PS,PS,PS,0,PS,PS,PS,PS,PS,PS,PS,PS,PS,PS,PS,PS,PS,PS,PS,PS,PS,PS,PS,PS,PS,PS,PS,PS,PS,PS,PS,PS,PS,PS,PS,0,0,PS,PS,PS,PS,PS,PS,PS,PS,PS,PS,PS,PS,PS,43799,83343,60801,111527
,012802,Pontificia Universidad Catolica Madre y Maestra,Foreign,1,5208,Finance and Financial Management Services.,3,Bachelor's Degree,,,PS,PS,PS,PS,PS,PS,PS,PS,PS,PS,PS,PS,PS,PS,PS,PS,PS,PS,PS,PS,PS,PS,PS,PS,PS,PS,PS,PS,PS,PS,PS,PS,PS,PS,PS,PS,PS,PS,PS,PS,PS,PS,PS,PS,PS,PS,PS,PS,PS,PS,PS,PS,PS,PS,PS,PS,PS,PS,PS,PS,PS,PS,PS,PS,5,PS,PS,PS,PS,PS,PS,PS,PS,PS,PS,PS,PS,PS,PS,PS,PS,PS,PS,PS,PS,PS,PS,PS,PS,PS,PS,PS,PS,PS,PS,PS,PS,PS,PS,PS,PS,PS,PS,PS,PS,PS,PS,PS,PS,PS,0,PS,PS,PS,PS,PS,1,PS,PS,PS,PS,PS,PS,PS,PS,PS,PS,PS,PS,PS,PS,PS,PS,PS,PS,PS,PS,PS,PS,PS,PS,PS,PS,PS,PS,PS,PS,PS,0,1,PS,PS,PS,PS,PS,PS,PS,PS,PS,PS,PS,PS,PS,43799,83343,60801,111527
,021568,University of Otago,Foreign,1,5208,Finance and Financial Management Services.,3,Bachelor's Degree,,,PS,PS,PS,PS,PS,PS,PS,PS,PS,PS,PS,PS,PS,PS,PS,PS,PS,PS,PS,PS,PS,PS,PS,PS,PS,PS,PS,PS,PS,PS,PS,PS,PS,PS,PS,PS,PS,PS,PS,PS,PS,PS,PS,PS,PS,PS,PS,PS,PS,PS,PS,PS,PS,PS,PS,PS,PS,PS,PS,PS,PS,PS,PS,PS,PS,PS,PS,PS,PS,PS,PS,PS,PS,PS,PS,PS,PS,PS,PS,PS,PS,PS,PS,PS,PS,PS,PS,PS,PS,PS,PS,PS,PS,PS,PS,PS,PS,PS,PS,PS,PS,PS,PS,PS,PS,PS,PS,PS,PS,PS,0,PS,PS,PS,PS,PS,PS,PS,PS,PS,PS,PS,PS,PS,PS,PS,PS,PS,PS,PS,PS,PS,PS,PS,PS,PS,PS,PS,PS,PS,PS,PS,PS,PS,PS,PS,PS,PS,0,PS,PS,PS,PS,PS,PS,PS,PS,PS,PS,PS,PS,PS,PS,43799,83343,60801,111527
,030787,Universita Commerciale Luigi Bocconi,Foreign,1,5208,Finance and Financial Management Services.,3,Bachelor's Degree,,,PS,PS,PS,PS,PS,PS,PS,PS,PS,PS,PS,PS,PS,PS,PS,PS,PS,PS,PS,PS,PS,PS,PS,PS,PS,PS,PS,PS,PS,PS,PS,PS,PS,PS,PS,PS,PS,PS,PS,PS,PS,PS,PS,PS,PS,PS,PS,PS,PS,PS,PS,PS,PS,PS,PS,PS,PS,PS,PS,PS,PS,PS,PS,PS,PS,PS,PS,PS,PS,PS,PS,PS,PS,PS,PS,PS,PS,PS,PS,PS,PS,PS,PS,PS,PS,PS,PS,PS,PS,PS,PS,PS,PS,PS,PS,PS,PS,PS,PS,PS,PS,PS,PS,PS,PS,PS,PS,PS,PS,PS,0,PS,PS,PS,PS,PS,PS,PS,PS,PS,PS,PS,PS,PS,PS,PS,PS,PS,PS,PS,PS,PS,PS,PS,PS,PS,PS,PS,PS,PS,PS,PS,PS,PS,PS,PS,PS,PS,0,PS,PS,PS,PS,PS,PS,PS,PS,PS,PS,PS,PS,PS,PS,43799,83343,60801,111527
,033423,Glasgow Caledonian University,Foreign,1,5208,Finance and Financial Management Services.,3,Bachelor's Degree,,,PS,PS,PS,PS,PS,PS,PS,PS,PS,PS,PS,PS,PS,PS,PS,PS,PS,PS,PS,PS,PS,PS,PS,PS,PS,PS,PS,PS,PS,PS,PS,PS,PS,PS,PS,PS,PS,PS,PS,PS,PS,PS,PS,PS,PS,PS,PS,PS,PS,PS,PS,PS,PS,PS,PS,PS,PS,PS,PS,PS,PS,PS,PS,PS,PS,PS,PS,PS,,,,,PS,PS,PS,PS,PS,PS,PS,PS,PS,PS,PS,PS,PS,PS,PS,PS,PS,PS,PS,PS,PS,PS,PS,PS,PS,PS,PS,PS,PS,PS,PS,PS,PS,PS,PS,PS,PS,PS,0,PS,PS,PS,PS,PS,PS,PS,PS,PS,PS,PS,PS,PS,PS,PS,PS,PS,PS,PS,PS,PS,PS,PS,PS,PS,PS,PS,PS,PS,PS,PS,PS,PS,PS,PS,PS,PS,0,PS,PS,PS,PS,PS,PS,PS,PS,PS,PS,PS,PS,PS,PS,43799,83343,60801,111527
,036193,University of Greenwich,Foreign,1,5208,Finance and Financial Management Services.,3,Bachelor's Degree,,,,,,,,,,,,,,,,,,,,,,,,,,,,,,,,,,,,,,,,,,,,,,,,,,,,,,,,,,,,,,,,,,,,,,,,,,,,,,,,,,,,,,,,,,,,,,,,,,,,,,,,,,,,,,,,,,,,,,,,PS,PS,,,,,,,,,,,,,,,,,,,,,,,,,,,,,,0,,,,,,,,,,,,,,,43799,83343,60801,111527
